log_id,duration_sec,protocol,dest_port,packet_count,byte_count,src_bytes_ratio,failed_logins,cpu_usage_pct,ram_usage_pct,file_io_rate_mb,file_entropy_score,dns_query_rate,url_length,suspicious_keywords_count,connection_count_10m,syn_ack_ratio,privilege_escalation_flag,crypto_api_calls,ip_reputation_score,threat_label
SEC-LOG-100000,6.33,HTTP,8443,117,83389,0.648,0,28.3,44.66,2.23,3.076,5,33,0,11,0.94,0,3,0.876,Benign
SEC-LOG-100001,3.09,DNS,80,4389,737623,0.549,0,67.25,33.5,3.68,3.298,3,32,0,335,8.44,0,2,0.082,DDoS
SEC-LOG-100002,11.84,HTTPS,8080,109,5467,0.531,2,6.09,16.85,8.42,2.295,13,92,4,7,1.08,0,5,0.07,Phishing
SEC-LOG-100003,12.39,TCP,8080,111,78946,0.886,5,51.09,46.66,4.08,3.508,20,52,2,11,0.91,0,14,0.298,Malware
SEC-LOG-100004,36.77,TCP,443,135,70607,0.455,0,9.01,47.74,7.64,4.353,8,40,0,10,1.09,0,2,0.99,Benign
SEC-LOG-100005,8.92,SSH,443,129,72875,0.597,0,6.75,25.5,5.01,2.42,3,55,0,5,1.05,0,0,0.874,Benign
SEC-LOG-100006,13.19,TCP,445,120,75642,0.619,0,18.71,31.63,4.17,4.417,4,47,0,9,0.99,0,2,0.826,Benign
SEC-LOG-100007,6.17,HTTPS,8080,119,35665,0.676,0,70.31,86.67,87.32,7.725,4,23,2,2,1.08,1,98,0.256,Ransomware
SEC-LOG-100008,11.6,DNS,80,115,4998,0.504,2,13.36,48.56,1.86,3.45,14,96,2,6,0.88,0,3,0.307,Phishing
SEC-LOG-100009,19.25,HTTPS,80,117,7783,0.499,2,11.82,34.03,7.1,3.288,9,100,4,10,0.85,0,4,0.188,Phishing
SEC-LOG-100010,51.1,HTTP,80,111,81844,0.477,0,20.78,39.07,3.1,3.841,1,47,0,8,0.98,0,3,0.943,Benign
SEC-LOG-100011,3.9,TCP,53,4464,741056,0.384,0,85.62,44.53,4.87,2.544,3,49,0,373,7.64,0,3,0.144,DDoS
SEC-LOG-100012,5.54,SMB,139,114,75211,0.625,0,97.37,90.37,205.28,6.957,6,16,4,8,0.92,1,91,0.407,Ransomware
SEC-LOG-100013,9.3,UDP,21,132,77595,0.511,0,24.17,17.85,4.63,2.732,4,35,0,7,0.86,0,1,0.852,Benign
SEC-LOG-100014,1.89,UDP,443,123,77023,0.594,0,24.17,26.93,9.98,2.659,2,47,0,13,0.86,0,3,0.811,Benign
SEC-LOG-100015,11.28,DNS,8080,140,54178,0.326,1,15.8,31.73,3.88,3.706,4,31,0,11,0.92,0,1,0.82,Benign
SEC-LOG-100016,8.74,TCP,80,129,91104,0.437,0,7.74,41.48,6.03,2.466,2,36,0,4,1.1,0,1,0.919,Benign
SEC-LOG-100017,20.4,HTTPS,443,128,70202,0.864,0,71.17,49.53,1.73,3.69,33,50,2,9,1.02,0,21,0.182,Malware
SEC-LOG-100018,62.21,HTTP,4444,114,50534,0.759,5,34.39,47.51,2.9,4.288,27,41,2,8,0.88,1,23,0.339,Malware
SEC-LOG-100019,71.84,TCP,443,136,95123,0.365,0,25.23,49.3,9.86,3.717,5,22,0,9,0.93,0,3,0.944,Benign
SEC-LOG-100020,10.94,HTTP,443,124,7536,0.561,4,22.88,18.76,0.66,4.274,12,65,6,7,1.09,0,1,0.07,Phishing
SEC-LOG-100021,19.84,UDP,443,133,83144,0.37,0,24.12,17.47,3.93,3.337,10,31,0,2,1.11,0,1,0.947,Benign
SEC-LOG-100022,21.66,UDP,25,133,59060,0.358,0,5.6,35.53,4.83,3.295,1,29,0,9,1.11,0,3,0.925,Benign
SEC-LOG-100023,37.39,TCP,25,119,64201,0.62,0,26.56,35.52,5.18,2.481,7,55,0,6,0.9,0,3,0.903,Benign
SEC-LOG-100024,1.84,HTTP,53,125,68935,0.742,3,36.6,47.18,7.32,3.942,27,45,2,5,1.11,1,19,0.369,Malware
SEC-LOG-100025,35.85,TCP,445,129,95269,0.335,1,85.99,76.08,302.12,6.816,4,48,2,5,0.89,1,85,0.406,Ransomware
SEC-LOG-100026,14.34,UDP,445,125,90429,0.363,1,20.55,17.55,6.45,2.633,8,33,0,6,1.07,0,0,0.925,Benign
SEC-LOG-100027,18.86,SSH,8080,111,37896,0.69,0,43.73,47.6,1.71,3.069,22,25,2,15,0.92,0,15,0.225,Malware
SEC-LOG-100028,3.56,HTTP,22,111,72784,0.789,0,41.93,70.24,3.72,3.409,30,30,1,6,0.91,0,12,0.153,Malware
SEC-LOG-100029,8.03,TCP,443,101,26401,0.673,0,29.05,31.32,3.94,2.271,8,45,0,3,1.07,0,1,0.967,Benign
SEC-LOG-100030,14.66,HTTPS,80,111,1971,0.463,6,6.68,19.98,1.0,3.565,17,69,4,4,1.09,0,2,0.135,Phishing
SEC-LOG-100031,1.52,UDP,8080,117,69047,0.679,0,15.12,29.08,0.99,3.241,5,18,0,7,1.15,0,4,0.835,Benign
SEC-LOG-100032,33.76,DNS,80,125,90011,0.668,0,21.32,40.92,7.69,3.517,4,17,0,4,1.04,0,2,0.824,Benign
SEC-LOG-100033,2.65,TCP,8080,4489,639448,0.671,0,85.12,35.68,6.7,2.639,7,47,0,369,9.53,0,2,0.131,DDoS
SEC-LOG-100034,0.24,HTTP,53,4542,763487,0.547,0,81.22,27.58,1.27,2.483,4,37,0,354,14.64,0,4,0.187,DDoS
SEC-LOG-100035,9.62,HTTPS,445,99,34070,0.482,0,84.7,71.53,347.47,7.128,5,43,4,8,1.07,1,83,0.181,Ransomware
SEC-LOG-100036,10.86,HTTP,443,136,52870,0.676,0,15.57,44.98,4.26,2.498,7,41,0,12,1.02,0,0,0.825,Benign
SEC-LOG-100037,1.09,HTTP,80,121,59353,0.521,0,34.91,30.06,3.54,4.267,3,19,0,6,1.13,0,7,0.823,Benign
SEC-LOG-100038,4.8,HTTPS,443,123,7874,0.378,4,33.52,28.43,4.53,3.787,19,86,4,4,0.87,0,1,0.132,Phishing
SEC-LOG-100039,3.2,SSH,4444,110,74307,0.713,1,49.89,55.03,3.97,4.104,29,36,2,9,1.0,1,19,0.119,Malware
SEC-LOG-100040,6.71,DNS,22,109,31926,0.579,0,16.59,29.71,5.84,2.015,2,40,0,10,0.91,0,2,0.877,Benign
SEC-LOG-100041,38.13,HTTPS,8080,112,39334,0.917,3,66.83,47.73,8.17,3.308,28,37,1,6,0.96,1,20,0.333,Malware
SEC-LOG-100042,21.28,UDP,445,123,57795,0.618,0,31.84,24.37,4.4,4.246,6,29,0,6,1.07,0,4,0.826,Benign
SEC-LOG-100043,4.65,UDP,53,4461,977198,0.554,0,67.96,33.47,6.73,2.583,3,17,0,352,13.89,0,3,0.12,DDoS
SEC-LOG-100044,8.74,DNS,443,133,33729,0.392,0,28.17,17.64,8.36,3.069,3,16,0,5,0.92,0,2,0.914,Benign
SEC-LOG-100045,7.14,HTTP,80,117,4538,0.335,4,18.49,44.29,5.94,4.498,16,110,3,10,0.98,0,2,0.156,Phishing
SEC-LOG-100046,11.32,TCP,80,149,38565,0.323,0,11.58,31.25,4.62,3.999,5,10,0,4,1.13,0,6,0.962,Benign
SEC-LOG-100047,1.5,HTTP,4444,126,95624,0.667,0,33.5,63.96,3.98,3.548,25,30,2,7,0.95,1,17,0.219,Malware
SEC-LOG-100048,3.56,HTTPS,8080,129,85183,0.927,3,40.39,76.09,2.47,2.896,20,19,1,5,0.91,1,18,0.233,Malware
SEC-LOG-100049,14.44,HTTP,443,95,51255,0.316,0,24.47,39.43,6.56,2.801,2,34,0,10,0.92,0,1,0.951,Benign
SEC-LOG-100050,4.65,TCP,80,4447,418793,0.682,0,75.37,48.38,6.6,2.745,5,42,0,354,13.98,0,4,0.236,DDoS
SEC-LOG-100051,7.19,TCP,445,132,54170,0.513,0,89.58,87.44,201.13,7.434,4,32,4,10,1.05,0,82,0.253,Ransomware
SEC-LOG-100052,2.45,TCP,80,4468,686152,0.672,0,83.56,19.19,8.13,2.617,8,27,0,358,11.02,0,1,0.143,DDoS
SEC-LOG-100053,6.72,SMB,8080,139,38400,0.537,0,89.8,65.68,156.32,7.344,4,32,2,11,1.01,1,85,0.368,Ransomware
SEC-LOG-100054,40.78,HTTP,443,106,38042,0.812,1,64.67,49.47,6.37,3.925,29,46,1,10,0.92,1,14,0.423,Malware
SEC-LOG-100055,2.15,DNS,53,4583,1104790,0.625,0,79.2,41.82,9.36,4.368,3,28,0,306,7.39,0,5,0.234,DDoS
SEC-LOG-100056,2.01,UDP,443,118,87715,0.513,0,6.41,38.4,8.7,2.407,7,17,0,6,1.09,0,0,0.838,Benign
SEC-LOG-100057,15.49,HTTP,80,115,89510,0.309,0,31.25,25.55,1.4,3.896,3,20,0,8,0.9,0,2,0.873,Benign
SEC-LOG-100058,0.72,TCP,8080,118,86452,0.665,0,13.93,42.63,0.8,4.417,3,41,0,9,0.91,0,2,0.915,Benign
SEC-LOG-100059,4.1,HTTPS,53,143,58828,0.32,0,24.63,33.68,9.47,2.991,7,31,0,13,1.0,0,1,0.98,Benign
SEC-LOG-100060,1.33,HTTP,443,103,28075,0.511,0,22.66,18.12,4.59,2.437,6,33,0,6,0.9,0,3,0.938,Benign
SEC-LOG-100061,53.04,TCP,8080,116,69804,0.37,0,17.73,30.63,2.91,4.063,4,24,0,8,0.94,0,1,0.842,Benign
SEC-LOG-100062,2.14,HTTPS,139,110,40453,0.556,0,71.13,90.48,170.22,7.765,4,42,2,10,1.12,1,85,0.105,Ransomware
SEC-LOG-100063,10.39,HTTP,8080,115,53323,0.461,0,17.63,48.65,6.19,4.019,5,42,0,8,1.13,0,2,0.823,Benign
SEC-LOG-100064,0.97,HTTPS,443,113,75956,0.448,0,21.81,40.5,3.87,3.532,4,21,0,9,0.87,0,2,0.809,Benign
SEC-LOG-100065,7.99,SSH,4444,132,101297,0.604,1,60.38,58.79,2.29,3.27,20,43,3,3,1.02,0,18,0.413,Malware
SEC-LOG-100066,35.26,HTTPS,80,125,68517,0.428,0,10.64,36.87,3.7,2.528,4,10,0,12,1.12,0,3,0.997,Benign
SEC-LOG-100067,0.46,TCP,445,114,26653,0.48,0,98.46,62.57,236.03,7.684,4,42,1,10,1.04,1,86,0.407,Ransomware
SEC-LOG-100068,32.04,SMB,80,114,27749,0.403,0,33.08,38.73,4.44,3.724,6,43,0,5,0.96,0,1,0.814,Benign
SEC-LOG-100069,2.16,TCP,443,4424,450327,0.672,0,91.45,46.61,1.83,2.24,5,43,0,335,6.51,0,1,0.318,DDoS
SEC-LOG-100070,16.26,SMB,8080,102,64055,0.55,0,91.45,60.03,195.8,7.57,4,37,1,7,1.13,1,103,0.115,Ransomware
SEC-LOG-100071,19.17,HTTPS,443,114,30118,0.642,0,5.63,22.81,1.04,2.258,6,19,0,9,0.91,0,2,0.921,Benign
SEC-LOG-100072,1.14,UDP,8443,134,62136,0.486,0,23.44,44.13,5.19,2.296,1,16,0,8,0.87,0,1,0.925,Benign
SEC-LOG-100073,0.23,SMB,139,109,45202,0.636,0,77.94,88.11,235.8,7.061,4,60,2,7,1.0,1,73,0.452,Ransomware
SEC-LOG-100074,7.67,HTTP,80,95,7212,0.349,6,17.33,37.67,7.26,2.446,15,101,2,9,0.96,0,2,0.341,Phishing
SEC-LOG-100075,6.63,HTTPS,80,106,6417,0.41,4,17.61,46.33,9.84,3.593,17,117,2,11,0.92,0,1,0.373,Phishing
SEC-LOG-100076,9.02,HTTPS,445,126,88659,0.555,0,70.92,90.46,107.2,7.635,7,33,4,9,0.93,0,73,0.377,Ransomware
SEC-LOG-100077,12.14,DNS,443,115,56164,0.553,0,33.46,20.94,9.67,2.037,6,45,0,7,0.88,0,4,0.977,Benign
SEC-LOG-100078,3.28,SMB,8080,121,30228,0.476,0,29.49,49.59,4.19,2.119,7,41,0,9,0.89,0,2,0.825,Benign
SEC-LOG-100079,53.16,HTTP,443,111,62730,0.449,0,6.91,28.87,9.66,3.347,4,40,0,9,0.97,0,2,0.884,Benign
SEC-LOG-100080,8.7,TCP,445,116,70913,0.378,0,81.65,71.73,178.5,7.831,3,32,2,2,0.87,1,76,0.216,Ransomware
SEC-LOG-100081,13.32,HTTPS,443,109,6652,0.566,2,8.81,17.05,3.4,2.394,19,119,2,7,1.12,0,2,0.084,Phishing
SEC-LOG-100082,0.47,UDP,53,107,64885,0.465,0,25.08,22.56,6.11,4.283,4,47,0,7,1.1,0,0,0.931,Benign
SEC-LOG-100083,1.18,HTTPS,8080,126,33361,0.536,0,27.27,32.84,4.51,2.995,4,31,0,4,1.0,0,2,0.838,Benign
SEC-LOG-100084,26.55,DNS,443,124,26908,0.615,0,26.26,22.52,0.88,2.503,4,16,0,9,1.1,0,0,0.981,Benign
SEC-LOG-100085,8.58,HTTPS,80,128,87276,0.614,0,33.23,32.02,4.89,3.963,7,53,0,8,1.01,0,0,0.832,Benign
SEC-LOG-100086,11.69,HTTPS,8080,111,5291,0.479,2,23.55,18.96,1.99,3.093,14,138,4,9,1.03,0,0,0.385,Phishing
SEC-LOG-100087,6.86,HTTP,443,118,4190,0.504,2,18.45,49.32,3.83,3.13,25,131,2,5,0.89,0,1,0.208,Phishing
SEC-LOG-100088,3.07,SMB,443,110,49470,0.576,0,89.28,93.47,103.0,7.567,4,19,2,11,0.92,0,91,0.193,Ransomware
SEC-LOG-100089,3.18,HTTPS,443,106,80893,0.881,1,49.99,75.16,3.5,3.061,22,53,3,11,1.1,1,22,0.265,Malware
SEC-LOG-100090,24.47,TCP,443,125,63522,0.449,0,7.87,47.01,1.36,3.621,4,42,0,12,0.93,0,1,0.936,Benign
SEC-LOG-100091,2.63,HTTPS,443,98,2939,0.389,4,19.11,45.58,7.75,3.283,12,125,2,12,0.97,0,2,0.149,Phishing
SEC-LOG-100092,24.27,SMB,139,117,80190,0.483,0,86.35,79.56,89.62,7.388,4,35,4,7,1.01,1,91,0.479,Ransomware
SEC-LOG-100093,2.43,DNS,443,110,43483,0.842,1,52.7,73.48,8.18,2.44,30,27,2,5,1.14,1,10,0.249,Malware
SEC-LOG-100094,21.12,SMB,445,135,52373,0.388,0,72.98,81.34,108.04,6.946,4,28,4,6,1.03,0,76,0.442,Ransomware
SEC-LOG-100095,16.79,DNS,8080,110,23294,0.768,0,70.31,42.6,8.02,2.318,23,10,2,8,1.05,1,21,0.144,Malware
SEC-LOG-100096,0.72,HTTP,4444,133,87875,0.922,5,52.64,66.29,3.79,3.637,32,51,3,7,0.93,1,23,0.427,Malware
SEC-LOG-100097,9.96,DNS,53,119,73053,0.773,0,39.64,66.33,6.41,3.264,28,26,1,6,1.13,0,22,0.135,Malware
SEC-LOG-100098,43.16,FTP,443,114,27936,0.446,1,28.42,41.44,6.26,3.567,8,55,0,9,1.03,0,1,0.825,Benign
SEC-LOG-100099,14.2,HTTP,443,111,66662,0.557,0,31.81,28.62,3.48,3.156,9,12,0,8,1.02,0,4,0.823,Benign
SEC-LOG-100100,6.08,DNS,443,101,53791,0.588,0,14.98,41.42,6.66,3.594,1,44,0,9,1.0,0,2,0.986,Benign
SEC-LOG-100101,15.24,HTTPS,80,127,6999,0.42,4,19.94,35.28,3.22,2.917,13,91,3,6,0.94,0,2,0.209,Phishing
SEC-LOG-100102,56.09,DNS,22,110,42875,0.403,0,5.9,28.9,5.93,4.383,4,42,0,10,1.0,0,0,0.826,Benign
SEC-LOG-100103,20.35,SSH,3389,117,49373,0.911,0,36.51,76.51,3.71,3.175,24,36,2,9,0.88,1,18,0.311,Malware
SEC-LOG-100104,3.21,TCP,80,4531,1062640,0.685,0,89.61,39.84,9.53,2.612,7,18,0,366,14.54,0,1,0.306,DDoS
SEC-LOG-100105,0.59,HTTPS,8080,113,80596,0.33,0,11.0,23.12,8.08,3.408,0,55,0,7,1.14,0,2,0.987,Benign
SEC-LOG-100106,17.12,HTTPS,22,103,79922,0.772,1,71.76,60.43,5.03,4.332,17,31,2,8,1.12,1,16,0.217,Malware
SEC-LOG-100107,3.44,TCP,139,138,64881,0.423,0,78.56,78.94,274.26,7.197,4,34,1,7,0.89,1,83,0.439,Ransomware
SEC-LOG-100108,10.86,UDP,53,131,43609,0.52,0,21.95,48.2,9.07,4.189,6,27,0,7,1.02,0,0,0.961,Benign
SEC-LOG-100109,14.47,HTTPS,80,127,92812,0.471,0,33.27,41.43,2.48,2.844,9,39,0,11,0.95,0,2,0.958,Benign
SEC-LOG-100110,26.7,HTTP,21,133,68102,0.468,0,13.55,32.68,5.55,4.014,4,44,0,5,0.96,0,3,0.892,Benign
SEC-LOG-100111,0.24,DNS,443,128,26222,0.484,0,5.68,39.04,3.29,3.4,3,22,0,7,0.87,0,2,0.903,Benign
SEC-LOG-100112,2.46,UDP,8080,4536,930148,0.414,0,75.8,44.0,8.32,2.472,5,27,0,384,9.39,0,2,0.19,DDoS
SEC-LOG-100113,57.95,TCP,445,110,75801,0.652,0,85.24,85.76,338.13,7.053,3,18,2,4,0.95,1,86,0.135,Ransomware
SEC-LOG-100114,4.08,HTTP,443,107,7703,0.579,2,10.67,31.43,7.34,3.324,13,92,3,9,1.08,0,0,0.101,Phishing
SEC-LOG-100115,15.65,SMB,443,144,83879,0.631,0,97.84,88.15,119.02,6.958,4,45,2,5,0.96,1,75,0.304,Ransomware
SEC-LOG-100116,10.43,SMB,445,117,49760,0.437,0,90.51,63.7,184.08,6.987,5,38,4,12,0.97,0,89,0.107,Ransomware
SEC-LOG-100117,2.23,HTTPS,445,119,46766,0.451,0,28.47,33.58,6.1,2.502,3,67,0,7,0.94,0,1,0.844,Benign
SEC-LOG-100118,2.71,TCP,139,119,51499,0.459,0,83.3,72.34,126.6,6.803,2,45,1,12,0.92,1,86,0.191,Ransomware
SEC-LOG-100119,19.11,HTTPS,53,110,33200,0.651,0,71.98,55.53,1.81,4.415,20,39,1,8,0.86,0,18,0.447,Malware
SEC-LOG-100120,21.56,TCP,443,135,78358,0.694,0,82.23,92.56,329.95,7.562,8,27,2,6,0.93,0,93,0.324,Ransomware
SEC-LOG-100121,4.45,TCP,8080,121,84332,0.611,1,95.02,72.87,111.16,7.28,7,53,4,6,1.12,1,87,0.122,Ransomware
SEC-LOG-100122,6.15,UDP,22,119,63822,0.362,0,20.65,47.66,8.16,3.732,0,37,0,7,1.03,0,0,0.812,Benign
SEC-LOG-100123,6.92,TCP,443,122,65813,0.674,0,25.2,46.19,8.14,2.46,6,46,0,3,0.89,0,4,0.834,Benign
SEC-LOG-100124,9.11,HTTPS,8080,137,77246,0.675,0,11.36,16.03,4.62,2.695,7,48,0,4,0.94,0,0,0.895,Benign
SEC-LOG-100125,5.22,HTTP,8080,96,57293,0.612,0,49.95,48.38,4.68,3.281,26,45,4,9,1.07,1,20,0.405,Malware
SEC-LOG-100126,9.65,TCP,445,131,51755,0.627,0,96.82,60.29,127.8,6.834,3,44,4,11,0.85,1,92,0.362,Ransomware
SEC-LOG-100127,33.72,SMB,445,136,55334,0.417,0,97.62,88.26,215.97,7.855,4,32,1,9,1.02,1,89,0.181,Ransomware
SEC-LOG-100128,0.59,HTTP,80,122,60782,0.545,0,17.5,41.51,2.66,2.553,7,51,0,9,0.9,0,1,0.941,Benign
SEC-LOG-100129,1.58,HTTP,8080,108,61296,0.774,5,40.31,50.43,7.33,2.182,27,45,2,10,1.12,0,23,0.42,Malware
SEC-LOG-100130,10.9,TCP,443,119,33790,0.917,0,43.74,54.47,4.56,3.567,19,58,2,5,1.13,0,14,0.442,Malware
SEC-LOG-100131,11.81,TCP,53,130,50574,0.336,0,26.75,48.78,2.97,2.046,6,34,0,10,1.14,0,1,0.997,Benign
SEC-LOG-100132,41.15,TCP,443,112,49474,0.305,0,20.04,45.57,1.3,3.704,6,48,0,10,0.98,0,3,0.822,Benign
SEC-LOG-100133,11.18,TCP,21,103,29480,0.303,0,25.32,31.94,9.79,4.185,5,40,0,9,0.92,0,1,0.911,Benign
SEC-LOG-100134,4.79,UDP,443,4526,1045135,0.649,0,89.56,18.12,7.09,2.416,5,38,0,374,7.87,0,1,0.16,DDoS
SEC-LOG-100135,9.48,TCP,443,116,58224,0.699,0,10.35,32.96,8.23,3.942,6,60,0,7,0.93,0,1,0.995,Benign
SEC-LOG-100136,23.78,SSH,3389,123,35963,0.916,3,45.5,71.22,8.34,3.744,23,42,2,9,0.87,1,15,0.448,Malware
SEC-LOG-100137,13.02,HTTP,80,131,2395,0.308,6,20.15,33.38,9.75,4.279,16,100,2,6,0.96,0,2,0.136,Phishing
SEC-LOG-100138,5.41,HTTPS,21,108,59839,0.314,0,5.79,40.87,3.52,3.991,5,12,0,14,1.12,0,0,0.95,Benign
SEC-LOG-100139,2.97,HTTP,22,4579,1089109,0.336,0,75.63,18.66,6.32,3.845,7,42,0,357,6.91,0,0,0.322,DDoS
SEC-LOG-100140,0.91,UDP,53,4624,475667,0.696,0,92.08,33.54,3.56,2.188,6,40,0,342,10.57,0,6,0.339,DDoS
SEC-LOG-100141,12.25,TCP,53,121,62292,0.597,0,16.05,27.74,9.61,3.11,8,44,0,15,1.11,0,2,0.801,Benign
SEC-LOG-100142,0.31,HTTPS,8080,110,33979,0.73,1,59.8,45.23,3.21,3.19,21,27,1,10,0.98,1,14,0.278,Malware
SEC-LOG-100143,6.89,TCP,22,119,69067,0.641,0,23.32,27.75,2.49,3.94,3,43,0,8,0.98,0,3,0.929,Benign
SEC-LOG-100144,7.96,TCP,80,115,26302,0.582,0,28.86,37.08,6.08,2.884,6,44,0,8,1.06,0,2,0.964,Benign
SEC-LOG-100145,21.74,HTTP,80,115,47060,0.339,0,30.12,17.34,9.45,4.466,4,42,0,11,1.14,0,0,0.939,Benign
SEC-LOG-100146,18.38,HTTPS,443,139,3325,0.349,4,12.66,32.73,9.68,3.437,15,122,2,10,1.09,0,3,0.073,Phishing
SEC-LOG-100147,1.68,DNS,443,113,59467,0.714,0,67.9,50.35,6.2,3.284,16,29,2,4,0.94,0,20,0.313,Malware
SEC-LOG-100148,13.01,TCP,25,110,49739,0.649,0,16.15,22.31,7.86,3.083,3,47,0,5,1.05,0,0,0.986,Benign
SEC-LOG-100149,1.36,TCP,80,108,36077,0.65,0,17.11,39.58,5.79,4.132,5,37,0,12,1.03,0,2,0.843,Benign
SEC-LOG-100150,4.16,HTTP,53,4513,720988,0.64,0,83.26,27.58,9.3,3.747,4,21,0,363,14.37,0,6,0.126,DDoS
SEC-LOG-100151,18.79,HTTP,443,122,92059,0.447,0,6.21,28.52,4.36,2.417,1,48,0,10,0.88,0,0,0.867,Benign
SEC-LOG-100152,0.8,HTTP,443,112,47147,0.42,0,17.25,24.58,1.75,4.048,8,41,0,11,1.11,0,3,0.958,Benign
SEC-LOG-100153,0.56,SSH,4444,125,40711,0.832,3,51.12,55.6,5.52,3.885,27,44,2,9,1.12,0,23,0.391,Malware
SEC-LOG-100154,2.47,HTTP,8080,4452,603715,0.605,0,83.19,17.16,2.48,3.215,9,41,0,388,7.98,0,1,0.277,DDoS
SEC-LOG-100155,7.36,DNS,80,129,27720,0.357,0,24.83,16.54,8.45,2.622,4,51,0,11,1.0,0,3,0.846,Benign
SEC-LOG-100156,5.6,DNS,80,118,7218,0.44,4,30.57,34.38,7.32,4.243,18,68,3,11,0.89,0,0,0.136,Phishing
SEC-LOG-100157,18.52,TCP,445,144,66846,0.535,0,97.87,87.29,205.52,7.923,4,23,4,3,0.87,1,88,0.341,Ransomware
SEC-LOG-100158,27.3,DNS,22,114,30641,0.311,0,9.21,46.03,7.43,2.412,5,30,0,8,0.93,0,2,0.822,Benign
SEC-LOG-100159,17.11,HTTPS,443,123,4237,0.449,4,26.87,29.69,9.82,2.874,13,77,4,7,1.1,0,2,0.102,Phishing
SEC-LOG-100160,10.68,HTTP,445,123,67485,0.459,0,17.5,17.55,1.44,3.04,8,44,0,4,0.99,0,1,0.996,Benign
SEC-LOG-100161,9.8,HTTP,80,120,7990,0.614,1,21.35,22.84,4.72,3.211,17,101,2,5,0.94,0,3,0.35,Phishing
SEC-LOG-100162,14.77,HTTPS,80,127,2416,0.426,2,23.1,28.62,5.8,3.442,20,102,3,8,1.12,0,2,0.309,Phishing
SEC-LOG-100163,3.75,HTTP,22,133,28026,0.653,0,41.42,79.14,8.46,3.389,17,47,1,14,1.07,0,22,0.255,Malware
SEC-LOG-100164,25.09,TCP,443,125,75987,0.344,0,31.84,40.03,6.58,3.659,4,31,0,9,1.1,0,4,0.833,Benign
SEC-LOG-100165,52.61,HTTPS,8080,137,44375,0.31,0,87.12,62.59,299.99,7.224,3,33,2,14,1.07,1,88,0.22,Ransomware
SEC-LOG-100166,6.69,UDP,53,124,82961,0.53,0,25.64,15.74,3.7,2.361,3,54,0,7,1.13,0,1,0.946,Benign
SEC-LOG-100167,39.57,DNS,443,113,74951,0.404,0,18.93,47.45,9.06,2.225,3,39,0,10,1.06,0,1,0.824,Benign
SEC-LOG-100168,3.31,DNS,22,122,54448,0.598,0,8.12,39.86,2.48,2.767,7,23,0,5,0.86,0,1,0.907,Benign
SEC-LOG-100169,25.03,TCP,22,110,55521,0.618,0,69.24,50.13,1.56,3.413,20,25,2,13,0.98,1,12,0.448,Malware
SEC-LOG-100170,16.26,HTTP,443,86,3819,0.378,1,12.22,33.04,5.91,2.554,20,103,6,8,1.03,0,1,0.247,Phishing
SEC-LOG-100171,1.37,TCP,443,142,39492,0.308,0,23.89,49.54,4.28,2.83,9,43,0,0,1.07,0,0,0.849,Benign
SEC-LOG-100172,2.08,DNS,8080,117,27305,0.633,0,43.32,79.19,9.01,3.73,26,55,1,7,1.13,0,14,0.236,Malware
SEC-LOG-100173,4.21,UDP,53,119,33006,0.644,1,29.79,26.69,3.09,3.373,3,26,0,14,0.93,0,1,0.864,Benign
SEC-LOG-100174,15.48,DNS,443,107,1892,0.487,1,9.25,15.13,5.56,2.268,14,90,2,9,1.14,0,4,0.349,Phishing
SEC-LOG-100175,10.57,SSH,8080,122,47038,0.435,0,21.32,45.69,5.66,2.596,7,32,0,11,1.02,0,5,0.866,Benign
SEC-LOG-100176,5.35,HTTPS,80,114,4272,0.683,6,31.26,21.63,5.7,2.06,19,69,2,7,0.89,0,2,0.347,Phishing
SEC-LOG-100177,25.83,HTTP,8443,104,37492,0.698,0,19.19,43.07,8.0,3.9,8,55,0,5,0.95,0,2,0.97,Benign
SEC-LOG-100178,4.46,UDP,443,4497,572228,0.311,0,86.42,23.81,4.58,3.219,4,32,0,353,4.34,0,1,0.261,DDoS
SEC-LOG-100179,42.62,TCP,443,118,40124,0.536,0,18.49,43.2,2.04,2.732,5,26,0,5,1.0,0,4,0.936,Benign
SEC-LOG-100180,10.06,SSH,53,100,31750,0.614,0,15.06,17.88,5.73,2.678,4,31,0,6,0.86,0,0,0.842,Benign
SEC-LOG-100181,24.05,TCP,443,130,67735,0.538,0,21.83,33.67,8.32,4.454,5,43,0,8,1.07,0,3,0.998,Benign
SEC-LOG-100182,2.96,TCP,443,4487,465997,0.333,0,68.38,29.36,9.89,3.175,4,41,0,332,12.51,0,2,0.324,DDoS
SEC-LOG-100183,3.23,SMB,443,147,38711,0.5,0,94.81,61.76,175.97,7.132,5,33,4,9,0.99,1,82,0.4,Ransomware
SEC-LOG-100184,12.91,TCP,80,121,46919,0.5,0,18.68,22.2,7.68,3.128,9,16,0,6,0.92,0,4,0.994,Benign
SEC-LOG-100185,7.2,HTTP,443,104,4261,0.691,1,9.51,31.31,6.95,4.081,19,113,4,11,0.89,0,0,0.102,Phishing
SEC-LOG-100186,22.66,SMB,445,108,85759,0.418,0,79.91,64.7,297.19,7.044,6,30,4,6,1.07,1,89,0.423,Ransomware
SEC-LOG-100187,16.52,TCP,8080,125,98686,0.635,1,44.1,46.72,9.9,2.394,21,40,1,3,0.85,1,20,0.249,Malware
SEC-LOG-100188,29.71,DNS,443,123,72048,0.736,3,66.09,81.18,6.32,3.328,21,46,3,6,1.03,1,23,0.432,Malware
SEC-LOG-100189,17.94,HTTP,22,118,25827,0.475,0,21.73,24.71,5.02,3.177,8,24,0,9,0.94,0,1,0.983,Benign
SEC-LOG-100190,11.68,HTTPS,443,120,28622,0.588,0,26.66,43.37,4.41,3.866,6,23,0,8,1.07,0,0,0.908,Benign
SEC-LOG-100191,8.95,HTTPS,445,123,72940,0.439,0,97.61,64.79,120.71,7.786,2,49,2,11,1.05,1,85,0.156,Ransomware
SEC-LOG-100192,1.28,TCP,80,4498,1043989,0.367,0,76.16,19.27,1.57,2.181,4,25,0,320,5.52,0,2,0.058,DDoS
SEC-LOG-100193,12.06,HTTPS,443,96,4327,0.65,1,14.76,20.28,6.4,3.05,14,45,2,9,1.09,0,0,0.338,Phishing
SEC-LOG-100194,25.58,TCP,443,97,22474,0.63,0,14.71,31.85,6.17,2.718,3,36,0,8,1.08,0,0,0.875,Benign
SEC-LOG-100195,5.46,SMB,443,108,48655,0.563,1,17.02,21.73,3.07,4.135,4,32,0,9,1.09,0,2,0.867,Benign
SEC-LOG-100196,17.55,HTTP,80,117,7010,0.371,6,24.96,39.95,8.88,2.928,21,110,3,5,1.14,0,3,0.36,Phishing
SEC-LOG-100197,23.25,SMB,443,123,84608,0.656,0,92.29,69.29,261.82,6.822,3,48,4,11,0.95,1,80,0.134,Ransomware
SEC-LOG-100198,18.5,TCP,8080,124,56104,0.689,0,96.79,93.07,328.64,7.206,3,35,2,10,0.86,0,85,0.476,Ransomware
SEC-LOG-100199,0.36,TCP,8080,116,91012,0.679,0,71.25,83.59,193.55,6.917,5,36,4,9,0.86,1,86,0.271,Ransomware
SEC-LOG-100200,10.71,DNS,80,132,2602,0.524,2,20.55,47.47,4.37,4.497,19,120,2,5,1.14,0,2,0.344,Phishing
SEC-LOG-100201,6.4,TCP,443,127,25712,0.688,0,17.04,21.74,3.88,2.425,4,31,0,8,1.12,0,2,0.905,Benign
SEC-LOG-100202,11.83,TCP,443,123,49021,0.684,0,24.64,16.52,1.13,3.38,1,37,0,9,1.12,0,0,0.991,Benign
SEC-LOG-100203,43.43,SMB,139,102,64876,0.544,0,82.81,73.56,267.06,7.428,2,20,2,7,0.95,1,96,0.268,Ransomware
SEC-LOG-100204,16.11,HTTP,443,103,7882,0.502,1,12.07,47.73,9.57,4.397,13,99,3,2,1.0,0,4,0.344,Phishing
SEC-LOG-100205,8.06,TCP,80,136,46300,0.586,0,13.11,16.63,4.61,4.069,3,47,0,9,0.93,0,0,0.869,Benign
SEC-LOG-100206,19.03,HTTP,80,128,76920,0.532,1,5.64,40.85,9.61,4.156,3,46,0,9,1.02,0,3,0.847,Benign
SEC-LOG-100207,7.58,HTTP,443,121,7066,0.688,1,15.49,18.25,5.41,2.534,13,66,6,8,0.98,0,1,0.352,Phishing
SEC-LOG-100208,0.78,TCP,80,117,81866,0.423,0,21.96,30.27,5.63,2.494,6,22,0,10,0.86,0,5,0.953,Benign
SEC-LOG-100209,5.64,UDP,53,128,59850,0.543,0,23.81,21.08,1.11,2.826,3,24,0,3,1.15,0,2,0.853,Benign
SEC-LOG-100210,2.04,DNS,4444,135,95069,0.755,3,37.74,58.93,4.86,2.194,23,26,2,13,1.12,1,32,0.303,Malware
SEC-LOG-100211,12.67,HTTPS,443,107,3662,0.489,1,7.76,39.01,4.58,4.162,7,70,3,9,0.93,0,2,0.375,Phishing
SEC-LOG-100212,5.9,HTTP,443,120,6773,0.319,2,19.01,47.47,2.94,2.675,16,89,3,9,0.93,0,3,0.086,Phishing
SEC-LOG-100213,21.44,SMB,80,131,41048,0.336,0,6.92,27.47,6.21,3.39,6,38,0,9,0.89,0,2,0.804,Benign
SEC-LOG-100214,5.27,HTTP,443,111,7988,0.483,4,21.65,23.52,1.0,4.348,14,69,4,9,0.98,0,0,0.224,Phishing
SEC-LOG-100215,16.35,DNS,80,105,62644,0.639,0,18.49,36.45,7.04,3.282,9,59,0,7,1.06,0,3,0.979,Benign
SEC-LOG-100216,9.15,HTTP,80,122,89454,0.426,1,30.49,44.53,5.37,3.974,6,51,0,7,1.13,0,3,0.822,Benign
SEC-LOG-100217,7.91,HTTP,80,117,5235,0.376,1,21.71,42.55,3.49,2.212,8,66,4,10,1.05,0,1,0.137,Phishing
SEC-LOG-100218,4.22,HTTP,80,131,3395,0.493,4,34.33,42.67,5.16,2.216,15,119,2,5,1.06,0,0,0.095,Phishing
SEC-LOG-100219,2.97,SMB,445,131,50762,0.536,0,90.62,75.97,195.1,6.955,5,25,2,6,1.04,0,86,0.494,Ransomware
SEC-LOG-100220,16.65,DNS,80,134,3156,0.463,2,13.91,25.7,8.91,3.809,17,82,6,10,0.93,0,2,0.093,Phishing
SEC-LOG-100221,7.2,TCP,8080,124,63170,0.786,0,60.56,74.35,8.56,2.348,21,44,1,4,0.86,1,23,0.184,Malware
SEC-LOG-100222,15.7,UDP,80,127,56026,0.44,0,22.32,47.67,0.83,3.923,10,14,0,2,1.1,0,1,0.992,Benign
SEC-LOG-100223,1.31,TCP,445,113,29570,0.537,0,15.84,45.17,4.53,4.289,4,46,0,13,1.13,0,0,0.993,Benign
SEC-LOG-100224,13.31,UDP,53,112,36966,0.439,0,5.47,17.25,1.45,3.047,7,39,0,4,1.12,0,0,0.931,Benign
SEC-LOG-100225,10.26,HTTPS,443,123,87124,0.629,0,34.54,41.97,9.68,3.286,8,22,0,8,1.09,0,2,0.891,Benign
SEC-LOG-100226,3.47,UDP,443,4472,912154,0.578,0,65.86,49.11,7.04,4.238,6,43,0,324,6.72,0,1,0.174,DDoS
SEC-LOG-100227,1.04,TCP,443,127,49424,0.575,0,15.48,39.68,5.6,3.173,5,28,0,9,0.88,0,0,0.943,Benign
SEC-LOG-100228,2.9,HTTPS,8080,119,85946,0.441,0,83.81,91.09,275.48,7.467,4,31,2,9,1.0,1,93,0.283,Ransomware
SEC-LOG-100229,19.92,HTTP,443,148,4264,0.348,4,9.7,23.75,5.14,3.754,14,96,2,1,0.88,0,2,0.084,Phishing
SEC-LOG-100230,26.43,TCP,443,103,50262,0.627,1,95.37,87.22,266.12,6.882,7,13,1,7,0.91,0,78,0.126,Ransomware
SEC-LOG-100231,18.4,SSH,443,131,65596,0.946,0,69.91,58.49,5.02,3.634,19,25,1,8,0.89,0,15,0.184,Malware
SEC-LOG-100232,3.13,HTTP,8080,116,45790,0.603,5,43.71,41.6,1.93,3.059,19,26,3,12,0.99,1,19,0.385,Malware
SEC-LOG-100233,10.62,HTTP,4444,132,76355,0.891,3,70.38,40.95,0.99,2.095,28,36,2,14,0.88,0,25,0.219,Malware
SEC-LOG-100234,10.4,UDP,443,115,84689,0.518,1,31.6,20.93,5.0,4.428,3,29,0,10,0.91,0,2,0.972,Benign
SEC-LOG-100235,8.26,HTTPS,80,112,4724,0.305,2,7.2,29.18,0.88,4.088,14,133,2,8,0.99,0,5,0.38,Phishing
SEC-LOG-100236,9.13,TCP,443,117,81410,0.509,2,6.8,32.08,7.85,2.378,6,27,0,9,0.97,0,3,0.944,Benign
SEC-LOG-100237,63.13,FTP,445,132,38207,0.656,0,17.35,21.43,9.44,3.331,6,15,0,7,1.03,0,0,0.947,Benign
SEC-LOG-100238,15.83,HTTPS,443,122,4959,0.696,4,34.73,20.46,2.91,2.223,11,97,3,10,0.93,0,1,0.193,Phishing
SEC-LOG-100239,6.2,HTTP,80,129,86713,0.652,0,29.67,34.12,2.58,3.356,10,21,0,9,0.86,0,2,0.975,Benign
SEC-LOG-100240,2.69,TCP,80,4352,575508,0.438,0,83.4,28.0,8.38,2.477,4,36,0,377,7.45,0,3,0.079,DDoS
SEC-LOG-100241,3.63,UDP,22,4556,836701,0.672,1,92.79,19.39,2.03,3.692,2,44,0,376,8.16,0,1,0.156,DDoS
SEC-LOG-100242,1.31,UDP,443,4572,1120248,0.489,0,82.7,40.85,3.02,2.042,10,31,0,349,6.25,0,3,0.183,DDoS
SEC-LOG-100243,5.0,TCP,53,115,44248,0.457,0,20.23,39.24,6.49,4.009,8,21,0,12,0.99,0,5,0.915,Benign
SEC-LOG-100244,8.13,TCP,80,128,77500,0.35,0,10.83,29.54,4.15,3.846,5,26,0,10,0.99,0,0,0.958,Benign
SEC-LOG-100245,4.72,TCP,80,4512,415918,0.355,0,87.82,22.18,7.3,4.022,3,38,0,366,7.72,0,1,0.196,DDoS
SEC-LOG-100246,0.86,HTTP,22,115,91880,0.828,0,45.48,84.57,1.92,3.96,27,15,4,9,0.86,0,21,0.303,Malware
SEC-LOG-100247,2.39,UDP,53,4521,656714,0.5,0,65.61,17.92,2.26,2.548,4,48,0,374,9.65,0,2,0.098,DDoS
SEC-LOG-100248,0.19,TCP,53,4628,853642,0.498,0,75.27,17.94,8.96,3.179,5,33,0,385,4.0,0,0,0.073,DDoS
SEC-LOG-100249,4.31,HTTPS,445,119,32307,0.34,0,87.61,79.92,321.49,6.867,6,26,2,7,1.08,1,88,0.287,Ransomware
SEC-LOG-100250,1.85,HTTP,445,138,91416,0.311,0,13.08,43.68,7.25,4.454,11,34,0,9,0.94,0,1,0.839,Benign
SEC-LOG-100251,5.56,HTTP,443,108,70154,0.681,0,14.8,25.13,5.48,2.198,4,25,0,6,0.92,0,3,0.909,Benign
SEC-LOG-100252,7.79,HTTPS,445,118,58165,0.618,0,81.09,80.22,107.96,7.34,5,56,2,7,0.89,1,83,0.289,Ransomware
SEC-LOG-100253,24.18,UDP,53,109,38858,0.409,0,20.51,21.88,7.7,3.603,9,24,0,3,1.03,0,2,0.897,Benign
SEC-LOG-100254,28.36,HTTPS,80,115,87594,0.668,0,21.09,40.97,7.11,4.227,9,28,0,8,1.13,0,1,0.999,Benign
SEC-LOG-100255,21.34,HTTPS,53,132,44865,0.739,0,47.78,65.39,8.98,2.568,25,36,4,6,1.06,1,20,0.233,Malware
SEC-LOG-100256,4.61,UDP,80,4571,994008,0.333,0,80.88,45.16,4.79,2.01,5,42,0,346,12.73,0,3,0.255,DDoS
SEC-LOG-100257,7.61,HTTPS,80,133,4540,0.594,6,14.53,25.85,7.6,3.392,10,67,2,11,1.07,0,1,0.259,Phishing
SEC-LOG-100258,4.18,HTTP,8080,118,63687,0.883,3,62.52,72.5,8.73,2.055,23,40,2,8,0.87,1,23,0.167,Malware
SEC-LOG-100259,29.19,UDP,8080,117,27476,0.684,0,15.93,47.85,6.8,4.111,5,47,0,6,1.03,0,0,0.998,Benign
SEC-LOG-100260,6.2,HTTPS,80,121,3236,0.511,6,7.62,37.95,9.16,2.233,21,92,4,8,0.88,0,0,0.127,Phishing
SEC-LOG-100261,4.02,UDP,443,4469,808920,0.65,0,85.58,21.86,2.09,3.439,8,23,0,337,12.52,0,1,0.254,DDoS
SEC-LOG-100262,30.89,TCP,3389,128,52692,0.424,0,26.08,50.0,4.64,3.07,8,26,0,7,1.1,0,3,0.858,Benign
SEC-LOG-100263,2.42,HTTPS,443,131,41542,0.629,0,44.43,76.9,7.43,2.63,34,10,1,6,1.06,0,21,0.416,Malware
SEC-LOG-100264,18.54,SMB,443,113,80389,0.549,0,92.64,62.49,188.47,6.884,3,32,2,6,1.11,1,101,0.257,Ransomware
SEC-LOG-100265,13.66,HTTP,443,116,7867,0.6,2,17.84,29.13,7.27,4.294,12,81,3,8,0.88,0,2,0.084,Phishing
SEC-LOG-100266,18.84,HTTP,443,138,6134,0.34,1,12.59,28.72,6.64,3.091,7,104,2,6,1.02,0,2,0.3,Phishing
SEC-LOG-100267,3.52,HTTPS,80,99,4714,0.617,6,7.51,24.57,3.33,3.402,12,91,2,11,1.07,0,1,0.348,Phishing
SEC-LOG-100268,24.23,DNS,80,112,27565,0.67,0,15.25,26.4,0.83,3.629,4,35,0,8,1.0,0,3,0.936,Benign
SEC-LOG-100269,4.72,UDP,80,100,33966,0.389,0,8.92,47.69,1.87,2.511,6,28,0,8,1.11,0,1,0.866,Benign
SEC-LOG-100270,7.92,HTTPS,139,114,24547,0.313,0,80.66,79.07,151.63,7.588,3,16,4,9,1.0,1,85,0.102,Ransomware
SEC-LOG-100271,27.12,HTTPS,443,127,60993,0.371,0,81.21,61.56,96.51,7.416,7,38,1,8,0.85,1,80,0.318,Ransomware
SEC-LOG-100272,8.83,SMB,445,120,31951,0.624,0,94.81,86.66,248.68,7.694,6,39,1,6,1.13,1,83,0.149,Ransomware
SEC-LOG-100273,0.14,TCP,443,4528,779580,0.325,0,88.96,48.76,8.82,4.19,2,50,0,366,8.93,0,4,0.064,DDoS
SEC-LOG-100274,26.28,HTTP,4444,111,88678,0.79,5,45.96,79.93,2.72,4.075,22,33,2,9,0.99,0,19,0.206,Malware
SEC-LOG-100275,8.3,HTTP,8080,123,53247,0.826,5,64.66,50.18,6.67,2.126,28,45,4,11,1.13,1,26,0.136,Malware
SEC-LOG-100276,24.59,HTTPS,139,106,83565,0.644,0,99.39,85.78,143.69,6.861,4,46,2,9,0.98,1,70,0.415,Ransomware
SEC-LOG-100277,12.64,HTTP,80,109,5624,0.573,2,16.45,40.71,9.31,3.572,17,66,6,9,0.86,0,1,0.271,Phishing
SEC-LOG-100278,15.6,HTTPS,80,113,2020,0.551,2,6.09,23.53,2.34,3.256,15,117,4,4,1.04,0,5,0.056,Phishing
SEC-LOG-100279,27.92,SMB,139,97,39730,0.444,0,71.2,83.53,315.75,7.043,3,45,2,6,0.99,1,81,0.347,Ransomware
SEC-LOG-100280,0.8,TCP,445,119,93339,0.68,0,90.52,84.64,161.17,7.58,5,50,1,12,0.93,1,90,0.163,Ransomware
SEC-LOG-100281,35.67,TCP,443,142,101459,0.463,0,9.74,15.76,7.96,2.187,5,46,0,6,1.07,0,1,0.913,Benign
SEC-LOG-100282,6.07,TCP,443,131,32661,0.47,0,16.17,42.65,0.87,3.079,6,30,0,5,1.12,0,2,0.885,Benign
SEC-LOG-100283,1.96,TCP,443,123,40459,0.652,0,23.76,32.16,8.79,3.367,4,21,0,12,0.97,0,3,0.963,Benign
SEC-LOG-100284,11.01,HTTPS,8080,129,76224,0.828,0,60.0,76.8,2.02,2.958,21,44,2,11,1.14,1,23,0.233,Malware
SEC-LOG-100285,15.48,HTTP,22,96,55312,0.61,0,26.68,38.94,9.65,2.538,6,44,0,5,0.86,0,5,0.915,Benign
SEC-LOG-100286,14.08,DNS,443,122,35053,0.748,1,36.55,79.11,8.36,2.19,28,30,2,2,1.13,1,14,0.209,Malware
SEC-LOG-100287,7.64,HTTP,443,124,26947,0.867,0,51.66,73.36,3.05,2.609,21,24,1,8,1.02,0,18,0.254,Malware
SEC-LOG-100288,0.83,TCP,443,128,28071,0.616,0,22.34,16.84,2.93,3.596,11,28,0,10,1.13,0,1,0.961,Benign
SEC-LOG-100289,29.17,HTTP,443,111,59785,0.604,3,61.5,77.26,4.15,3.62,28,41,2,11,0.89,1,17,0.34,Malware
SEC-LOG-100290,25.61,UDP,8080,114,58496,0.383,0,11.12,19.22,5.35,2.198,2,61,0,7,1.11,0,7,0.866,Benign
SEC-LOG-100291,4.79,HTTP,443,113,43759,0.473,0,24.0,43.46,3.32,2.534,3,49,0,7,1.09,0,3,0.995,Benign
SEC-LOG-100292,0.22,SMB,445,111,57020,0.632,0,97.28,65.84,276.29,7.302,4,28,2,6,1.0,1,78,0.226,Ransomware
SEC-LOG-100293,4.6,TCP,22,108,37617,0.65,0,26.88,16.25,3.97,3.198,4,32,0,8,1.12,0,6,0.907,Benign
SEC-LOG-100294,18.0,HTTPS,8080,119,81058,0.675,0,24.48,23.55,9.08,2.249,6,22,0,7,1.01,0,2,0.963,Benign
SEC-LOG-100295,8.75,HTTPS,53,118,84896,0.784,0,51.76,77.47,8.07,3.523,25,23,3,7,1.11,1,19,0.13,Malware
SEC-LOG-100296,3.52,HTTPS,443,106,27008,0.312,0,85.61,93.62,294.5,7.103,4,38,2,10,0.96,1,70,0.445,Ransomware
SEC-LOG-100297,26.81,HTTPS,445,111,24584,0.64,0,15.58,17.69,7.65,3.816,9,50,0,7,1.02,0,1,0.882,Benign
SEC-LOG-100298,2.02,HTTP,443,110,7946,0.681,2,25.97,43.05,7.35,3.75,14,105,3,18,0.92,0,0,0.128,Phishing
SEC-LOG-100299,6.62,DNS,443,109,68699,0.483,0,17.15,18.61,5.56,2.245,5,56,0,9,1.11,0,2,0.907,Benign
SEC-LOG-100300,24.1,UDP,443,155,83852,0.51,0,22.49,36.41,7.42,3.903,6,69,0,5,1.08,0,3,0.885,Benign
SEC-LOG-100301,25.0,DNS,443,130,101613,0.864,1,40.45,72.34,4.17,4.247,21,48,2,7,0.96,1,17,0.313,Malware
SEC-LOG-100302,1.51,HTTPS,8080,118,27994,0.844,5,57.46,47.65,0.51,2.706,29,34,3,3,1.0,0,14,0.19,Malware
SEC-LOG-100303,16.11,HTTPS,443,124,7211,0.562,4,13.04,28.76,3.16,2.57,15,79,4,5,0.99,0,3,0.132,Phishing
SEC-LOG-100304,9.9,HTTPS,443,117,5440,0.364,1,26.12,41.37,1.12,3.909,16,63,2,6,1.04,0,2,0.079,Phishing
SEC-LOG-100305,2.4,UDP,80,4474,605600,0.359,0,75.8,19.89,5.37,2.803,4,38,0,344,3.75,0,0,0.317,DDoS
SEC-LOG-100306,2.51,TCP,443,123,76262,0.853,1,33.39,64.53,8.58,4.329,25,11,2,9,1.03,1,18,0.243,Malware
SEC-LOG-100307,15.56,HTTP,445,137,69218,0.458,0,32.19,47.57,9.01,2.346,12,24,0,11,1.07,0,7,0.822,Benign
SEC-LOG-100308,19.8,TCP,8080,84,20184,0.5,0,71.34,72.66,193.85,7.324,6,32,2,8,0.89,1,92,0.269,Ransomware
SEC-LOG-100309,44.77,HTTP,8080,104,58736,0.696,0,19.04,37.57,5.78,3.585,7,34,0,7,1.07,0,2,0.848,Benign
SEC-LOG-100310,37.79,TCP,443,109,25815,0.644,0,56.6,83.61,9.75,4.476,29,19,1,6,0.88,0,23,0.417,Malware
SEC-LOG-100311,23.15,HTTP,53,130,94228,0.345,0,28.24,29.61,9.74,3.839,2,40,0,9,0.91,0,3,0.829,Benign
SEC-LOG-100312,9.9,UDP,22,119,36679,0.563,0,25.38,30.79,3.67,2.759,2,27,0,6,1.07,0,2,0.824,Benign
SEC-LOG-100313,3.63,DNS,22,4601,674790,0.625,0,83.32,20.97,3.46,2.051,8,50,0,380,8.65,0,1,0.146,DDoS
SEC-LOG-100314,47.47,HTTPS,445,143,48019,0.483,0,83.91,75.0,129.59,6.812,2,25,2,9,0.88,1,77,0.386,Ransomware
SEC-LOG-100315,10.67,HTTP,80,151,6748,0.489,2,15.67,44.48,7.59,4.48,12,96,4,5,0.94,0,2,0.222,Phishing
SEC-LOG-100316,5.84,HTTPS,443,125,65013,0.729,0,57.44,81.44,7.1,4.353,30,35,3,4,0.99,1,14,0.119,Malware
SEC-LOG-100317,7.65,TCP,80,130,29815,0.641,0,20.51,35.02,1.73,4.102,10,48,0,7,1.12,0,3,0.992,Benign
SEC-LOG-100318,24.0,HTTPS,53,118,61767,0.637,0,17.9,20.19,0.95,3.603,3,19,0,10,0.86,0,2,0.909,Benign
SEC-LOG-100319,25.95,HTTPS,21,129,79363,0.558,0,19.16,40.09,8.82,2.681,8,36,0,11,1.08,0,4,0.851,Benign
SEC-LOG-100320,16.38,HTTP,8080,119,76423,0.839,3,67.39,82.23,8.52,3.685,31,40,2,8,1.11,1,24,0.12,Malware
SEC-LOG-100321,18.47,HTTP,80,138,4255,0.396,2,8.33,48.99,5.95,2.32,8,75,2,3,1.02,0,1,0.232,Phishing
SEC-LOG-100322,9.91,HTTPS,443,127,5934,0.605,4,15.96,21.36,7.02,4.487,18,82,3,9,0.96,0,3,0.306,Phishing
SEC-LOG-100323,38.9,HTTP,443,110,67775,0.371,0,31.45,47.03,3.13,2.943,4,23,0,4,0.9,0,3,0.848,Benign
SEC-LOG-100324,2.97,TCP,80,4560,514052,0.656,0,86.5,43.68,0.92,2.801,6,56,0,364,4.7,0,2,0.14,DDoS
SEC-LOG-100325,4.68,HTTPS,443,114,5864,0.339,4,24.79,18.45,5.83,2.3,10,99,2,7,0.97,0,1,0.27,Phishing
SEC-LOG-100326,45.83,TCP,8080,115,72643,0.707,0,68.66,61.06,5.74,2.117,28,60,1,7,1.11,1,26,0.342,Malware
SEC-LOG-100327,19.03,HTTPS,443,123,5634,0.612,2,15.91,30.12,4.19,4.4,13,95,2,10,1.0,0,1,0.344,Phishing
SEC-LOG-100328,15.8,TCP,8080,132,78859,0.809,0,45.57,67.81,4.09,3.905,38,26,1,8,1.09,1,25,0.309,Malware
SEC-LOG-100329,42.49,TCP,80,116,32462,0.6,0,27.97,40.89,0.59,2.924,6,41,0,6,1.02,0,1,0.974,Benign
SEC-LOG-100330,2.16,HTTP,443,125,62454,0.622,0,9.06,28.09,8.2,3.421,3,32,0,13,0.94,0,3,0.902,Benign
SEC-LOG-100331,17.25,TCP,443,105,29210,0.449,0,83.44,71.59,91.97,7.061,4,49,4,9,0.99,0,91,0.217,Ransomware
SEC-LOG-100332,9.44,HTTP,80,124,75256,0.475,0,6.51,45.87,8.59,3.266,7,24,0,9,1.07,0,1,0.938,Benign
SEC-LOG-100333,1.91,UDP,53,114,70706,0.632,0,10.59,40.17,6.85,3.87,3,38,0,5,0.93,0,2,0.929,Benign
SEC-LOG-100334,11.45,HTTPS,443,132,100125,0.669,0,23.14,29.14,7.86,3.515,6,41,0,10,1.04,0,5,0.876,Benign
SEC-LOG-100335,17.75,TCP,22,111,31647,0.434,0,33.7,42.19,7.98,3.559,8,34,0,16,1.04,0,0,0.823,Benign
SEC-LOG-100336,12.09,SMB,8080,106,43904,0.583,0,95.0,90.17,139.09,7.394,5,33,4,12,0.93,1,88,0.282,Ransomware
SEC-LOG-100337,16.48,HTTPS,80,116,6566,0.698,4,32.0,15.14,3.96,2.422,18,115,3,7,0.92,0,2,0.159,Phishing
SEC-LOG-100338,1.68,DNS,3389,132,41644,0.825,0,35.67,50.09,9.38,4.473,24,40,2,11,1.09,1,28,0.316,Malware
SEC-LOG-100339,31.91,TCP,443,136,49826,0.517,1,6.21,28.91,9.5,2.624,11,33,0,8,0.89,0,2,0.959,Benign
SEC-LOG-100340,36.14,SSH,8080,126,92358,0.624,0,65.1,63.1,0.55,3.021,28,21,2,8,0.99,1,17,0.385,Malware
SEC-LOG-100341,6.65,TCP,4444,126,44137,0.674,3,70.58,59.32,4.41,4.305,27,57,2,8,1.14,0,17,0.167,Malware
SEC-LOG-100342,4.37,HTTP,8080,121,60608,0.574,0,15.74,45.84,6.62,3.783,1,28,0,9,0.97,0,0,0.98,Benign
SEC-LOG-100343,7.43,SSH,8080,98,34851,0.715,0,56.35,82.05,1.26,3.9,27,44,1,3,0.85,1,20,0.426,Malware
SEC-LOG-100344,39.03,DNS,53,117,63119,0.31,0,14.91,21.31,5.35,3.263,3,46,0,2,1.14,0,4,0.824,Benign
SEC-LOG-100345,2.52,HTTPS,80,118,3801,0.375,1,8.55,20.84,4.74,2.85,10,124,3,9,1.09,0,1,0.17,Phishing
SEC-LOG-100346,7.34,HTTP,8080,120,3229,0.444,6,13.28,21.3,5.79,4.107,15,124,2,10,0.87,0,6,0.089,Phishing
SEC-LOG-100347,15.52,SSH,80,109,37055,0.482,0,8.67,43.07,7.95,2.054,5,19,0,12,0.91,0,4,0.937,Benign
SEC-LOG-100348,0.44,HTTP,80,114,34442,0.435,0,6.3,30.01,7.74,4.383,5,32,0,7,1.15,0,3,0.901,Benign
SEC-LOG-100349,19.84,HTTPS,443,128,4714,0.525,6,19.46,33.4,1.82,4.287,20,106,2,6,0.9,0,0,0.313,Phishing
SEC-LOG-100350,9.06,TCP,3389,93,40727,0.807,0,74.12,84.83,4.46,4.414,36,67,2,13,0.92,0,29,0.126,Malware
SEC-LOG-100351,10.8,SMB,443,137,107218,0.555,0,91.91,71.58,163.6,6.846,7,34,2,8,0.87,1,91,0.332,Ransomware
SEC-LOG-100352,9.98,HTTPS,443,123,1552,0.647,6,18.35,32.77,4.45,3.124,15,139,3,9,1.0,0,2,0.094,Phishing
SEC-LOG-100353,1.45,TCP,443,116,88507,0.431,0,18.66,42.12,4.71,2.068,6,43,0,8,0.87,0,0,0.85,Benign
SEC-LOG-100354,28.81,TCP,443,129,73085,0.413,0,16.98,29.03,4.35,2.245,4,33,0,5,1.04,0,2,0.994,Benign
SEC-LOG-100355,11.22,HTTP,443,114,1825,0.666,6,24.7,20.79,4.63,3.579,16,98,2,9,0.92,0,4,0.125,Phishing
SEC-LOG-100356,3.81,UDP,22,119,43927,0.67,0,8.14,21.76,9.99,2.489,5,33,0,7,0.89,0,1,0.978,Benign
SEC-LOG-100357,57.32,HTTP,22,101,49402,0.66,0,61.51,84.92,5.84,2.187,28,47,1,8,0.95,0,24,0.127,Malware
SEC-LOG-100358,1.25,UDP,22,4460,880850,0.61,0,90.89,43.33,2.27,2.724,5,35,0,352,8.66,0,4,0.311,DDoS
SEC-LOG-100359,13.89,HTTP,8080,100,42840,0.627,0,59.09,70.92,8.6,4.17,24,45,2,11,0.87,0,19,0.442,Malware
SEC-LOG-100360,9.52,UDP,443,122,33288,0.301,0,8.17,15.85,8.33,4.291,4,46,0,7,0.97,0,3,0.876,Benign
SEC-LOG-100361,9.68,HTTP,443,121,5259,0.659,4,34.13,37.25,9.65,2.395,9,105,3,10,1.08,0,3,0.146,Phishing
SEC-LOG-100362,1.94,HTTPS,3389,100,56685,0.695,0,66.25,62.43,8.18,3.873,24,10,1,7,0.91,1,26,0.214,Malware
SEC-LOG-100363,2.72,TCP,8080,121,47337,0.773,1,46.25,64.56,9.91,3.421,16,24,2,5,1.1,0,19,0.191,Malware
SEC-LOG-100364,2.68,TCP,80,4541,969101,0.512,2,67.57,35.15,8.58,2.388,2,16,0,322,7.67,0,0,0.303,DDoS
SEC-LOG-100365,6.67,HTTP,53,134,54053,0.532,0,6.89,35.77,9.55,2.655,7,45,0,8,0.9,0,2,0.991,Benign
SEC-LOG-100366,1.55,UDP,443,4602,404784,0.509,0,70.54,46.6,2.06,2.216,10,42,0,347,11.89,0,2,0.154,DDoS
SEC-LOG-100367,4.48,TCP,8080,4567,548402,0.313,0,86.28,26.97,9.05,3.855,5,39,0,305,12.15,0,1,0.137,DDoS
SEC-LOG-100368,36.26,HTTPS,443,114,58098,0.317,0,22.17,29.89,7.57,4.415,5,59,0,10,1.06,0,2,0.883,Benign
SEC-LOG-100369,23.96,TCP,53,126,43436,0.334,0,11.27,17.35,5.28,3.249,9,21,0,13,0.87,0,4,0.921,Benign
SEC-LOG-100370,5.67,HTTP,80,100,60101,0.32,0,14.31,17.21,1.21,2.629,4,22,0,9,0.92,0,2,0.892,Benign
SEC-LOG-100371,16.95,TCP,53,113,86721,0.613,0,13.17,30.9,8.17,3.141,3,30,0,4,1.13,0,4,0.839,Benign
SEC-LOG-100372,15.51,UDP,445,92,51969,0.566,0,29.18,33.68,1.5,3.993,4,22,0,7,0.92,0,2,0.951,Benign
SEC-LOG-100373,8.37,HTTP,80,134,5379,0.47,4,7.1,33.74,9.91,3.845,20,115,3,11,1.1,0,2,0.375,Phishing
SEC-LOG-100374,26.04,TCP,53,119,52697,0.537,2,28.61,24.58,3.01,2.84,2,38,0,11,0.9,0,3,0.969,Benign
SEC-LOG-100375,11.67,HTTPS,443,127,41814,0.633,0,12.57,24.76,9.52,2.898,0,43,0,10,1.08,0,2,0.93,Benign
SEC-LOG-100376,0.61,SMB,445,131,85789,0.52,1,82.74,79.49,293.31,7.318,6,19,4,11,1.08,1,87,0.326,Ransomware
SEC-LOG-100377,38.05,SMB,8080,115,38926,0.53,1,6.39,26.99,0.72,2.681,3,24,0,13,1.07,0,3,0.959,Benign
SEC-LOG-100378,13.66,TCP,445,114,78094,0.519,1,95.36,93.91,217.38,7.888,2,49,2,6,0.93,1,89,0.159,Ransomware
SEC-LOG-100379,6.78,HTTP,8080,118,32690,0.325,1,8.56,24.05,8.97,3.207,2,33,0,6,0.95,0,1,0.972,Benign
SEC-LOG-100380,23.16,HTTPS,53,114,74209,0.392,1,7.53,17.4,6.16,3.807,3,28,0,7,0.93,0,1,0.999,Benign
SEC-LOG-100381,15.91,HTTP,443,117,4160,0.499,6,28.1,19.64,7.77,4.047,22,112,2,5,1.07,0,1,0.219,Phishing
SEC-LOG-100382,19.38,HTTP,443,117,4716,0.356,6,21.24,42.79,6.3,3.437,15,96,3,9,0.95,0,1,0.08,Phishing
SEC-LOG-100383,7.59,SMB,445,114,69950,0.581,0,79.86,72.28,314.31,6.91,5,48,4,12,1.09,0,65,0.125,Ransomware
SEC-LOG-100384,11.82,HTTPS,80,126,6896,0.383,2,29.33,19.85,5.12,2.622,15,120,3,7,0.96,0,0,0.233,Phishing
SEC-LOG-100385,60.86,SMB,445,114,80605,0.577,0,98.06,77.68,345.88,7.393,11,43,2,8,0.91,1,84,0.281,Ransomware
SEC-LOG-100386,21.74,TCP,53,110,61525,0.683,0,34.48,25.91,2.27,3.008,6,10,0,9,1.13,0,2,0.829,Benign
SEC-LOG-100387,6.94,HTTP,443,105,83556,0.481,0,33.11,46.29,1.05,2.423,5,41,0,9,0.93,0,1,0.982,Benign
SEC-LOG-100388,0.14,HTTPS,8080,131,70110,0.446,0,93.93,67.72,337.63,7.91,4,50,2,12,0.95,1,86,0.116,Ransomware
SEC-LOG-100389,32.18,TCP,443,116,55641,0.575,0,77.2,88.5,327.87,7.09,7,32,4,10,1.13,1,71,0.159,Ransomware
SEC-LOG-100390,3.78,TCP,80,4380,957499,0.584,2,73.15,15.58,5.21,3.537,7,35,0,369,11.96,0,3,0.348,DDoS
SEC-LOG-100391,17.94,HTTP,22,124,97014,0.768,0,52.18,71.4,1.92,4.365,24,31,3,7,1.08,1,22,0.21,Malware
SEC-LOG-100392,12.13,TCP,80,130,40944,0.679,0,6.29,20.48,6.59,2.997,3,41,0,11,0.93,0,3,0.803,Benign
SEC-LOG-100393,4.24,SMB,8080,120,78949,0.583,0,72.14,68.52,148.32,6.85,3,17,4,11,1.03,1,89,0.417,Ransomware
SEC-LOG-100394,30.71,DNS,80,114,90793,0.486,0,25.14,21.81,2.4,3.174,3,37,0,6,0.89,0,2,0.907,Benign
SEC-LOG-100395,4.87,TCP,443,4537,959860,0.469,0,85.59,36.9,4.41,2.586,9,58,0,337,14.18,0,0,0.254,DDoS
SEC-LOG-100396,0.61,SMB,8080,122,97367,0.326,0,78.88,92.68,217.21,6.814,6,25,2,7,1.1,1,80,0.423,Ransomware
SEC-LOG-100397,0.43,HTTP,53,129,32518,0.929,1,63.32,75.97,1.36,3.749,23,54,2,14,0.89,0,14,0.104,Malware
SEC-LOG-100398,23.43,SMB,445,108,32187,0.302,0,91.0,81.22,136.25,7.126,4,13,2,11,1.05,1,96,0.258,Ransomware
SEC-LOG-100399,3.25,TCP,445,147,58497,0.623,0,90.24,60.78,215.29,7.578,6,37,2,10,0.96,0,65,0.321,Ransomware
SEC-LOG-100400,27.44,HTTP,53,124,99056,0.523,0,25.44,47.82,2.51,2.64,3,50,0,10,1.01,0,1,0.816,Benign
SEC-LOG-100401,1.77,TCP,80,4582,1093893,0.368,0,87.09,34.79,5.74,2.971,1,16,0,378,11.93,0,3,0.056,DDoS
SEC-LOG-100402,10.06,HTTPS,22,121,38811,0.801,3,62.79,44.69,2.5,3.396,18,36,2,7,1.0,1,20,0.361,Malware
SEC-LOG-100403,6.95,SMB,445,112,23623,0.592,0,94.39,60.09,164.42,6.954,4,30,2,7,0.88,1,95,0.366,Ransomware
SEC-LOG-100404,13.86,HTTP,80,132,55882,0.493,0,9.22,19.31,8.7,2.079,4,14,0,6,1.13,0,0,0.973,Benign
SEC-LOG-100405,10.16,HTTPS,139,119,75650,0.644,0,71.58,94.3,85.19,7.569,6,27,2,7,1.04,1,88,0.136,Ransomware
SEC-LOG-100406,0.37,TCP,443,109,30514,0.552,0,22.51,21.42,6.23,2.141,11,30,0,8,1.11,0,2,0.809,Benign
SEC-LOG-100407,12.8,HTTP,80,103,72930,0.553,0,29.86,45.38,5.47,4.281,5,31,0,7,1.13,0,1,0.934,Benign
SEC-LOG-100408,1.46,TCP,8080,4460,918318,0.687,0,80.52,26.96,2.03,3.917,4,40,0,343,14.67,0,2,0.319,DDoS
SEC-LOG-100409,21.03,HTTPS,80,138,91746,0.661,0,18.97,45.27,7.9,2.984,3,34,0,11,1.1,0,4,0.866,Benign
SEC-LOG-100410,7.66,SSH,25,104,39044,0.521,0,34.52,25.21,4.69,2.258,3,12,0,5,0.96,0,3,0.919,Benign
SEC-LOG-100411,0.78,UDP,443,4400,586872,0.694,0,74.98,15.42,5.44,4.46,2,42,0,334,6.11,0,4,0.059,DDoS
SEC-LOG-100412,4.49,UDP,443,4522,932578,0.301,0,68.36,17.23,3.31,2.804,5,32,0,327,9.42,0,0,0.245,DDoS
SEC-LOG-100413,10.78,HTTPS,8080,140,111203,0.685,0,63.07,43.27,7.08,3.171,26,47,3,11,1.14,1,11,0.256,Malware
SEC-LOG-100414,12.97,HTTPS,443,115,7068,0.627,1,25.98,30.37,7.45,4.319,22,78,3,8,1.06,0,2,0.267,Phishing
SEC-LOG-100415,36.83,DNS,443,137,41466,0.766,0,45.66,50.59,4.57,2.598,29,49,3,7,1.13,1,20,0.102,Malware
SEC-LOG-100416,24.23,TCP,80,125,67478,0.692,0,22.2,16.31,4.06,3.414,8,35,0,11,1.03,0,4,0.829,Benign
SEC-LOG-100417,4.09,HTTPS,443,136,92603,0.487,1,22.58,22.35,3.2,4.301,5,23,0,9,1.11,0,1,0.889,Benign
SEC-LOG-100418,9.16,HTTP,8080,136,4754,0.397,6,18.41,46.87,5.17,3.279,18,100,2,6,0.96,0,6,0.079,Phishing
SEC-LOG-100419,7.17,SMB,8080,132,59421,0.44,0,79.08,77.12,121.83,7.432,6,51,2,12,1.0,1,77,0.236,Ransomware
SEC-LOG-100420,31.51,SMB,443,119,76761,0.448,0,79.28,64.82,221.16,7.368,3,41,2,6,0.89,1,104,0.479,Ransomware
SEC-LOG-100421,22.07,HTTPS,139,97,39819,0.645,0,95.05,80.56,108.92,7.7,7,28,2,9,1.03,1,74,0.36,Ransomware
SEC-LOG-100422,40.33,UDP,443,121,91965,0.529,0,34.91,38.83,4.38,3.4,9,44,0,7,1.1,0,2,0.946,Benign
SEC-LOG-100423,15.77,SSH,3389,133,104384,0.918,1,47.75,60.7,9.86,2.588,19,47,1,7,1.08,0,15,0.368,Malware
SEC-LOG-100424,2.21,TCP,3389,128,59248,0.695,0,22.56,42.28,9.25,3.889,6,57,0,11,1.14,0,1,0.932,Benign
SEC-LOG-100425,10.33,TCP,53,120,35762,0.854,1,30.94,42.29,6.43,2.38,22,22,2,9,1.15,0,19,0.107,Malware
SEC-LOG-100426,3.88,SSH,443,135,63703,0.702,0,38.43,70.62,7.11,4.442,27,25,4,12,1.02,1,22,0.35,Malware
SEC-LOG-100427,18.7,HTTPS,445,134,60924,0.647,1,87.32,92.94,285.38,7.01,6,29,2,10,0.93,1,88,0.38,Ransomware
SEC-LOG-100428,28.79,HTTP,53,134,63456,0.63,0,33.21,30.65,6.74,2.976,6,12,0,10,0.88,0,1,0.997,Benign
SEC-LOG-100429,18.1,HTTPS,445,113,45344,0.489,0,22.76,41.91,1.36,3.942,6,34,0,9,1.08,0,5,0.901,Benign
SEC-LOG-100430,16.57,TCP,8443,111,32383,0.406,0,33.22,23.42,1.4,2.173,4,37,0,10,1.02,0,1,0.944,Benign
SEC-LOG-100431,1.02,HTTPS,443,110,50693,0.489,0,83.41,66.9,195.38,7.864,5,45,4,10,0.96,1,74,0.415,Ransomware
SEC-LOG-100432,10.33,HTTP,443,136,2513,0.669,4,26.46,40.75,9.97,3.922,13,45,4,6,0.93,0,0,0.154,Phishing
SEC-LOG-100433,12.24,UDP,443,110,23819,0.368,0,31.08,38.5,1.44,3.66,6,41,0,15,0.85,0,0,0.909,Benign
SEC-LOG-100434,29.19,HTTP,53,117,48613,0.661,0,18.41,41.64,7.23,2.821,2,22,0,11,1.09,0,1,0.961,Benign
SEC-LOG-100435,7.23,HTTPS,443,138,1695,0.422,2,18.47,20.72,1.4,3.182,20,123,4,12,0.88,0,1,0.195,Phishing
SEC-LOG-100436,15.92,HTTPS,445,123,81796,0.394,0,23.87,30.77,2.11,2.816,5,40,0,11,1.06,0,5,0.945,Benign
SEC-LOG-100437,21.52,SMB,139,105,39630,0.396,0,97.7,81.63,97.94,7.834,8,14,1,12,0.98,1,98,0.263,Ransomware
SEC-LOG-100438,18.27,HTTPS,443,113,6830,0.554,6,15.08,44.66,4.17,3.339,19,98,4,6,0.88,0,2,0.298,Phishing
SEC-LOG-100439,4.46,TCP,443,103,69817,0.323,0,29.6,19.43,6.88,2.009,2,27,0,9,0.94,0,5,0.958,Benign
SEC-LOG-100440,15.9,UDP,443,130,41719,0.593,0,13.31,22.74,4.11,3.909,2,30,0,7,1.12,0,3,0.908,Benign
SEC-LOG-100441,2.98,TCP,443,4500,746471,0.397,0,88.68,19.91,3.91,4.264,4,28,0,365,10.58,0,1,0.335,DDoS
SEC-LOG-100442,27.15,HTTP,53,102,45617,0.505,0,5.57,31.26,9.06,2.561,3,58,0,9,0.92,0,3,0.907,Benign
SEC-LOG-100443,3.07,HTTPS,8080,125,51960,0.382,0,15.51,18.21,3.55,3.571,4,29,0,12,0.97,0,4,0.886,Benign
SEC-LOG-100444,3.02,TCP,139,120,48500,0.676,0,76.84,73.97,122.58,7.121,8,48,2,7,1.04,1,77,0.132,Ransomware
SEC-LOG-100445,2.32,UDP,22,4475,601812,0.389,1,84.85,38.76,1.89,2.645,6,21,0,362,12.62,0,1,0.173,DDoS
SEC-LOG-100446,2.98,HTTP,443,4378,905522,0.663,0,93.98,18.4,9.08,3.113,3,39,0,352,7.32,0,3,0.122,DDoS
SEC-LOG-100447,8.23,SMB,445,105,80758,0.645,0,74.71,92.51,106.96,6.966,1,24,1,7,1.15,1,90,0.348,Ransomware
SEC-LOG-100448,25.63,TCP,80,126,39614,0.564,0,17.55,28.87,7.06,3.85,7,45,0,8,0.98,0,1,0.978,Benign
SEC-LOG-100449,53.64,FTP,443,128,43009,0.623,0,12.11,15.5,0.7,3.53,2,36,0,6,1.1,0,4,0.824,Benign
SEC-LOG-100450,19.59,TCP,8080,111,39801,0.635,0,92.38,62.25,323.06,7.386,6,48,2,12,0.87,0,83,0.126,Ransomware
SEC-LOG-100451,25.66,DNS,443,122,54137,0.866,0,50.03,75.33,9.78,3.822,34,42,1,6,0.99,0,19,0.254,Malware
SEC-LOG-100452,18.9,HTTP,443,118,38868,0.939,1,49.16,54.69,9.34,3.831,32,29,2,7,1.12,1,12,0.435,Malware
SEC-LOG-100453,1.73,TCP,80,4468,887144,0.384,0,65.18,23.09,4.33,2.933,9,33,0,314,10.42,0,3,0.079,DDoS
SEC-LOG-100454,30.63,HTTP,443,121,44250,0.358,0,33.58,36.88,7.31,3.078,3,45,0,8,1.05,0,4,0.83,Benign
SEC-LOG-100455,11.82,SSH,443,145,114268,0.716,5,65.19,71.26,0.71,3.113,22,34,3,9,1.08,1,18,0.115,Malware
SEC-LOG-100456,9.77,UDP,443,110,25306,0.323,0,16.16,21.98,5.68,4.434,9,36,0,9,0.93,0,3,0.815,Benign
SEC-LOG-100457,23.01,HTTP,443,136,58146,0.729,0,41.96,84.75,4.37,4.054,31,34,3,9,0.89,0,14,0.219,Malware
SEC-LOG-100458,6.5,TCP,443,126,78195,0.482,0,25.59,23.35,8.44,3.805,5,31,0,10,1.03,0,3,0.862,Benign
SEC-LOG-100459,3.25,TCP,8080,120,78325,0.679,0,14.01,38.98,8.15,2.946,7,20,0,5,1.03,0,3,0.98,Benign
SEC-LOG-100460,5.56,HTTPS,53,132,50058,0.625,0,14.89,35.74,1.82,3.172,6,22,0,5,0.96,0,4,0.868,Benign
SEC-LOG-100461,18.02,HTTPS,80,124,4072,0.648,2,31.52,26.98,1.69,3.5,16,64,2,9,0.89,0,3,0.299,Phishing
SEC-LOG-100462,6.05,HTTP,443,121,4671,0.34,2,7.6,25.23,0.93,3.953,16,64,3,6,1.08,0,6,0.202,Phishing
SEC-LOG-100463,4.93,TCP,443,121,71947,0.908,5,32.51,81.33,8.52,2.182,24,40,1,7,1.12,1,17,0.26,Malware
SEC-LOG-100464,0.84,UDP,80,4502,567410,0.377,0,69.61,45.59,6.38,3.015,6,32,0,339,4.17,0,4,0.334,DDoS
SEC-LOG-100465,20.89,UDP,8443,126,81058,0.56,0,7.64,40.44,1.8,2.849,5,21,0,5,1.1,0,0,0.807,Benign
SEC-LOG-100466,5.71,TCP,443,104,67672,0.587,0,18.8,24.29,4.79,3.923,7,15,0,5,0.92,0,2,0.845,Benign
SEC-LOG-100467,15.37,HTTPS,8080,145,55389,0.55,0,87.49,86.65,145.57,6.996,6,51,4,10,1.06,0,80,0.235,Ransomware
SEC-LOG-100468,1.46,HTTPS,80,130,68391,0.658,0,34.17,36.29,5.46,3.297,9,25,0,9,1.14,0,3,0.991,Benign
SEC-LOG-100469,2.3,UDP,53,4464,847088,0.329,0,76.6,45.61,7.39,2.624,10,33,0,348,6.18,0,1,0.208,DDoS
SEC-LOG-100470,49.09,UDP,80,115,62888,0.454,1,29.62,37.32,6.72,2.212,5,33,0,6,0.89,0,3,0.85,Benign
SEC-LOG-100471,1.49,UDP,443,4533,699462,0.466,0,68.48,27.11,4.46,3.994,5,45,0,344,10.93,0,1,0.078,DDoS
SEC-LOG-100472,23.49,SSH,53,118,52700,0.656,0,6.8,38.46,2.79,2.788,6,51,0,10,0.87,0,1,0.837,Benign
SEC-LOG-100473,28.01,SMB,445,111,57771,0.592,0,98.98,93.14,253.52,7.907,4,51,1,6,1.06,1,95,0.209,Ransomware
SEC-LOG-100474,24.68,TCP,4444,118,87437,0.704,0,56.55,42.11,9.48,4.494,18,69,1,12,0.98,0,15,0.381,Malware
SEC-LOG-100475,0.78,UDP,80,4519,387739,0.522,0,94.07,28.83,0.59,3.685,7,39,0,331,6.06,0,3,0.241,DDoS
SEC-LOG-100476,47.12,TCP,443,136,97735,0.35,0,29.1,45.31,6.05,2.915,4,42,0,10,1.14,0,3,0.805,Benign
SEC-LOG-100477,6.9,HTTP,3389,124,81682,0.633,5,46.04,84.09,8.06,3.005,21,34,2,6,1.1,1,14,0.317,Malware
SEC-LOG-100478,0.81,UDP,8080,4568,1074930,0.659,0,93.12,25.58,0.93,3.392,9,37,0,311,5.67,0,0,0.053,DDoS
SEC-LOG-100479,10.44,HTTPS,443,116,44281,0.697,0,55.74,82.71,0.97,2.402,28,22,3,6,0.9,0,17,0.11,Malware
SEC-LOG-100480,9.28,HTTPS,80,118,4604,0.595,2,34.98,44.7,2.97,2.488,19,77,2,13,1.09,0,1,0.053,Phishing
SEC-LOG-100481,19.65,HTTP,443,141,3791,0.684,2,20.94,16.53,5.24,2.314,14,86,3,10,1.07,0,2,0.355,Phishing
SEC-LOG-100482,2.55,TCP,443,113,57560,0.706,1,70.23,42.52,6.93,3.346,26,52,2,7,1.12,0,16,0.243,Malware
SEC-LOG-100483,11.35,HTTPS,443,125,2173,0.697,2,5.73,33.94,8.77,3.931,12,96,3,3,1.11,0,0,0.087,Phishing
SEC-LOG-100484,5.31,HTTPS,443,122,41589,0.642,5,40.34,40.38,7.29,4.065,27,46,2,4,1.06,0,19,0.146,Malware
SEC-LOG-100485,4.11,TCP,443,4453,559302,0.608,2,67.21,32.07,2.75,3.557,2,34,0,363,5.46,0,2,0.086,DDoS
SEC-LOG-100486,3.1,TCP,80,147,111150,0.665,0,33.45,22.03,3.38,3.227,6,58,0,8,0.86,0,1,0.977,Benign
SEC-LOG-100487,12.92,DNS,443,122,60358,0.415,0,20.07,26.72,8.35,3.819,6,33,0,9,0.92,0,1,0.809,Benign
SEC-LOG-100488,1.42,TCP,80,4507,722184,0.655,0,74.34,43.38,1.22,2.505,6,30,0,394,14.3,0,1,0.204,DDoS
SEC-LOG-100489,12.49,TCP,445,118,42671,0.411,0,72.34,80.39,250.94,7.923,6,50,2,15,1.0,1,100,0.239,Ransomware
SEC-LOG-100490,10.62,SSH,443,129,49556,0.745,1,36.92,41.66,8.8,3.306,36,18,4,9,1.04,0,18,0.354,Malware
SEC-LOG-100491,14.15,HTTP,443,126,3684,0.63,2,11.87,48.48,0.74,2.832,16,102,3,16,0.91,0,2,0.234,Phishing
SEC-LOG-100492,4.46,HTTPS,8443,124,25341,0.553,0,8.23,37.65,7.68,2.804,12,32,0,10,0.92,0,2,0.846,Benign
SEC-LOG-100493,39.56,HTTP,443,114,40452,0.569,0,6.48,35.95,5.51,2.732,3,22,0,7,0.99,0,3,0.902,Benign
SEC-LOG-100494,3.74,HTTP,4444,119,24228,0.861,0,53.1,43.14,0.85,2.593,26,49,1,11,1.06,0,17,0.128,Malware
SEC-LOG-100495,18.83,UDP,445,120,80198,0.543,1,17.67,43.3,4.11,4.096,4,20,0,8,0.95,0,1,0.933,Benign
SEC-LOG-100496,5.35,SSH,443,128,101262,0.916,5,46.16,49.89,4.44,3.476,30,17,2,11,1.05,0,17,0.173,Malware
SEC-LOG-100497,2.32,TCP,8080,136,103415,0.316,0,15.47,36.73,4.32,2.064,5,27,0,10,1.15,0,3,0.851,Benign
SEC-LOG-100498,2.17,UDP,53,4491,1031265,0.371,0,73.27,41.6,8.46,2.237,7,29,0,316,10.94,0,3,0.29,DDoS
SEC-LOG-100499,3.43,UDP,53,4477,801475,0.424,0,80.58,16.61,8.2,3.086,4,44,0,360,9.25,0,1,0.241,DDoS
SEC-LOG-100500,7.68,HTTPS,8080,123,2240,0.668,1,21.59,23.82,1.55,4.247,19,66,6,9,0.86,0,0,0.284,Phishing
SEC-LOG-100501,22.92,TCP,443,102,76189,0.755,0,67.52,64.58,1.92,4.094,19,53,2,10,0.94,1,16,0.377,Malware
SEC-LOG-100502,25.24,HTTP,443,118,93131,0.661,0,9.21,17.97,3.0,3.105,8,53,0,8,0.88,0,4,0.895,Benign
SEC-LOG-100503,10.12,SMB,445,121,74025,0.616,0,88.07,65.23,185.76,7.434,3,25,1,8,0.91,1,83,0.164,Ransomware
SEC-LOG-100504,16.26,HTTPS,8080,136,2644,0.615,4,10.9,22.37,9.93,3.427,27,122,2,8,0.9,0,2,0.363,Phishing
SEC-LOG-100505,25.54,TCP,443,126,39599,0.541,0,18.32,43.93,3.72,2.224,5,59,0,8,0.86,0,1,0.965,Benign
SEC-LOG-100506,2.38,DNS,443,4552,578406,0.446,0,76.89,27.16,7.47,2.775,7,46,0,360,5.13,0,1,0.07,DDoS
SEC-LOG-100507,11.58,TCP,139,127,89736,0.677,0,98.2,68.1,296.78,7.484,6,37,2,6,1.12,0,95,0.239,Ransomware
SEC-LOG-100508,0.99,UDP,8080,4440,473143,0.483,0,94.95,25.96,1.68,3.047,4,32,0,377,9.69,0,0,0.214,DDoS
SEC-LOG-100509,8.81,DNS,80,111,6317,0.449,4,21.43,49.71,2.6,2.939,14,100,4,10,0.99,0,2,0.07,Phishing
SEC-LOG-100510,11.22,HTTPS,443,144,2991,0.42,4,34.94,33.12,9.39,3.966,14,129,2,7,0.96,0,4,0.101,Phishing
SEC-LOG-100511,14.93,SSH,8080,138,40626,0.761,0,41.18,63.47,1.79,2.649,20,29,1,6,0.89,0,17,0.125,Malware
SEC-LOG-100512,2.65,TCP,80,4409,937372,0.618,1,80.29,36.6,8.93,3.56,6,39,0,396,11.29,0,1,0.333,DDoS
SEC-LOG-100513,6.66,TCP,445,114,56858,0.518,0,81.42,88.57,294.84,7.201,5,37,2,7,0.9,1,77,0.34,Ransomware
SEC-LOG-100514,31.02,TCP,80,118,77345,0.413,0,12.6,18.64,3.56,3.345,4,42,0,8,1.13,0,1,0.87,Benign
SEC-LOG-100515,22.95,HTTPS,80,109,48390,0.584,0,21.89,41.0,6.51,3.5,4,26,0,13,1.0,0,3,0.922,Benign
SEC-LOG-100516,5.96,TCP,53,126,59001,0.305,0,14.84,27.51,3.69,3.247,6,38,0,8,1.12,0,0,0.97,Benign
SEC-LOG-100517,17.93,SMB,139,104,71808,0.302,0,75.29,92.74,337.31,7.689,5,43,1,10,0.88,1,82,0.458,Ransomware
SEC-LOG-100518,4.31,UDP,443,4491,575616,0.573,0,71.58,36.02,5.96,2.205,4,28,0,346,10.44,0,5,0.119,DDoS
SEC-LOG-100519,25.54,HTTP,22,113,57908,0.641,0,22.99,44.96,4.38,4.33,4,30,0,9,0.86,0,1,0.886,Benign
SEC-LOG-100520,28.54,HTTPS,443,116,80750,0.609,0,54.43,61.28,3.6,3.121,26,43,2,7,1.15,1,18,0.353,Malware
SEC-LOG-100521,23.76,HTTPS,21,117,30204,0.47,0,13.18,23.98,2.89,3.54,6,25,0,5,1.01,0,3,0.866,Benign
SEC-LOG-100522,1.41,TCP,80,4400,797132,0.378,1,86.05,40.53,6.44,2.219,4,34,0,397,8.76,0,2,0.207,DDoS
SEC-LOG-100523,7.31,TCP,139,123,75209,0.351,0,96.9,91.73,113.12,7.49,4,36,2,6,1.07,0,74,0.401,Ransomware
SEC-LOG-100524,4.01,SMB,445,103,78203,0.428,0,77.36,94.34,320.52,7.708,7,37,2,6,1.04,1,80,0.162,Ransomware
SEC-LOG-100525,25.84,TCP,3389,134,82635,0.847,0,52.53,72.12,7.5,3.822,31,29,3,11,0.94,0,21,0.133,Malware
SEC-LOG-100526,2.42,HTTPS,22,82,30729,0.947,0,70.09,69.04,6.76,2.014,23,43,2,12,1.15,1,12,0.198,Malware
SEC-LOG-100527,13.05,HTTPS,53,116,79200,0.315,0,6.54,20.98,1.47,2.195,1,28,0,5,0.98,0,1,0.889,Benign
SEC-LOG-100528,3.7,TCP,80,142,68662,0.602,0,19.73,29.75,6.75,4.294,6,39,0,11,0.99,0,3,0.997,Benign
SEC-LOG-100529,4.26,SMB,139,118,48315,0.569,0,73.59,71.03,90.91,7.465,5,35,2,9,1.01,1,89,0.36,Ransomware
SEC-LOG-100530,1.84,HTTPS,8080,107,50881,0.697,0,71.46,88.39,218.02,7.88,4,49,4,4,1.05,0,67,0.172,Ransomware
SEC-LOG-100531,2.95,TCP,443,4570,425095,0.365,0,82.63,42.33,2.69,2.437,3,57,0,370,5.78,0,3,0.298,DDoS
SEC-LOG-100532,4.15,UDP,80,4479,1031828,0.352,0,81.72,15.62,6.53,3.663,6,30,0,374,10.93,0,1,0.286,DDoS
SEC-LOG-100533,3.27,HTTPS,443,131,90675,0.758,0,58.04,43.47,4.16,2.455,28,36,1,7,0.9,1,12,0.182,Malware
SEC-LOG-100534,6.09,HTTPS,443,122,54125,0.386,1,70.78,91.88,107.26,7.82,9,33,4,8,1.11,0,80,0.4,Ransomware
SEC-LOG-100535,3.64,UDP,80,4440,861639,0.671,0,88.22,48.64,1.95,4.157,4,34,0,365,8.03,0,1,0.321,DDoS
SEC-LOG-100536,1.08,SMB,445,117,75947,0.374,0,97.85,88.83,113.29,7.104,5,40,1,7,0.98,1,93,0.307,Ransomware
SEC-LOG-100537,4.92,TCP,443,132,31175,0.391,0,24.42,34.61,5.31,3.625,13,55,0,12,1.13,0,3,0.911,Benign
SEC-LOG-100538,47.41,DNS,4444,119,69116,0.753,0,42.49,81.18,1.16,2.333,23,19,1,14,0.87,0,24,0.302,Malware
SEC-LOG-100539,18.42,TCP,445,126,29624,0.501,0,23.38,47.2,1.55,3.477,2,47,0,11,0.86,0,0,0.865,Benign
SEC-LOG-100540,1.85,TCP,53,4408,803420,0.457,1,74.37,32.37,2.83,2.0,4,52,0,330,12.45,0,1,0.058,DDoS
SEC-LOG-100541,11.0,HTTP,443,114,3388,0.668,4,28.31,28.84,8.21,3.284,15,100,3,12,0.88,0,9,0.36,Phishing
SEC-LOG-100542,1.19,HTTPS,80,131,103011,0.514,1,33.37,23.12,1.87,3.811,4,42,0,9,1.06,0,1,0.95,Benign
SEC-LOG-100543,12.06,HTTP,443,98,7468,0.318,2,33.73,40.46,5.51,4.354,21,77,3,10,0.92,0,4,0.248,Phishing
SEC-LOG-100544,18.24,HTTPS,443,112,4157,0.317,6,20.7,42.42,0.77,3.952,17,129,3,7,1.05,0,0,0.393,Phishing
SEC-LOG-100545,1.84,HTTPS,80,113,35939,0.428,0,24.55,20.91,7.99,3.261,4,47,0,9,0.85,0,2,0.95,Benign
SEC-LOG-100546,23.76,HTTPS,443,92,52954,0.518,0,29.0,33.51,6.31,3.291,4,23,0,8,0.97,0,1,0.908,Benign
SEC-LOG-100547,15.13,HTTP,443,115,2163,0.478,4,31.81,18.36,4.41,3.017,18,74,3,9,1.07,0,3,0.32,Phishing
SEC-LOG-100548,0.66,HTTPS,53,121,74342,0.633,1,38.22,53.71,2.96,3.297,38,31,1,8,1.13,0,21,0.107,Malware
SEC-LOG-100549,12.76,SMB,443,122,44631,0.586,0,85.55,85.68,338.94,7.244,2,17,4,7,1.06,1,64,0.249,Ransomware
SEC-LOG-100550,7.45,SSH,8080,113,40060,0.615,0,59.06,81.24,1.18,3.1,23,20,1,8,0.93,1,13,0.152,Malware
SEC-LOG-100551,5.98,SMB,445,127,44076,0.59,0,73.03,64.06,310.24,6.832,4,28,1,8,1.04,1,86,0.424,Ransomware
SEC-LOG-100552,3.35,HTTPS,8080,91,37494,0.89,0,48.52,55.55,6.91,2.816,23,29,1,8,0.95,1,22,0.122,Malware
SEC-LOG-100553,25.88,TCP,443,120,35610,0.827,0,37.62,53.22,8.21,4.297,31,30,2,10,1.08,0,18,0.356,Malware
SEC-LOG-100554,28.88,SMB,139,131,38531,0.551,0,73.56,65.79,267.58,7.478,5,25,2,7,1.06,1,95,0.11,Ransomware
SEC-LOG-100555,11.07,TCP,8080,119,31561,0.793,1,46.31,53.47,10.0,3.285,29,39,3,4,1.06,0,24,0.153,Malware
SEC-LOG-100556,26.05,HTTPS,443,116,66582,0.595,0,25.08,41.11,1.76,2.501,8,18,0,8,1.03,0,2,0.982,Benign
SEC-LOG-100557,11.19,UDP,443,120,48428,0.507,0,28.3,25.46,6.01,2.679,4,33,0,7,1.09,0,3,0.981,Benign
SEC-LOG-100558,23.64,HTTPS,445,145,62118,0.422,0,96.01,70.09,268.29,7.89,6,27,2,6,0.99,1,84,0.278,Ransomware
SEC-LOG-100559,11.82,HTTPS,80,119,2297,0.43,2,32.38,49.96,7.85,3.211,16,107,4,9,0.94,0,1,0.083,Phishing
SEC-LOG-100560,3.85,HTTPS,80,111,6274,0.508,1,26.9,24.07,8.5,4.383,16,98,2,8,1.12,0,2,0.099,Phishing
SEC-LOG-100561,4.07,FTP,443,124,55011,0.312,0,14.79,38.84,9.5,3.412,8,20,0,4,1.0,0,1,0.895,Benign
SEC-LOG-100562,1.77,TCP,53,109,37253,0.32,0,17.93,29.94,2.26,3.96,3,13,0,6,1.0,0,2,0.967,Benign
SEC-LOG-100563,44.81,TCP,443,98,27971,0.694,0,25.09,44.46,2.72,2.469,1,30,0,9,0.99,0,1,0.904,Benign
SEC-LOG-100564,7.51,HTTP,53,122,86781,0.507,0,28.69,24.08,8.26,2.664,1,34,0,6,0.97,0,1,0.921,Benign
SEC-LOG-100565,11.76,TCP,443,107,34861,0.668,0,33.16,80.04,9.76,2.291,25,34,2,9,0.91,0,21,0.396,Malware
SEC-LOG-100566,10.9,DNS,443,124,70938,0.346,0,18.4,22.6,3.86,3.23,3,28,0,8,0.95,0,3,0.967,Benign
SEC-LOG-100567,13.41,HTTPS,4444,130,72412,0.892,1,49.04,81.39,5.41,2.621,33,46,1,7,0.89,1,17,0.43,Malware
SEC-LOG-100568,0.48,TCP,443,4592,434787,0.681,0,81.9,48.4,2.69,2.015,4,22,0,327,8.54,0,1,0.138,DDoS
SEC-LOG-100569,4.11,UDP,53,114,25669,0.623,0,8.35,49.08,7.09,2.681,3,23,0,11,0.93,0,4,0.892,Benign
SEC-LOG-100570,15.49,TCP,53,131,78877,0.653,1,52.88,72.85,5.17,3.823,20,36,2,4,1.12,0,21,0.313,Malware
SEC-LOG-100571,3.1,TCP,443,113,50376,0.487,0,80.94,65.84,184.9,7.922,4,30,1,6,0.89,1,79,0.306,Ransomware
SEC-LOG-100572,11.83,HTTP,443,127,34231,0.38,0,20.81,26.44,7.68,2.785,6,10,0,8,1.1,0,1,0.83,Benign
SEC-LOG-100573,13.8,HTTPS,443,122,6748,0.313,4,10.79,37.83,5.69,4.454,15,107,3,7,0.92,0,4,0.077,Phishing
SEC-LOG-100574,29.06,SMB,443,106,43143,0.685,0,92.12,73.38,116.24,7.788,4,45,4,9,1.04,1,95,0.436,Ransomware
SEC-LOG-100575,3.23,TCP,80,4507,678976,0.331,0,88.71,36.35,7.11,4.295,6,39,0,359,9.25,0,3,0.183,DDoS
SEC-LOG-100576,11.78,TCP,443,110,46920,0.329,0,34.79,48.74,8.38,2.666,2,40,0,10,0.89,0,2,0.819,Benign
SEC-LOG-100577,2.5,DNS,80,4440,539563,0.587,0,71.5,41.49,7.91,2.036,3,46,0,349,12.65,0,1,0.321,DDoS
SEC-LOG-100578,12.31,HTTP,443,108,43154,0.711,5,65.19,73.54,1.54,2.642,19,41,3,11,1.14,1,17,0.394,Malware
SEC-LOG-100579,4.1,HTTPS,443,118,88285,0.531,0,24.89,34.76,9.28,2.254,4,30,0,6,1.1,0,3,0.847,Benign
SEC-LOG-100580,5.26,HTTPS,4444,115,50476,0.792,1,38.86,59.78,3.97,2.709,28,36,1,15,1.07,0,20,0.326,Malware
SEC-LOG-100581,0.59,UDP,80,4485,482153,0.686,0,79.4,31.76,4.23,2.081,5,36,0,338,10.27,0,1,0.221,DDoS
SEC-LOG-100582,18.05,DNS,443,103,57674,0.688,0,51.04,43.06,8.96,2.764,21,27,4,12,0.87,0,17,0.136,Malware
SEC-LOG-100583,3.47,UDP,443,131,98963,0.333,0,10.64,33.44,7.03,3.227,2,33,0,7,0.92,0,3,0.938,Benign
SEC-LOG-100584,17.17,HTTP,8080,128,5156,0.516,2,21.39,21.97,4.4,3.33,11,90,2,5,1.06,0,2,0.221,Phishing
SEC-LOG-100585,0.13,HTTPS,8080,129,64259,0.545,0,8.53,30.56,7.49,4.404,5,51,0,9,1.13,0,1,0.898,Benign
SEC-LOG-100586,10.8,TCP,8080,134,96502,0.543,0,17.76,17.58,3.83,3.56,3,24,0,5,0.97,0,2,0.843,Benign
SEC-LOG-100587,26.35,TCP,445,133,79354,0.383,0,24.23,45.62,6.77,4.098,8,45,0,6,0.99,0,4,0.873,Benign
SEC-LOG-100588,9.46,DNS,80,114,47259,0.522,0,11.33,28.96,1.74,2.189,3,21,0,5,1.04,0,3,0.829,Benign
SEC-LOG-100589,24.27,TCP,443,113,68944,0.374,0,8.78,33.94,3.28,3.722,0,36,0,7,1.05,0,0,0.86,Benign
SEC-LOG-100590,6.59,SMB,8443,110,49140,0.515,0,8.38,42.69,0.75,3.108,6,35,0,7,1.04,0,2,0.808,Benign
SEC-LOG-100591,2.18,HTTP,443,110,4194,0.396,1,6.31,16.04,8.11,2.746,16,129,3,8,1.11,0,0,0.397,Phishing
SEC-LOG-100592,4.64,DNS,443,124,52965,0.444,0,15.78,34.35,2.77,3.588,7,19,0,6,1.15,0,2,0.915,Benign
SEC-LOG-100593,5.16,SSH,80,125,54111,0.582,0,10.72,27.93,8.61,3.846,3,38,0,9,1.05,0,2,0.812,Benign
SEC-LOG-100594,1.63,TCP,445,99,45179,0.598,0,71.92,77.85,190.92,7.406,3,27,4,13,1.09,1,86,0.21,Ransomware
SEC-LOG-100595,12.45,HTTP,443,115,74323,0.811,1,49.81,59.02,3.67,3.649,12,19,2,5,1.13,0,22,0.307,Malware
SEC-LOG-100596,7.76,HTTPS,443,108,5267,0.573,4,19.05,20.91,0.89,2.846,20,85,2,3,1.1,0,3,0.2,Phishing
SEC-LOG-100597,6.32,UDP,445,109,40558,0.506,0,29.19,20.09,5.07,3.865,7,36,0,16,1.09,0,2,0.929,Benign
SEC-LOG-100598,10.33,UDP,25,129,80191,0.429,0,31.86,27.58,3.23,2.88,4,23,0,12,0.96,0,1,0.82,Benign
SEC-LOG-100599,16.39,TCP,443,122,58878,0.683,0,6.95,32.25,9.93,2.969,4,38,0,9,0.89,0,1,0.852,Benign
SEC-LOG-100600,15.51,UDP,8080,134,76011,0.6,0,20.31,37.1,7.18,2.867,5,56,0,12,0.94,0,1,0.982,Benign
SEC-LOG-100601,4.57,HTTP,8080,111,26144,0.496,1,16.67,37.39,4.56,2.117,5,55,0,12,1.1,0,1,0.84,Benign
SEC-LOG-100602,12.51,TCP,80,121,42478,0.533,0,7.31,41.38,9.14,3.276,10,57,0,13,0.87,0,1,0.904,Benign
SEC-LOG-100603,24.78,HTTP,445,122,88357,0.614,0,6.43,34.24,9.95,2.856,4,20,0,12,1.13,0,0,0.984,Benign
SEC-LOG-100604,4.7,DNS,443,117,39374,0.321,1,18.68,38.62,7.03,4.186,5,32,0,10,0.87,0,3,0.893,Benign
SEC-LOG-100605,24.05,HTTP,53,129,95354,0.692,0,69.43,70.55,7.55,3.26,23,27,1,8,1.07,0,14,0.345,Malware
SEC-LOG-100606,3.78,TCP,53,117,40332,0.421,0,28.01,38.83,4.84,3.269,2,26,0,5,0.93,0,0,0.865,Benign
SEC-LOG-100607,3.95,HTTP,445,116,32005,0.393,2,30.06,15.53,6.36,2.64,3,34,0,9,1.15,0,1,0.834,Benign
SEC-LOG-100608,9.49,DNS,4444,115,60593,0.74,5,37.9,52.37,3.17,3.499,34,19,1,8,1.02,1,17,0.24,Malware
SEC-LOG-100609,4.2,DNS,80,132,4011,0.663,1,9.36,17.9,9.39,3.188,14,114,2,6,0.87,0,0,0.139,Phishing
SEC-LOG-100610,3.89,TCP,443,126,72742,0.455,0,27.17,20.41,6.27,3.572,3,29,0,6,0.97,0,2,0.993,Benign
SEC-LOG-100611,17.52,SMB,8080,127,56411,0.421,0,79.66,71.75,102.41,7.404,2,19,2,10,0.88,1,89,0.466,Ransomware
SEC-LOG-100612,6.79,HTTP,443,122,5950,0.627,1,22.37,43.07,5.83,2.16,18,85,3,6,1.1,0,2,0.366,Phishing
SEC-LOG-100613,19.17,TCP,80,125,93882,0.319,0,24.73,25.87,2.28,2.291,3,53,0,4,1.05,0,0,0.911,Benign
SEC-LOG-100614,6.54,HTTPS,445,117,35558,0.432,0,93.42,77.46,132.25,7.754,3,41,1,12,1.01,1,77,0.313,Ransomware
SEC-LOG-100615,4.49,UDP,53,4567,922785,0.629,0,91.1,47.95,5.21,2.886,5,32,0,346,10.65,0,3,0.062,DDoS
SEC-LOG-100616,5.19,SMB,443,108,75057,0.462,0,20.58,16.37,1.44,2.251,5,10,0,9,1.05,0,1,0.813,Benign
SEC-LOG-100617,15.39,UDP,25,136,39559,0.495,0,25.33,34.7,8.7,3.523,6,32,0,7,0.97,0,0,0.981,Benign
SEC-LOG-100618,1.29,TCP,445,115,40690,0.313,0,85.53,68.99,247.1,6.842,6,34,2,9,1.15,1,80,0.475,Ransomware
SEC-LOG-100619,17.14,HTTPS,443,112,6813,0.362,1,15.87,26.43,2.89,3.109,13,73,2,11,1.05,0,4,0.119,Phishing
SEC-LOG-100620,9.64,TCP,53,117,60320,0.587,0,28.68,30.03,1.71,2.298,5,41,0,15,0.88,0,1,0.843,Benign
SEC-LOG-100621,21.79,HTTP,22,122,39597,0.674,0,9.0,37.48,8.14,3.978,6,30,0,6,1.08,0,0,0.857,Benign
SEC-LOG-100622,13.79,HTTPS,80,126,30919,0.557,0,13.66,49.35,4.67,2.74,6,36,0,9,0.89,0,4,0.937,Benign
SEC-LOG-100623,12.43,DNS,443,133,64308,0.694,1,33.46,60.82,2.04,3.889,23,28,2,6,0.87,0,19,0.314,Malware
SEC-LOG-100624,16.09,HTTPS,80,120,4971,0.479,2,11.37,47.6,6.6,4.194,18,108,2,9,0.98,0,1,0.301,Phishing
SEC-LOG-100625,18.79,TCP,80,103,70939,0.465,1,28.0,48.88,9.33,3.203,6,34,0,10,0.87,0,4,0.982,Benign
SEC-LOG-100626,0.41,TCP,53,125,48957,0.631,1,33.36,43.98,2.29,3.305,22,45,2,6,1.05,1,17,0.171,Malware
SEC-LOG-100627,3.07,HTTPS,443,126,7897,0.401,4,14.33,35.15,0.77,2.956,22,119,6,9,0.9,0,2,0.246,Phishing
SEC-LOG-100628,22.79,HTTP,80,124,64033,0.399,0,33.52,41.65,5.94,2.555,5,39,0,3,1.07,0,4,0.853,Benign
SEC-LOG-100629,14.82,TCP,80,131,44041,0.678,0,8.28,44.53,1.54,2.098,8,18,0,8,1.06,0,2,0.952,Benign
SEC-LOG-100630,7.4,HTTPS,443,124,4013,0.417,1,10.35,43.66,5.27,2.196,11,119,3,5,1.06,0,3,0.115,Phishing
SEC-LOG-100631,44.81,SMB,445,144,77292,0.562,1,76.14,81.26,207.06,7.418,5,46,1,6,1.0,1,86,0.127,Ransomware
SEC-LOG-100632,2.22,HTTP,53,126,51110,0.807,0,34.55,80.23,6.05,2.69,29,48,1,10,0.89,0,20,0.347,Malware
SEC-LOG-100633,21.02,HTTPS,443,127,84071,0.89,0,33.59,53.8,8.08,2.94,26,36,2,3,0.93,0,18,0.217,Malware
SEC-LOG-100634,0.98,HTTPS,8080,135,82687,0.344,0,11.99,27.44,1.88,2.488,6,26,0,7,0.95,0,2,0.994,Benign
SEC-LOG-100635,8.74,HTTP,8080,140,94257,0.791,1,32.02,56.02,7.75,3.433,33,44,4,4,1.04,1,24,0.241,Malware
SEC-LOG-100636,17.66,SSH,443,115,66721,0.647,0,46.88,58.05,7.63,2.434,20,40,4,9,1.03,1,19,0.35,Malware
SEC-LOG-100637,51.35,UDP,445,121,79920,0.444,0,17.64,24.99,8.04,3.544,4,33,0,12,1.11,0,2,0.953,Benign
SEC-LOG-100638,21.83,TCP,443,120,92598,0.694,0,24.48,36.41,7.03,2.096,8,36,0,6,1.13,0,2,0.932,Benign
SEC-LOG-100639,0.89,TCP,443,112,23628,0.306,0,21.8,23.16,6.64,4.211,3,45,0,8,1.0,0,3,0.919,Benign
SEC-LOG-100640,56.14,UDP,80,129,90475,0.543,0,16.39,15.33,6.23,4.054,12,19,0,5,0.97,0,1,0.852,Benign
SEC-LOG-100641,17.4,TCP,80,117,39154,0.357,0,14.64,47.8,4.57,3.726,4,30,0,6,1.14,0,1,0.943,Benign
SEC-LOG-100642,16.91,TCP,53,107,32200,0.468,0,6.42,45.14,2.12,2.9,2,48,0,8,0.91,0,6,0.951,Benign
SEC-LOG-100643,28.43,UDP,53,127,41186,0.468,0,21.28,45.22,9.69,3.871,0,49,0,4,0.88,0,4,0.864,Benign
SEC-LOG-100644,9.61,DNS,443,120,88810,0.396,1,27.05,37.4,7.58,2.19,2,21,0,8,0.89,0,2,0.894,Benign
SEC-LOG-100645,18.09,HTTPS,139,137,34265,0.376,0,90.45,88.91,91.44,7.051,9,31,2,11,0.91,0,94,0.494,Ransomware
SEC-LOG-100646,48.42,TCP,8080,118,70961,0.618,1,30.98,70.96,2.1,4.457,20,34,1,7,0.97,0,24,0.427,Malware
SEC-LOG-100647,6.44,HTTP,80,110,5961,0.458,4,22.39,39.86,6.92,2.984,17,94,3,9,0.86,0,2,0.338,Phishing
SEC-LOG-100648,44.76,HTTPS,445,118,67912,0.589,0,80.54,79.86,190.4,7.818,5,45,2,6,1.14,1,86,0.108,Ransomware
SEC-LOG-100649,8.03,TCP,4444,119,74173,0.828,0,53.88,69.37,8.95,3.449,21,35,1,9,1.11,1,15,0.381,Malware
SEC-LOG-100650,10.68,UDP,443,146,104116,0.683,0,34.21,30.43,9.55,3.147,7,29,0,14,0.88,0,4,0.875,Benign
SEC-LOG-100651,8.77,DNS,443,125,26525,0.757,5,44.25,54.71,4.8,2.694,27,55,3,2,1.12,1,17,0.142,Malware
SEC-LOG-100652,8.43,TCP,4444,105,28412,0.782,0,43.41,68.98,5.36,4.384,32,21,3,10,0.97,0,18,0.159,Malware
SEC-LOG-100653,19.45,HTTP,80,119,7014,0.658,2,28.25,23.85,4.14,3.05,22,81,2,7,1.02,0,6,0.347,Phishing
SEC-LOG-100654,25.34,HTTP,4444,113,49079,0.909,0,73.1,68.27,3.64,4.181,22,47,1,7,1.05,1,21,0.4,Malware
SEC-LOG-100655,6.91,TCP,53,120,53329,0.51,0,18.99,46.38,3.52,3.446,3,45,0,11,1.08,0,2,0.834,Benign
SEC-LOG-100656,9.97,HTTP,443,125,84668,0.653,0,14.44,28.83,6.84,4.236,3,28,0,11,0.88,0,2,0.908,Benign
SEC-LOG-100657,25.9,SMB,3389,102,49864,0.63,0,5.13,46.89,7.73,2.268,2,37,0,7,0.99,0,1,0.887,Benign
SEC-LOG-100658,16.76,HTTP,443,122,7848,0.66,4,10.68,34.96,9.38,2.863,9,83,6,5,0.97,0,1,0.306,Phishing
SEC-LOG-100659,97.11,HTTP,8080,124,51506,0.795,0,68.48,73.19,5.89,2.883,25,31,2,14,0.88,1,22,0.307,Malware
SEC-LOG-100660,4.33,TCP,22,132,35797,0.311,0,11.73,42.98,9.1,2.979,5,10,0,7,0.88,0,1,0.956,Benign
SEC-LOG-100661,4.1,TCP,443,4428,744959,0.466,1,81.06,29.55,8.13,2.738,4,42,0,359,6.21,0,2,0.336,DDoS
SEC-LOG-100662,3.97,HTTPS,80,117,6814,0.638,4,25.96,28.3,4.41,2.879,19,89,3,6,0.87,0,0,0.22,Phishing
SEC-LOG-100663,29.74,HTTPS,80,117,56304,0.387,0,23.53,21.08,1.21,3.067,3,33,0,9,1.15,0,0,0.843,Benign
SEC-LOG-100664,9.74,UDP,80,126,97716,0.688,0,11.54,32.99,6.67,3.145,7,26,0,10,1.05,0,3,0.922,Benign
SEC-LOG-100665,7.53,DNS,80,118,52451,0.628,0,13.87,43.41,9.25,3.031,5,31,0,5,1.03,0,1,0.939,Benign
SEC-LOG-100666,4.05,HTTP,53,132,27545,0.542,0,20.84,23.12,6.91,2.666,4,32,0,7,1.05,0,3,0.806,Benign
SEC-LOG-100667,20.23,TCP,443,127,87719,0.356,0,24.16,32.35,1.59,2.218,5,33,0,7,1.01,0,0,0.873,Benign
SEC-LOG-100668,4.47,TCP,443,145,29658,0.304,0,19.08,49.79,7.47,3.295,6,26,0,9,1.11,0,2,0.86,Benign
SEC-LOG-100669,4.82,HTTP,22,120,76088,0.642,0,16.02,36.78,6.25,2.195,14,23,0,6,1.0,0,2,0.82,Benign
SEC-LOG-100670,43.4,HTTP,8080,107,77271,0.482,0,12.73,23.15,2.77,3.235,8,36,0,7,1.14,0,2,0.937,Benign
SEC-LOG-100671,26.02,HTTPS,445,130,33389,0.386,0,98.69,93.39,157.4,7.51,9,15,2,13,1.05,0,77,0.434,Ransomware
SEC-LOG-100672,24.6,UDP,53,112,45926,0.559,0,22.49,24.02,2.67,2.023,5,33,0,6,0.94,0,3,0.865,Benign
SEC-LOG-100673,1.12,DNS,443,120,90407,0.747,0,64.19,63.6,5.3,2.182,27,23,3,5,0.88,1,17,0.32,Malware
SEC-LOG-100674,21.58,SSH,4444,116,77449,0.698,0,45.98,55.24,0.67,2.957,28,37,4,5,1.01,1,17,0.433,Malware
SEC-LOG-100675,2.88,TCP,443,4409,964790,0.643,0,80.81,15.66,0.56,2.51,5,40,0,326,13.44,0,1,0.262,DDoS
SEC-LOG-100676,23.06,HTTP,53,126,34403,0.638,0,9.75,23.42,9.16,2.722,5,29,0,5,1.02,0,4,0.802,Benign
SEC-LOG-100677,2.52,HTTP,80,121,47692,0.566,0,18.69,32.21,5.03,3.496,4,28,0,8,0.92,0,1,0.91,Benign
SEC-LOG-100678,0.66,UDP,80,4438,1055022,0.673,0,77.32,43.94,2.44,2.546,4,31,0,336,10.07,0,1,0.074,DDoS
SEC-LOG-100679,1.15,TCP,445,123,61032,0.556,0,95.03,63.57,322.17,7.73,5,49,2,9,1.06,1,101,0.181,Ransomware
SEC-LOG-100680,58.21,TCP,139,126,36671,0.66,0,72.3,66.93,160.58,7.238,11,38,2,4,0.89,0,80,0.126,Ransomware
SEC-LOG-100681,2.31,HTTPS,53,134,49744,0.362,1,25.2,16.49,1.8,3.215,6,63,0,8,1.05,0,0,0.813,Benign
SEC-LOG-100682,18.51,DNS,80,136,70449,0.429,0,11.9,23.33,3.69,4.359,9,12,0,4,1.13,0,2,0.931,Benign
SEC-LOG-100683,4.73,HTTPS,443,105,3108,0.571,4,25.01,45.17,6.69,2.298,13,80,2,10,1.05,0,3,0.337,Phishing
SEC-LOG-100684,3.87,UDP,80,4555,1133911,0.685,0,89.44,40.07,8.33,3.476,9,26,0,354,13.94,0,0,0.219,DDoS
SEC-LOG-100685,4.31,HTTPS,8080,111,60680,0.815,0,48.9,83.18,1.05,4.206,18,52,4,5,1.05,1,20,0.258,Malware
SEC-LOG-100686,30.03,HTTP,53,112,52123,0.691,0,37.35,54.21,6.66,3.906,22,36,2,7,1.06,1,14,0.25,Malware
SEC-LOG-100687,8.06,TCP,80,124,45749,0.446,0,19.32,28.53,2.19,3.125,3,38,0,3,1.04,0,4,0.812,Benign
SEC-LOG-100688,5.84,HTTPS,139,141,74935,0.398,0,95.73,88.06,300.04,7.435,3,36,2,8,0.88,0,79,0.195,Ransomware
SEC-LOG-100689,20.06,HTTP,443,125,82990,0.416,0,21.47,35.91,0.51,2.646,4,38,0,11,0.89,0,2,0.964,Benign
SEC-LOG-100690,23.97,DNS,80,109,22837,0.309,0,13.05,20.51,5.07,2.709,5,17,0,6,1.03,0,2,0.908,Benign
SEC-LOG-100691,18.52,TCP,8080,108,79525,0.75,0,71.07,64.31,7.18,3.984,26,21,3,5,1.07,0,16,0.17,Malware
SEC-LOG-100692,4.55,HTTP,4444,130,37271,0.653,3,69.54,41.37,9.89,2.858,33,42,4,6,1.06,1,21,0.256,Malware
SEC-LOG-100693,33.09,TCP,443,107,39733,0.514,0,32.67,32.95,8.46,2.81,5,27,0,9,1.01,0,4,0.989,Benign
SEC-LOG-100694,4.01,HTTPS,443,139,33107,0.531,0,17.71,26.52,8.24,2.275,6,31,0,5,0.95,0,4,0.816,Benign
SEC-LOG-100695,7.83,HTTP,80,105,2145,0.398,1,34.04,46.06,3.52,4.06,22,107,3,11,0.86,0,2,0.281,Phishing
SEC-LOG-100696,3.09,DNS,80,118,72817,0.673,0,13.29,47.73,6.44,3.209,10,56,0,11,1.1,0,1,0.822,Benign
SEC-LOG-100697,31.93,DNS,443,106,57621,0.845,0,30.4,82.98,1.77,3.025,25,25,1,7,0.91,0,15,0.254,Malware
SEC-LOG-100698,10.93,HTTP,443,119,53042,0.578,0,10.68,26.1,1.38,3.082,5,38,0,11,0.92,0,2,0.843,Benign
SEC-LOG-100699,7.01,HTTPS,8080,124,30048,0.934,1,48.74,70.65,2.83,3.911,21,42,3,13,1.12,1,13,0.128,Malware
SEC-LOG-100700,11.8,HTTPS,53,121,32025,0.62,0,47.44,80.44,6.19,2.355,20,47,3,9,1.0,1,12,0.219,Malware
SEC-LOG-100701,3.3,DNS,80,131,56981,0.581,0,21.44,39.44,6.58,3.941,3,39,0,13,0.95,0,2,0.912,Benign
SEC-LOG-100702,10.93,TCP,8080,120,88832,0.31,0,22.6,19.34,1.92,3.93,6,11,0,6,1.0,0,1,0.904,Benign
SEC-LOG-100703,5.5,TCP,443,135,41976,0.499,0,28.47,22.94,1.72,3.207,4,37,0,1,0.95,0,1,0.817,Benign
SEC-LOG-100704,6.47,UDP,80,136,76451,0.307,0,31.65,18.59,10.0,2.411,6,28,0,9,0.98,0,1,0.875,Benign
SEC-LOG-100705,1.84,UDP,443,4498,509859,0.387,0,83.5,16.98,6.38,3.682,4,43,0,331,5.79,0,0,0.134,DDoS
SEC-LOG-100706,25.94,HTTP,8080,118,53033,0.592,0,31.31,44.01,5.55,2.171,7,40,0,7,0.86,0,0,0.819,Benign
SEC-LOG-100707,29.1,SMB,445,112,70019,0.355,0,90.47,91.12,228.05,7.123,5,21,2,10,1.09,1,62,0.108,Ransomware
SEC-LOG-100708,6.17,TCP,53,122,36093,0.432,0,10.84,34.19,7.94,4.074,5,35,0,12,1.06,0,3,0.959,Benign
SEC-LOG-100709,18.28,HTTPS,443,126,7724,0.594,4,18.46,33.49,3.01,4.464,11,63,3,11,0.91,0,2,0.182,Phishing
SEC-LOG-100710,11.17,SMB,445,107,47021,0.506,0,92.41,88.6,224.02,7.433,2,33,1,10,0.95,1,80,0.387,Ransomware
SEC-LOG-100711,26.37,HTTPS,53,122,26995,0.899,3,61.68,72.82,7.8,4.107,24,36,3,5,0.94,1,25,0.298,Malware
SEC-LOG-100712,24.01,HTTPS,22,146,42281,0.897,1,41.99,83.8,1.54,3.254,35,33,3,9,1.02,1,23,0.236,Malware
SEC-LOG-100713,13.58,HTTP,8080,101,77012,0.808,0,37.5,48.9,8.24,2.217,23,21,1,9,1.13,0,20,0.386,Malware
SEC-LOG-100714,38.54,HTTP,25,122,55266,0.649,0,22.17,18.91,2.4,2.632,5,47,0,7,1.03,0,2,0.986,Benign
SEC-LOG-100715,0.77,TCP,53,4536,678602,0.337,0,78.13,47.66,4.55,4.275,3,30,0,367,13.01,0,4,0.115,DDoS
SEC-LOG-100716,12.07,SMB,8080,122,60422,0.396,0,71.77,64.68,212.21,7.329,4,47,1,8,0.95,1,85,0.108,Ransomware
SEC-LOG-100717,3.16,UDP,443,4389,371420,0.383,0,68.04,24.28,1.15,3.888,5,47,0,359,5.51,0,2,0.144,DDoS
SEC-LOG-100718,27.81,HTTP,22,127,51567,0.614,2,16.16,46.74,1.33,3.029,7,40,0,9,0.99,0,1,0.917,Benign
SEC-LOG-100719,2.64,HTTPS,8080,136,6799,0.435,6,29.08,43.25,4.46,2.649,9,101,2,3,0.91,0,2,0.13,Phishing
SEC-LOG-100720,0.74,UDP,53,4501,981722,0.411,0,65.9,29.17,7.83,2.354,5,21,0,358,12.05,0,1,0.228,DDoS
SEC-LOG-100721,7.97,HTTPS,80,126,92277,0.355,0,31.21,17.62,5.8,2.287,4,12,0,9,0.94,0,2,0.905,Benign
SEC-LOG-100722,16.91,HTTP,53,125,47776,0.36,0,31.37,38.6,5.24,2.527,4,23,0,8,1.03,0,6,0.843,Benign
SEC-LOG-100723,15.29,HTTPS,443,116,6478,0.483,2,5.73,19.52,8.53,3.83,13,63,2,6,1.03,0,3,0.353,Phishing
SEC-LOG-100724,17.16,HTTPS,443,119,43990,0.924,3,53.96,82.88,8.05,4.134,22,23,2,6,0.91,0,28,0.148,Malware
SEC-LOG-100725,17.54,TCP,445,123,47479,0.475,0,97.85,67.56,224.3,7.731,6,44,1,8,1.04,1,94,0.171,Ransomware
SEC-LOG-100726,4.79,UDP,80,107,75006,0.636,0,22.37,37.63,0.88,2.918,3,10,0,6,1.09,0,2,0.875,Benign
SEC-LOG-100727,22.73,TCP,445,101,29297,0.41,0,81.14,60.47,280.14,7.794,5,49,2,5,1.05,1,78,0.314,Ransomware
SEC-LOG-100728,17.7,HTTP,53,124,84909,0.345,0,26.07,18.05,8.03,2.555,4,41,0,9,0.95,0,4,0.956,Benign
SEC-LOG-100729,25.12,HTTPS,80,129,56157,0.404,0,8.08,15.7,1.41,2.798,2,29,0,9,0.85,0,2,0.847,Benign
SEC-LOG-100730,0.67,TCP,25,120,73587,0.534,0,12.96,32.49,9.16,2.316,7,18,0,11,0.92,0,1,0.858,Benign
SEC-LOG-100731,41.21,SMB,445,137,100684,0.57,0,76.59,82.35,161.81,7.072,8,40,4,8,1.05,1,82,0.445,Ransomware
SEC-LOG-100732,19.77,HTTPS,443,104,4684,0.695,4,26.9,35.6,7.81,4.368,17,101,3,6,0.96,0,5,0.153,Phishing
SEC-LOG-100733,2.11,DNS,3389,113,68861,0.76,0,65.15,48.1,6.49,3.678,36,25,2,10,0.94,1,21,0.261,Malware
SEC-LOG-100734,3.87,HTTP,80,116,39339,0.586,0,16.98,25.23,2.1,3.449,5,29,0,7,1.06,0,3,0.892,Benign
SEC-LOG-100735,21.68,HTTPS,139,140,42012,0.388,0,74.06,69.11,198.88,7.836,4,16,2,8,0.91,0,85,0.478,Ransomware
SEC-LOG-100736,3.64,HTTPS,80,106,45211,0.333,0,22.44,25.2,7.9,3.94,5,55,0,6,0.98,0,2,0.941,Benign
SEC-LOG-100737,20.79,TCP,139,123,28431,0.491,0,90.08,78.95,209.42,6.86,3,20,4,8,0.99,1,89,0.387,Ransomware
SEC-LOG-100738,13.49,TCP,3389,103,68180,0.821,0,57.93,81.18,3.45,2.038,22,20,2,12,1.0,1,14,0.41,Malware
SEC-LOG-100739,20.24,DNS,80,110,74137,0.531,0,29.1,25.76,7.83,3.619,3,53,0,9,0.89,0,3,0.826,Benign
SEC-LOG-100740,8.19,HTTPS,443,109,86891,0.674,3,46.93,47.01,5.12,4.43,32,42,1,4,1.1,0,18,0.157,Malware
SEC-LOG-100741,17.84,TCP,53,107,82598,0.534,0,17.99,18.13,9.98,3.888,5,12,0,5,0.88,0,5,0.815,Benign
SEC-LOG-100742,4.43,HTTPS,443,127,2307,0.662,2,10.91,28.32,1.78,3.937,7,103,6,6,0.85,0,0,0.364,Phishing
SEC-LOG-100743,15.56,TCP,4444,104,33901,0.668,3,50.5,82.62,0.91,4.484,34,46,3,3,1.03,0,12,0.274,Malware
SEC-LOG-100744,14.68,TCP,80,136,87490,0.455,0,32.77,33.02,5.07,4.49,4,28,0,4,1.08,0,3,0.942,Benign
SEC-LOG-100745,0.75,HTTPS,443,130,97494,0.621,0,82.55,93.62,322.65,7.001,5,16,4,11,0.92,1,70,0.438,Ransomware
SEC-LOG-100746,11.3,DNS,53,110,86573,0.404,0,25.72,22.29,7.33,3.469,5,42,0,12,0.88,0,2,0.853,Benign
SEC-LOG-100747,13.62,HTTP,22,104,37795,0.743,0,34.74,44.06,2.47,4.426,27,66,3,6,1.15,1,20,0.291,Malware
SEC-LOG-100748,2.01,TCP,443,4622,684548,0.591,0,88.81,30.68,2.98,4.274,3,10,0,352,6.35,0,2,0.199,DDoS
SEC-LOG-100749,14.1,DNS,80,130,5970,0.691,2,33.14,27.57,9.44,3.622,13,96,2,11,0.99,0,2,0.229,Phishing
SEC-LOG-100750,2.94,HTTPS,8080,145,55573,0.406,0,30.13,24.95,2.0,2.68,4,44,0,2,1.13,0,0,0.879,Benign
SEC-LOG-100751,3.33,TCP,80,4461,957027,0.402,0,87.37,15.19,3.7,3.227,8,37,0,347,12.32,0,2,0.106,DDoS
SEC-LOG-100752,5.96,HTTPS,443,109,2341,0.518,6,23.25,40.89,3.87,3.165,12,67,2,7,0.92,0,1,0.094,Phishing
SEC-LOG-100753,11.77,TCP,443,128,100982,0.377,0,14.58,25.11,3.61,3.92,2,29,0,10,1.13,0,1,0.974,Benign
SEC-LOG-100754,8.52,TCP,53,110,67318,0.551,0,15.22,34.89,7.89,3.788,6,47,0,8,1.12,0,2,0.952,Benign
SEC-LOG-100755,5.28,SMB,445,121,26880,0.328,0,90.21,88.66,227.31,7.817,3,47,4,8,0.88,1,78,0.288,Ransomware
SEC-LOG-100756,18.32,HTTPS,8080,122,2476,0.434,1,5.09,39.24,6.11,4.024,18,111,3,5,1.0,0,3,0.338,Phishing
SEC-LOG-100757,14.89,TCP,4444,115,55322,0.799,0,68.82,40.57,4.28,3.261,20,26,3,6,1.03,0,23,0.227,Malware
SEC-LOG-100758,8.9,TCP,445,103,35103,0.318,0,98.94,87.24,91.16,7.679,2,43,2,9,1.02,0,96,0.491,Ransomware
SEC-LOG-100759,18.87,SMB,445,107,44688,0.313,0,98.03,60.15,243.79,7.882,5,59,4,11,0.98,1,80,0.441,Ransomware
SEC-LOG-100760,22.47,TCP,3389,119,50015,0.662,0,33.95,36.8,8.84,2.26,3,32,0,6,1.13,0,2,0.865,Benign
SEC-LOG-100761,1.72,UDP,443,138,49003,0.363,0,14.23,16.47,4.82,3.865,10,47,0,9,0.9,0,3,0.849,Benign
SEC-LOG-100762,4.81,HTTPS,53,111,69421,0.339,0,22.9,22.4,0.62,2.898,4,30,0,10,1.08,0,4,0.946,Benign
SEC-LOG-100763,17.58,HTTPS,80,114,7923,0.466,2,7.73,18.07,6.98,2.445,15,86,3,7,0.97,0,2,0.231,Phishing
SEC-LOG-100764,12.69,UDP,22,136,40247,0.629,0,19.88,28.86,2.52,2.946,9,19,0,13,0.91,0,1,0.845,Benign
SEC-LOG-100765,30.95,HTTPS,8080,122,41080,0.732,1,47.2,46.14,4.15,2.889,27,49,2,8,1.14,1,16,0.341,Malware
SEC-LOG-100766,13.09,HTTPS,445,114,79340,0.665,0,80.39,88.43,235.39,6.93,7,39,1,11,1.13,0,75,0.291,Ransomware
SEC-LOG-100767,4.38,SMB,139,125,36221,0.672,0,89.34,94.38,109.71,7.968,2,50,4,6,1.0,1,84,0.201,Ransomware
SEC-LOG-100768,6.89,UDP,443,116,67368,0.461,0,22.67,19.27,2.53,3.793,3,44,0,9,0.97,0,2,0.979,Benign
SEC-LOG-100769,8.38,SMB,445,104,23039,0.696,0,81.63,84.92,324.67,7.007,5,30,1,11,1.0,0,94,0.268,Ransomware
SEC-LOG-100770,8.8,TCP,8080,106,23092,0.692,0,15.66,20.11,9.66,2.035,6,29,0,6,0.88,0,0,0.884,Benign
SEC-LOG-100771,4.53,TCP,445,128,63156,0.49,0,92.44,76.53,96.5,7.54,6,25,4,10,1.03,1,71,0.269,Ransomware
SEC-LOG-100772,62.8,TCP,80,117,69417,0.625,0,22.33,17.32,2.85,2.431,6,24,0,8,1.14,0,1,0.923,Benign
SEC-LOG-100773,3.02,TCP,8443,132,67445,0.325,0,20.18,41.79,5.26,3.956,2,43,0,6,1.08,0,1,0.863,Benign
SEC-LOG-100774,19.62,HTTPS,139,138,38925,0.402,0,79.1,75.16,127.41,7.324,4,44,4,9,1.0,0,80,0.317,Ransomware
SEC-LOG-100775,16.24,UDP,8080,109,69997,0.611,0,22.41,47.63,1.53,2.236,8,37,0,7,1.04,0,3,0.977,Benign
SEC-LOG-100776,20.82,SMB,8080,130,103204,0.314,0,6.06,21.65,1.08,3.254,5,46,0,6,1.08,0,2,0.819,Benign
SEC-LOG-100777,15.7,HTTP,80,99,3884,0.674,1,13.2,15.21,8.09,3.06,15,68,4,8,0.86,0,1,0.213,Phishing
SEC-LOG-100778,4.57,HTTPS,80,128,3797,0.502,6,34.05,37.31,3.83,3.734,10,63,2,8,0.94,0,4,0.159,Phishing
SEC-LOG-100779,10.75,HTTP,80,129,6043,0.457,6,9.01,46.38,1.14,2.248,14,65,3,9,0.91,0,4,0.052,Phishing
SEC-LOG-100780,2.49,HTTP,443,109,2778,0.556,4,13.6,39.06,2.4,3.892,22,98,6,7,1.07,0,2,0.368,Phishing
SEC-LOG-100781,59.01,DNS,4444,120,27134,0.938,0,65.92,81.9,2.92,2.46,26,33,3,7,1.07,0,14,0.323,Malware
SEC-LOG-100782,17.65,HTTP,443,102,59257,0.614,0,12.54,46.12,8.21,2.4,9,29,0,5,1.14,0,2,0.949,Benign
SEC-LOG-100783,33.03,HTTPS,443,125,47609,0.604,0,32.0,32.02,5.88,2.955,5,33,0,8,1.08,0,1,0.851,Benign
SEC-LOG-100784,22.19,TCP,80,123,71024,0.654,0,22.29,38.56,5.11,2.567,6,31,0,10,0.97,0,3,0.853,Benign
SEC-LOG-100785,3.21,DNS,8080,4472,871708,0.598,0,89.88,37.81,6.49,3.294,5,40,0,372,14.19,0,0,0.331,DDoS
SEC-LOG-100786,1.83,TCP,4444,110,42804,0.635,3,35.0,74.95,9.09,3.91,29,19,1,5,0.89,0,15,0.16,Malware
SEC-LOG-100787,13.62,HTTPS,443,122,56970,0.657,1,61.98,79.66,9.22,2.79,31,41,4,6,1.11,0,17,0.437,Malware
SEC-LOG-100788,21.2,HTTPS,3389,121,64486,0.751,0,45.71,83.26,5.44,4.357,25,31,3,4,0.92,1,13,0.188,Malware
SEC-LOG-100789,4.55,UDP,80,4536,1101609,0.396,0,85.51,26.31,2.77,3.621,2,18,0,335,8.21,0,1,0.1,DDoS
SEC-LOG-100790,16.64,HTTP,443,121,57049,0.651,0,31.8,28.65,8.52,3.281,7,19,0,13,1.13,0,4,0.917,Benign
SEC-LOG-100791,9.42,TCP,8080,119,46536,0.731,0,58.48,69.89,2.28,3.32,27,19,2,12,0.88,1,20,0.248,Malware
SEC-LOG-100792,15.1,HTTP,8080,128,95400,0.601,3,71.71,66.99,7.6,2.331,25,19,3,8,0.92,1,19,0.396,Malware
SEC-LOG-100793,8.16,DNS,80,129,5501,0.321,2,5.04,47.87,4.82,2.255,19,51,2,4,1.03,0,2,0.193,Phishing
SEC-LOG-100794,0.53,TCP,443,100,57675,0.537,1,28.85,27.1,1.81,3.163,8,45,0,5,0.85,0,2,0.856,Benign
SEC-LOG-100795,13.46,TCP,443,122,57928,0.511,0,94.07,94.57,331.46,7.928,4,33,2,14,1.04,1,86,0.263,Ransomware
SEC-LOG-100796,1.5,TCP,80,4535,612313,0.492,0,66.54,16.08,9.93,4.071,5,26,0,368,10.5,0,5,0.215,DDoS
SEC-LOG-100797,26.37,DNS,4444,104,42248,0.71,5,69.1,75.61,3.3,3.507,28,10,1,11,0.87,1,19,0.407,Malware
SEC-LOG-100798,19.77,HTTP,443,118,4422,0.575,2,17.29,32.03,7.77,4.23,17,55,2,8,0.95,0,4,0.29,Phishing
SEC-LOG-100799,2.99,TCP,8080,4525,1124620,0.653,0,84.73,45.64,3.93,3.086,5,35,0,322,11.17,0,2,0.274,DDoS
SEC-LOG-100800,14.37,HTTP,443,122,1555,0.525,4,33.31,47.53,2.59,4.328,15,100,3,12,1.14,0,0,0.346,Phishing
SEC-LOG-100801,0.46,TCP,53,109,35547,0.493,0,17.75,22.31,9.5,2.009,6,55,0,10,1.07,0,2,0.961,Benign
SEC-LOG-100802,12.08,HTTP,8080,117,52393,0.803,3,48.85,74.25,4.69,3.152,25,24,1,4,0.93,0,11,0.116,Malware
SEC-LOG-100803,11.73,HTTPS,443,128,1668,0.65,2,9.6,23.79,5.27,2.897,16,89,3,3,1.14,0,5,0.113,Phishing
SEC-LOG-100804,6.03,HTTPS,443,130,58227,0.73,1,46.49,43.76,3.64,3.328,33,34,2,9,1.1,0,19,0.407,Malware
SEC-LOG-100805,9.36,HTTP,8080,102,2850,0.629,2,13.43,31.17,2.76,2.228,10,78,3,5,1.03,0,1,0.373,Phishing
SEC-LOG-100806,0.25,TCP,443,4474,529903,0.517,0,82.6,15.88,5.64,2.285,6,38,0,330,8.89,0,2,0.063,DDoS
SEC-LOG-100807,3.36,TCP,80,4564,446007,0.667,0,73.1,32.23,9.45,3.272,9,38,0,356,8.96,0,1,0.249,DDoS
SEC-LOG-100808,5.45,SSH,8080,117,56800,0.744,0,70.15,77.44,6.32,2.145,25,18,2,7,1.09,1,9,0.41,Malware
SEC-LOG-100809,19.19,TCP,443,125,28145,0.412,0,5.62,47.6,2.89,3.12,4,44,0,7,0.95,0,1,0.932,Benign
SEC-LOG-100810,1.71,TCP,80,4452,1043033,0.683,0,89.53,36.24,7.58,4.255,6,43,0,367,7.38,0,2,0.229,DDoS
SEC-LOG-100811,2.46,SMB,139,128,56742,0.363,0,77.6,73.78,325.4,7.378,2,50,2,12,1.05,1,72,0.412,Ransomware
SEC-LOG-100812,2.3,HTTPS,8443,114,29987,0.546,0,22.1,35.59,9.09,3.566,3,26,0,9,0.89,0,2,0.951,Benign
SEC-LOG-100813,0.49,HTTP,8080,4515,629900,0.304,2,88.4,36.89,3.92,4.131,4,52,0,334,12.08,0,3,0.283,DDoS
SEC-LOG-100814,14.27,SMB,443,120,89935,0.418,0,88.92,72.31,101.21,7.786,5,47,1,8,1.08,1,75,0.322,Ransomware
SEC-LOG-100815,11.8,SSH,3389,115,60227,0.847,0,67.35,70.82,2.16,3.139,23,20,4,4,1.01,1,14,0.441,Malware
SEC-LOG-100816,1.19,TCP,443,135,66622,0.811,5,42.26,59.62,9.82,3.539,19,38,2,5,0.9,1,15,0.182,Malware
SEC-LOG-100817,19.36,HTTPS,3389,99,47652,0.631,0,19.53,24.13,2.41,2.001,2,65,0,2,0.96,0,0,0.808,Benign
SEC-LOG-100818,22.66,TCP,21,117,25454,0.325,0,31.47,42.51,8.3,3.404,3,60,0,6,0.97,0,1,0.807,Benign
SEC-LOG-100819,15.7,HTTPS,443,115,64091,0.47,0,27.4,42.41,5.27,3.979,2,31,0,6,0.91,0,2,0.884,Benign
SEC-LOG-100820,16.05,HTTPS,139,122,75935,0.459,0,98.37,81.25,258.12,7.364,10,37,2,12,1.06,1,70,0.238,Ransomware
SEC-LOG-100821,12.28,UDP,80,104,25546,0.369,0,22.32,17.08,3.36,3.541,6,11,0,6,1.05,0,1,0.965,Benign
SEC-LOG-100822,36.43,TCP,3389,132,80553,0.496,0,6.84,26.15,1.32,3.339,1,29,0,8,0.87,0,2,0.86,Benign
SEC-LOG-100823,11.17,SMB,80,110,63327,0.53,0,19.02,42.26,2.59,2.991,4,21,0,4,1.08,0,5,0.967,Benign
SEC-LOG-100824,9.77,HTTPS,8080,126,48270,0.937,0,62.89,50.67,6.44,4.29,28,10,2,6,1.13,0,18,0.396,Malware
SEC-LOG-100825,2.13,TCP,53,4515,562118,0.497,0,72.11,25.28,9.09,3.986,4,33,0,353,5.09,0,4,0.326,DDoS
SEC-LOG-100826,29.06,HTTP,443,124,59631,0.366,0,20.37,29.34,5.96,4.302,5,51,0,7,1.07,0,1,0.808,Benign
SEC-LOG-100827,15.05,TCP,8080,107,83962,0.48,0,11.38,29.5,5.51,3.261,4,32,0,14,1.07,0,0,0.851,Benign
SEC-LOG-100828,13.84,HTTPS,80,126,7070,0.665,2,20.27,39.74,2.47,2.818,15,100,2,11,1.09,0,6,0.278,Phishing
SEC-LOG-100829,18.89,HTTP,443,133,77437,0.64,3,42.12,68.37,6.33,3.335,28,62,1,9,0.89,0,20,0.133,Malware
SEC-LOG-100830,0.75,HTTPS,443,141,110401,0.641,0,32.06,33.48,7.98,2.128,3,29,0,5,0.86,0,4,0.878,Benign
SEC-LOG-100831,1.3,HTTP,4444,107,50804,0.698,1,50.41,75.83,5.3,3.621,32,26,2,5,0.95,1,14,0.436,Malware
SEC-LOG-100832,2.03,SMB,22,128,66203,0.674,0,9.22,16.99,5.59,2.71,4,56,0,13,0.85,0,2,0.96,Benign
SEC-LOG-100833,35.72,UDP,80,108,70809,0.699,0,29.68,16.63,3.22,2.929,1,40,0,11,0.89,0,1,0.801,Benign
SEC-LOG-100834,3.95,HTTP,443,119,62287,0.855,1,73.01,66.07,9.34,3.848,24,32,3,9,1.04,1,25,0.438,Malware
SEC-LOG-100835,16.81,TCP,22,135,36912,0.671,5,49.26,68.61,3.52,4.077,31,53,2,6,0.9,1,23,0.335,Malware
SEC-LOG-100836,2.43,TCP,443,4543,984198,0.503,0,88.2,20.84,4.73,4.311,6,54,0,356,5.86,0,1,0.117,DDoS
SEC-LOG-100837,10.5,HTTP,443,121,69088,0.498,1,21.02,36.61,3.04,4.178,2,15,0,5,1.0,0,1,0.814,Benign
SEC-LOG-100838,19.16,DNS,443,117,37359,0.723,5,36.27,53.08,6.05,3.865,24,49,1,7,1.1,0,14,0.287,Malware
SEC-LOG-100839,4.76,HTTPS,443,125,6116,0.619,2,21.88,22.02,3.21,2.589,15,103,2,8,1.05,0,1,0.185,Phishing
SEC-LOG-100840,4.11,TCP,3389,128,28193,0.31,0,14.78,49.56,8.75,4.064,5,36,0,9,0.86,0,3,0.924,Benign
SEC-LOG-100841,6.51,DNS,443,130,4863,0.416,4,20.25,32.1,7.75,4.164,18,158,3,6,0.89,0,1,0.386,Phishing
SEC-LOG-100842,6.74,UDP,443,125,39475,0.589,0,24.24,41.83,3.68,2.19,7,34,0,10,0.96,0,6,0.892,Benign
SEC-LOG-100843,1.59,TCP,80,4587,597288,0.424,0,65.8,36.04,9.75,4.082,5,15,0,348,3.55,0,0,0.157,DDoS
SEC-LOG-100844,3.07,TCP,443,134,67251,0.319,0,8.75,15.9,6.08,2.034,3,39,0,14,1.13,0,2,0.853,Benign
SEC-LOG-100845,4.3,TCP,53,120,62428,0.606,1,47.94,77.95,7.91,4.021,31,19,1,4,1.05,1,14,0.173,Malware
SEC-LOG-100846,9.75,UDP,443,124,67833,0.641,0,28.46,19.04,0.97,2.071,5,60,0,12,1.11,0,2,0.883,Benign
SEC-LOG-100847,3.54,TCP,80,4530,1003159,0.314,0,65.7,27.85,4.78,4.123,1,35,0,340,14.36,0,2,0.288,DDoS
SEC-LOG-100848,30.69,HTTP,22,111,88265,0.706,5,71.83,51.56,8.53,2.582,15,35,2,12,1.1,0,14,0.425,Malware
SEC-LOG-100849,19.97,HTTP,8080,126,40051,0.605,1,33.79,47.04,6.96,3.149,14,18,3,8,1.13,1,17,0.411,Malware
SEC-LOG-100850,13.04,TCP,53,120,48785,0.592,0,12.9,35.49,1.91,2.304,7,34,0,8,0.96,0,2,0.959,Benign
SEC-LOG-100851,7.61,HTTP,80,112,1549,0.657,1,8.51,27.75,6.13,4.168,12,153,3,6,1.11,0,2,0.282,Phishing
SEC-LOG-100852,5.14,TCP,443,97,67228,0.639,0,8.76,37.56,1.94,3.637,3,29,0,9,0.88,0,2,0.802,Benign
SEC-LOG-100853,29.17,TCP,445,109,68386,0.559,0,70.84,94.78,324.87,7.139,2,24,2,11,1.12,1,80,0.196,Ransomware
SEC-LOG-100854,33.64,TCP,443,145,52896,0.492,0,24.55,17.48,0.67,4.345,5,29,0,9,1.13,0,1,0.885,Benign
SEC-LOG-100855,30.41,HTTPS,443,110,37784,0.342,1,5.15,38.04,8.64,4.335,3,43,0,5,1.11,0,0,0.939,Benign
SEC-LOG-100856,7.34,HTTP,80,128,60586,0.677,1,24.54,21.91,4.76,3.241,4,26,0,3,1.12,0,3,0.924,Benign
SEC-LOG-100857,4.39,TCP,8080,112,66913,0.829,1,53.08,46.5,9.37,2.212,31,42,1,13,0.95,1,22,0.263,Malware
SEC-LOG-100858,25.9,TCP,3389,115,45907,0.639,1,41.5,60.51,6.96,2.02,34,36,2,11,0.88,0,19,0.252,Malware
SEC-LOG-100859,4.64,HTTP,445,122,62126,0.401,0,16.42,30.78,8.51,2.219,9,34,0,8,1.14,0,0,0.888,Benign
SEC-LOG-100860,5.71,TCP,445,105,39881,0.612,0,95.18,77.07,182.31,6.849,11,34,2,8,0.94,1,88,0.405,Ransomware
SEC-LOG-100861,6.74,HTTPS,8080,111,86796,0.609,3,70.19,49.68,7.91,4.308,19,37,3,6,1.14,1,29,0.385,Malware
SEC-LOG-100862,5.9,SSH,443,110,83134,0.783,3,48.67,48.0,4.7,4.284,22,57,1,7,0.97,1,22,0.376,Malware
SEC-LOG-100863,70.23,HTTP,8080,100,70971,0.825,5,55.0,50.75,2.76,3.362,26,33,1,8,0.96,1,25,0.414,Malware
SEC-LOG-100864,4.05,HTTP,22,131,74586,0.69,1,56.73,41.46,2.28,3.701,24,37,2,4,1.05,0,18,0.17,Malware
SEC-LOG-100865,14.38,SSH,22,106,64382,0.687,0,50.44,62.35,5.38,4.372,24,37,3,8,1.13,0,15,0.201,Malware
SEC-LOG-100866,3.85,UDP,443,99,37799,0.594,0,19.44,47.99,6.96,4.234,2,53,0,4,0.91,0,2,0.944,Benign
SEC-LOG-100867,31.68,SSH,3389,131,55942,0.447,0,20.13,22.28,6.32,2.713,2,36,0,11,1.06,0,4,0.867,Benign
SEC-LOG-100868,4.29,SMB,445,122,90989,0.532,0,80.94,91.75,335.37,7.311,2,35,2,7,0.89,1,72,0.406,Ransomware
SEC-LOG-100869,2.16,UDP,8080,4552,1096689,0.628,1,92.53,30.02,5.93,3.724,11,28,0,342,12.86,0,1,0.157,DDoS
SEC-LOG-100870,8.24,TCP,443,118,55242,0.603,1,19.74,44.15,7.45,2.827,3,20,0,6,0.86,0,0,0.853,Benign
SEC-LOG-100871,10.65,TCP,80,119,83314,0.337,0,34.2,49.19,2.92,2.418,5,25,0,10,1.03,0,1,0.919,Benign
SEC-LOG-100872,4.72,HTTP,80,130,1584,0.368,2,22.26,30.76,6.39,3.01,13,111,3,5,0.92,0,1,0.239,Phishing
SEC-LOG-100873,8.28,TCP,8080,93,31160,0.898,3,46.21,53.29,1.09,2.044,22,43,4,7,0.88,1,18,0.278,Malware
SEC-LOG-100874,2.55,TCP,80,125,65987,0.387,0,16.55,47.04,3.99,3.31,10,31,0,5,0.94,0,2,0.956,Benign
SEC-LOG-100875,6.37,HTTP,443,124,37916,0.368,1,13.11,30.56,9.0,3.382,8,27,0,6,0.87,0,4,0.964,Benign
SEC-LOG-100876,8.26,HTTPS,8080,121,6224,0.318,1,26.74,27.47,2.56,2.533,21,105,6,5,0.91,0,1,0.257,Phishing
SEC-LOG-100877,18.14,HTTP,80,120,4765,0.446,2,6.51,47.35,1.34,3.45,14,68,4,6,0.89,0,2,0.103,Phishing
SEC-LOG-100878,9.13,HTTPS,443,130,94738,0.376,0,14.69,23.87,2.03,3.217,4,30,0,8,0.94,0,2,0.841,Benign
SEC-LOG-100879,13.49,HTTP,8080,118,65774,0.314,0,10.85,25.23,2.15,3.918,5,23,0,6,0.94,0,1,0.988,Benign
SEC-LOG-100880,10.37,TCP,80,110,80660,0.658,0,32.49,29.54,1.98,3.708,5,27,0,8,0.93,0,6,0.917,Benign
SEC-LOG-100881,12.93,HTTPS,80,119,4398,0.57,4,18.36,24.53,1.67,3.68,12,95,3,10,1.14,0,1,0.296,Phishing
SEC-LOG-100882,1.04,UDP,443,126,100023,0.33,0,15.76,18.38,3.41,3.686,5,18,0,6,1.11,0,0,0.804,Benign
SEC-LOG-100883,10.2,FTP,443,101,44778,0.406,0,28.0,46.72,9.72,3.067,2,33,0,8,1.01,0,4,0.896,Benign
SEC-LOG-100884,11.51,HTTPS,445,102,33486,0.338,0,99.32,81.33,304.76,6.925,4,23,1,12,1.09,1,77,0.467,Ransomware
SEC-LOG-100885,6.54,UDP,443,91,38571,0.604,0,33.7,49.82,3.51,3.272,4,51,0,5,0.87,0,2,0.892,Benign
SEC-LOG-100886,13.74,HTTPS,80,128,5747,0.669,1,19.33,33.23,5.53,4.172,13,85,3,9,1.03,0,0,0.205,Phishing
SEC-LOG-100887,24.28,FTP,443,116,39881,0.326,0,14.21,24.28,5.3,4.245,9,23,0,8,0.88,0,1,0.855,Benign
SEC-LOG-100888,2.65,TCP,53,134,80393,0.41,0,31.43,16.5,5.32,2.128,4,47,0,9,1.03,0,0,0.978,Benign
SEC-LOG-100889,57.28,TCP,53,130,52312,0.411,1,9.69,28.62,1.82,2.006,4,43,0,8,1.03,0,2,0.887,Benign
SEC-LOG-100890,11.23,DNS,443,133,4269,0.609,6,11.58,30.66,9.94,3.032,7,98,3,8,0.89,0,1,0.111,Phishing
SEC-LOG-100891,9.54,TCP,8080,128,50205,0.654,0,98.54,80.36,220.08,7.874,7,36,2,5,1.05,1,71,0.119,Ransomware
SEC-LOG-100892,4.97,SMB,139,134,94430,0.684,0,78.99,79.41,198.47,7.143,10,23,1,5,0.92,1,79,0.167,Ransomware
SEC-LOG-100893,21.56,TCP,80,140,58654,0.362,0,23.92,15.35,8.12,2.167,4,25,0,11,1.1,0,3,0.802,Benign
SEC-LOG-100894,17.0,HTTPS,443,123,3317,0.349,6,31.82,20.73,2.54,3.435,13,62,6,5,0.88,0,5,0.348,Phishing
SEC-LOG-100895,7.62,HTTPS,8080,122,87748,0.562,0,22.78,16.42,4.88,3.391,6,42,0,6,0.96,0,1,0.91,Benign
SEC-LOG-100896,28.27,HTTPS,22,119,47617,0.358,0,5.39,23.6,6.12,3.141,6,26,0,10,0.89,0,2,0.812,Benign
SEC-LOG-100897,4.63,TCP,445,108,39674,0.43,0,88.81,84.63,327.33,7.756,4,36,2,7,1.02,1,101,0.159,Ransomware
SEC-LOG-100898,0.36,HTTP,80,118,34159,0.459,0,17.61,47.59,7.22,2.819,5,47,0,11,1.15,0,3,0.908,Benign
SEC-LOG-100899,6.47,HTTPS,53,105,28569,0.374,0,31.16,35.23,4.4,4.492,1,24,0,7,1.09,0,1,0.833,Benign
SEC-LOG-100900,15.28,HTTPS,53,120,57157,0.652,0,13.3,16.5,2.17,3.625,5,18,0,11,1.1,0,2,0.904,Benign
SEC-LOG-100901,32.53,HTTPS,445,111,78159,0.366,0,13.47,47.81,2.45,2.416,4,18,0,8,0.93,0,2,0.819,Benign
SEC-LOG-100902,13.95,UDP,80,126,61509,0.673,0,20.46,20.52,4.72,2.5,6,39,0,7,0.89,0,2,0.947,Benign
SEC-LOG-100903,4.8,TCP,443,124,33810,0.692,3,54.63,58.38,4.11,2.019,30,36,1,9,0.85,1,26,0.435,Malware
SEC-LOG-100904,0.15,HTTPS,8080,119,85865,0.895,0,39.96,69.91,9.39,3.873,32,22,3,11,0.95,1,15,0.254,Malware
SEC-LOG-100905,28.92,HTTPS,445,129,76129,0.497,0,89.55,62.58,285.0,7.226,8,35,2,4,1.08,1,79,0.118,Ransomware
SEC-LOG-100906,1.23,SMB,445,141,69478,0.525,0,73.6,85.67,328.29,6.81,6,34,1,10,1.0,1,78,0.177,Ransomware
SEC-LOG-100907,0.13,TCP,445,112,74144,0.65,0,24.66,20.3,1.09,3.899,4,46,0,13,1.12,0,3,0.892,Benign
SEC-LOG-100908,33.55,HTTPS,53,113,77828,0.602,0,22.95,26.22,2.18,2.327,4,10,0,9,1.08,0,2,0.923,Benign
SEC-LOG-100909,10.81,HTTP,53,114,75454,0.541,0,33.4,46.37,2.74,2.657,5,50,0,6,0.88,0,1,0.896,Benign
SEC-LOG-100910,4.37,HTTPS,3389,121,33620,0.74,0,40.85,57.88,7.46,3.763,37,33,2,6,1.12,0,13,0.185,Malware
SEC-LOG-100911,6.58,TCP,80,122,28667,0.592,0,6.6,23.32,6.96,2.679,2,39,0,20,0.85,0,1,0.912,Benign
SEC-LOG-100912,3.11,HTTP,443,115,5001,0.604,2,25.15,19.32,9.98,2.201,14,55,6,6,1.12,0,1,0.384,Phishing
SEC-LOG-100913,4.19,SSH,3389,128,59281,0.813,1,60.92,76.19,9.88,2.168,31,20,1,4,0.99,0,14,0.325,Malware
SEC-LOG-100914,15.7,SSH,4444,132,88848,0.887,0,53.57,46.23,7.45,3.03,25,38,2,10,1.14,1,16,0.263,Malware
SEC-LOG-100915,25.98,HTTPS,4444,144,38620,0.631,3,42.6,75.74,2.11,3.787,26,17,2,11,1.12,1,12,0.385,Malware
SEC-LOG-100916,13.48,TCP,443,127,66713,0.546,0,25.04,31.75,6.22,3.408,6,34,0,7,0.97,0,3,0.864,Benign
SEC-LOG-100917,3.05,UDP,80,4593,854182,0.557,0,65.17,36.18,0.95,4.269,7,39,0,344,14.2,0,1,0.074,DDoS
SEC-LOG-100918,8.15,TCP,8080,138,58094,0.576,0,75.58,87.72,237.92,7.506,4,13,1,9,1.09,1,83,0.258,Ransomware
SEC-LOG-100919,8.35,TCP,80,105,78851,0.415,0,12.38,28.45,9.02,3.476,4,28,0,7,0.94,0,1,0.825,Benign
SEC-LOG-100920,1.73,HTTPS,8080,119,90590,0.67,0,77.71,63.44,154.23,6.847,3,53,2,10,0.92,1,82,0.281,Ransomware
SEC-LOG-100921,3.92,SSH,3389,149,108440,0.667,5,52.0,80.83,1.54,3.957,30,29,2,6,1.02,0,15,0.193,Malware
SEC-LOG-100922,35.76,TCP,445,112,88852,0.521,0,91.12,94.0,149.96,7.659,4,38,2,12,1.01,1,80,0.367,Ransomware
SEC-LOG-100923,36.55,TCP,8080,128,102210,0.574,0,94.75,85.42,231.75,7.79,4,39,1,13,0.88,0,106,0.231,Ransomware
SEC-LOG-100924,16.24,TCP,8080,132,67535,0.911,1,70.24,41.91,9.78,2.827,12,47,1,9,1.04,1,19,0.409,Malware
SEC-LOG-100925,2.3,TCP,53,112,50426,0.402,0,15.11,36.14,2.45,3.121,7,37,0,4,0.91,0,1,0.825,Benign
SEC-LOG-100926,10.5,TCP,80,111,26708,0.637,0,21.27,37.77,6.13,4.194,6,46,0,10,0.86,0,2,0.893,Benign
SEC-LOG-100927,16.12,HTTPS,8080,120,65770,0.85,0,61.72,71.74,4.69,2.983,25,25,2,12,1.09,1,18,0.152,Malware
SEC-LOG-100928,17.93,HTTPS,443,124,5681,0.542,2,14.55,43.92,6.73,3.899,21,45,3,6,1.0,0,2,0.104,Phishing
SEC-LOG-100929,15.84,UDP,443,128,34240,0.395,0,28.77,35.19,4.45,3.616,6,40,0,10,1.08,0,2,0.903,Benign
SEC-LOG-100930,18.82,HTTPS,443,128,83045,0.626,0,34.85,31.65,7.32,3.694,4,52,0,5,0.95,0,0,0.984,Benign
SEC-LOG-100931,23.25,SMB,139,100,31078,0.588,0,79.33,71.74,164.9,6.806,3,64,2,7,1.1,0,88,0.43,Ransomware
SEC-LOG-100932,0.71,DNS,80,4431,847393,0.383,0,74.93,16.05,3.19,3.518,9,29,0,326,12.25,0,3,0.118,DDoS
SEC-LOG-100933,12.21,TCP,443,118,64227,0.667,3,55.9,66.29,8.76,2.876,11,10,1,4,0.93,0,27,0.126,Malware
SEC-LOG-100934,22.81,HTTPS,445,120,83596,0.455,1,10.57,43.49,5.69,2.824,4,28,0,7,0.95,0,2,0.803,Benign
SEC-LOG-100935,3.3,DNS,22,124,45365,0.579,0,7.73,18.38,7.8,2.072,4,44,0,6,1.04,0,1,0.843,Benign
SEC-LOG-100936,2.05,HTTP,21,141,62219,0.552,0,17.76,29.91,9.4,2.172,5,44,0,9,1.02,0,2,0.99,Benign
SEC-LOG-100937,4.66,UDP,80,4614,1014902,0.406,0,74.7,30.28,1.04,4.439,4,48,0,341,11.25,0,1,0.261,DDoS
SEC-LOG-100938,11.45,DNS,80,108,67733,0.501,0,17.88,45.5,8.62,3.652,5,50,0,6,1.04,0,3,0.839,Benign
SEC-LOG-100939,8.81,HTTP,4444,126,57059,0.69,3,63.64,40.17,1.52,4.495,32,26,2,8,0.94,1,21,0.409,Malware
SEC-LOG-100940,7.43,UDP,443,100,69376,0.411,0,15.39,49.0,9.78,2.829,6,33,0,4,1.11,0,2,0.915,Benign
SEC-LOG-100941,16.07,HTTPS,443,124,96268,0.633,0,42.01,70.76,4.08,4.105,23,46,3,6,0.9,1,12,0.141,Malware
SEC-LOG-100942,8.29,HTTPS,443,128,7409,0.512,4,31.73,40.69,9.63,3.902,18,89,4,5,1.0,0,1,0.067,Phishing
SEC-LOG-100943,4.79,TCP,139,117,79307,0.677,0,82.61,88.79,179.14,7.384,5,11,1,2,1.05,1,78,0.346,Ransomware
SEC-LOG-100944,28.25,HTTP,80,119,89773,0.459,0,14.4,40.56,5.41,3.152,5,48,0,11,1.05,0,7,0.972,Benign
SEC-LOG-100945,52.89,UDP,80,124,45271,0.322,1,9.78,28.19,4.46,3.828,5,37,0,9,0.9,0,0,0.817,Benign
SEC-LOG-100946,42.77,TCP,443,121,53618,0.362,0,12.71,34.22,7.5,4.042,7,40,0,3,0.99,0,1,0.953,Benign
SEC-LOG-100947,3.95,DNS,80,4414,995682,0.377,0,74.16,31.69,2.1,4.487,1,30,0,358,14.48,0,4,0.232,DDoS
SEC-LOG-100948,19.36,SMB,8080,125,32634,0.362,0,77.37,72.13,189.33,7.93,5,27,2,9,0.92,0,81,0.221,Ransomware
SEC-LOG-100949,4.49,DNS,443,123,88455,0.665,0,54.86,55.57,8.13,2.774,21,30,2,5,0.92,1,17,0.362,Malware
SEC-LOG-100950,13.31,HTTP,80,132,6256,0.536,4,25.13,49.31,5.56,3.714,20,81,2,9,0.91,0,1,0.154,Phishing
SEC-LOG-100951,3.59,HTTPS,443,119,4732,0.492,6,35.0,43.02,2.95,2.578,17,62,4,10,1.04,0,2,0.142,Phishing
SEC-LOG-100952,9.85,HTTPS,25,128,33103,0.33,0,24.21,23.98,9.66,4.061,5,45,0,3,0.85,0,1,0.822,Benign
SEC-LOG-100953,3.46,UDP,53,4523,619242,0.663,0,86.87,25.25,1.29,3.22,5,39,0,338,14.51,0,2,0.176,DDoS
SEC-LOG-100954,25.7,TCP,22,114,52512,0.945,3,50.08,55.42,4.48,2.869,36,10,2,3,0.89,1,18,0.233,Malware
SEC-LOG-100955,3.4,UDP,443,99,34159,0.577,0,18.9,15.05,5.77,3.155,7,27,0,7,1.02,0,1,0.997,Benign
SEC-LOG-100956,6.25,TCP,4444,119,51867,0.702,1,42.48,66.45,0.86,2.792,18,30,1,5,0.96,1,21,0.408,Malware
SEC-LOG-100957,20.6,HTTP,443,91,52933,0.487,0,9.68,26.09,7.27,2.912,5,31,0,9,1.06,0,2,0.828,Benign
SEC-LOG-100958,1.01,TCP,443,111,64268,0.474,0,14.24,43.72,1.04,4.164,8,38,0,14,0.91,0,2,0.953,Benign
SEC-LOG-100959,11.72,DNS,443,122,7913,0.327,1,20.33,26.66,2.73,2.299,14,73,2,8,0.95,0,2,0.18,Phishing
SEC-LOG-100960,18.16,TCP,22,149,55720,0.695,0,21.61,17.98,3.96,2.216,4,28,0,7,0.99,0,1,0.857,Benign
SEC-LOG-100961,18.73,DNS,80,130,2201,0.366,2,21.71,16.43,6.72,3.857,16,107,6,8,1.11,0,2,0.22,Phishing
SEC-LOG-100962,48.45,TCP,443,110,35455,0.616,1,33.53,17.95,4.62,3.62,7,31,0,8,1.15,0,4,0.939,Benign
SEC-LOG-100963,12.27,HTTP,443,117,43972,0.66,0,33.98,31.57,1.46,2.138,7,25,0,12,0.97,0,1,0.965,Benign
SEC-LOG-100964,11.97,TCP,53,120,25317,0.492,0,21.68,19.81,4.19,3.553,2,29,0,8,1.01,0,2,0.97,Benign
SEC-LOG-100965,4.19,TCP,80,117,37293,0.535,1,34.24,23.71,1.47,3.476,6,58,0,10,1.09,0,4,0.923,Benign
SEC-LOG-100966,11.02,HTTP,80,118,6496,0.318,1,9.76,16.29,3.01,2.611,16,115,3,6,0.91,0,4,0.247,Phishing
SEC-LOG-100967,0.21,TCP,445,130,92683,0.405,0,33.23,38.79,4.84,2.325,5,34,0,8,0.97,0,0,0.825,Benign
SEC-LOG-100968,0.83,HTTP,4444,131,82822,0.924,1,33.77,52.31,0.99,3.424,25,27,4,6,0.88,1,21,0.402,Malware
SEC-LOG-100969,21.68,HTTPS,22,133,86715,0.613,1,73.01,46.7,1.96,3.672,23,20,2,9,1.05,1,25,0.334,Malware
SEC-LOG-100970,13.83,HTTP,443,147,3839,0.632,2,8.14,43.26,6.29,3.83,11,59,4,5,0.86,0,1,0.118,Phishing
SEC-LOG-100971,0.62,DNS,80,4564,1127240,0.512,0,70.23,46.19,6.11,2.463,5,38,0,351,5.3,0,2,0.069,DDoS
SEC-LOG-100972,12.85,HTTP,80,124,5938,0.439,4,33.45,48.21,7.65,2.635,17,98,3,10,0.98,0,2,0.136,Phishing
SEC-LOG-100973,2.14,HTTPS,80,110,52403,0.385,0,15.15,44.79,5.2,4.288,4,41,0,6,1.1,0,2,0.879,Benign
SEC-LOG-100974,58.94,HTTP,53,107,46035,0.483,0,31.64,20.53,7.3,2.694,4,34,0,6,0.9,0,4,0.824,Benign
SEC-LOG-100975,19.61,DNS,53,108,77653,0.566,0,8.12,22.13,0.86,2.362,8,10,0,15,1.04,0,2,0.863,Benign
SEC-LOG-100976,28.61,DNS,4444,132,29138,0.919,0,47.77,72.52,1.93,3.417,29,33,2,12,0.94,1,15,0.415,Malware
SEC-LOG-100977,6.71,HTTPS,8080,118,80224,0.374,0,6.05,18.17,6.13,4.166,7,12,0,8,0.87,0,2,0.837,Benign
SEC-LOG-100978,1.35,DNS,3389,114,42871,0.811,0,54.38,58.52,3.98,3.147,23,35,1,9,0.92,1,19,0.13,Malware
SEC-LOG-100979,21.37,TCP,4444,117,29899,0.747,1,71.39,75.42,5.04,2.145,24,36,2,7,0.96,1,25,0.277,Malware
SEC-LOG-100980,6.01,TCP,53,109,65535,0.318,0,25.75,49.66,3.6,4.005,6,36,0,11,0.97,0,1,0.963,Benign
SEC-LOG-100981,26.67,HTTPS,445,121,59979,0.478,0,93.66,65.85,270.77,7.235,6,55,1,12,0.9,1,74,0.129,Ransomware
SEC-LOG-100982,12.69,TCP,80,131,101225,0.329,0,21.12,35.04,9.94,2.381,8,51,0,11,0.94,0,3,0.82,Benign
SEC-LOG-100983,5.88,TCP,443,111,54157,0.524,0,29.44,48.28,4.34,2.124,3,15,0,8,1.01,0,3,0.982,Benign
SEC-LOG-100984,6.86,HTTPS,443,115,4751,0.627,4,30.22,27.12,7.26,3.335,12,94,2,7,0.9,0,1,0.275,Phishing
SEC-LOG-100985,10.96,HTTPS,22,123,93584,0.655,0,70.51,52.99,4.81,2.426,34,23,1,4,1.12,1,15,0.103,Malware
SEC-LOG-100986,5.6,HTTP,443,134,5440,0.41,2,32.9,21.19,1.63,2.482,21,81,3,11,0.92,0,3,0.218,Phishing
SEC-LOG-100987,0.48,HTTPS,443,130,103376,0.68,0,48.99,83.03,9.73,3.038,22,26,3,11,1.11,1,18,0.145,Malware
SEC-LOG-100988,7.49,TCP,22,130,63669,0.398,0,24.18,22.23,8.05,4.206,5,32,0,10,0.91,0,4,0.943,Benign
SEC-LOG-100989,7.41,TCP,445,106,64512,0.444,0,96.52,94.51,336.41,7.956,7,33,2,9,0.87,0,89,0.472,Ransomware
SEC-LOG-100990,11.23,SMB,445,121,80086,0.387,1,98.21,89.32,103.84,7.496,4,32,2,10,0.93,1,93,0.351,Ransomware
SEC-LOG-100991,18.26,HTTP,443,119,4461,0.56,1,32.94,20.63,7.26,3.704,16,56,2,8,1.06,0,2,0.334,Phishing
SEC-LOG-100992,0.34,TCP,443,125,56049,0.576,0,7.56,30.46,2.04,3.527,5,35,0,9,0.91,0,4,0.932,Benign
SEC-LOG-100993,1.14,TCP,53,110,46614,0.728,1,49.74,61.32,9.2,4.044,32,30,1,5,0.9,1,14,0.436,Malware
SEC-LOG-100994,0.38,TCP,445,107,22821,0.617,0,32.56,29.91,8.8,3.044,5,33,0,9,1.13,0,4,0.885,Benign
SEC-LOG-100995,7.41,HTTPS,443,106,54776,0.545,0,33.23,24.26,9.5,4.402,7,30,0,9,1.12,0,1,0.927,Benign
SEC-LOG-100996,1.84,DNS,80,4442,429853,0.317,0,94.25,22.87,4.19,2.279,2,46,0,305,9.89,0,1,0.296,DDoS
SEC-LOG-100997,11.0,HTTPS,443,102,52293,0.344,0,9.51,29.77,1.09,4.142,5,41,0,8,1.13,0,4,0.949,Benign
SEC-LOG-100998,3.54,TCP,53,4460,693733,0.534,0,92.06,41.19,1.5,2.908,3,31,0,350,5.41,0,4,0.118,DDoS
SEC-LOG-100999,52.49,HTTP,53,126,63170,0.74,1,62.16,53.33,4.41,3.957,18,28,2,11,0.97,1,24,0.287,Malware
SEC-LOG-101000,2.09,HTTP,53,114,32123,0.674,0,9.45,33.73,0.94,3.55,7,37,0,7,1.04,0,0,0.827,Benign
SEC-LOG-101001,0.52,TCP,4444,109,84477,0.852,0,51.8,43.78,8.99,3.203,26,40,3,3,1.08,1,17,0.299,Malware
SEC-LOG-101002,5.61,HTTPS,8080,133,70403,0.48,0,96.88,91.24,117.21,7.436,5,32,4,9,0.99,1,96,0.44,Ransomware
SEC-LOG-101003,4.03,HTTPS,80,111,7287,0.431,4,6.86,16.65,3.87,2.485,15,93,3,9,1.11,0,4,0.297,Phishing
SEC-LOG-101004,9.03,TCP,445,108,62091,0.382,0,92.23,80.99,182.82,6.984,1,25,2,5,0.98,1,70,0.23,Ransomware
SEC-LOG-101005,10.13,HTTP,8080,121,6306,0.454,4,31.95,31.72,0.54,4.202,14,82,3,6,1.02,0,0,0.138,Phishing
SEC-LOG-101006,19.7,HTTP,443,98,5651,0.313,4,16.42,22.48,1.47,3.929,11,87,3,11,0.89,0,2,0.153,Phishing
SEC-LOG-101007,26.53,SMB,139,125,93446,0.519,0,90.21,72.96,94.33,6.894,5,18,2,3,1.1,1,91,0.119,Ransomware
SEC-LOG-101008,11.24,UDP,443,106,26243,0.553,0,24.95,36.6,9.43,4.102,6,31,0,5,1.12,0,0,0.93,Benign
SEC-LOG-101009,60.79,DNS,443,109,70245,0.769,1,74.48,45.48,6.21,2.544,27,27,2,2,0.91,0,15,0.263,Malware
SEC-LOG-101010,2.45,TCP,3389,119,75469,0.475,0,34.61,29.54,1.14,3.028,3,36,0,5,1.08,0,2,0.954,Benign
SEC-LOG-101011,0.75,TCP,53,4401,932004,0.7,0,82.33,15.67,6.57,4.467,3,31,0,342,6.81,0,1,0.179,DDoS
SEC-LOG-101012,3.56,TCP,53,4489,1040102,0.618,2,71.96,34.38,4.93,4.497,9,42,0,338,5.62,0,4,0.156,DDoS
SEC-LOG-101013,0.71,TCP,80,120,46542,0.32,0,8.39,31.65,8.5,2.921,9,15,0,8,0.93,0,3,0.876,Benign
SEC-LOG-101014,2.48,HTTP,80,117,4263,0.599,2,16.1,36.03,6.04,3.519,15,147,3,10,1.14,0,1,0.377,Phishing
SEC-LOG-101015,4.42,TCP,443,4636,1094018,0.521,0,80.78,48.44,3.42,2.646,5,56,0,329,8.99,0,2,0.152,DDoS
SEC-LOG-101016,39.2,DNS,8080,126,78919,0.605,0,7.62,32.16,9.59,4.048,9,44,0,12,1.05,0,0,0.829,Benign
SEC-LOG-101017,30.66,HTTP,443,121,56944,0.86,1,72.91,73.51,1.38,4.009,38,18,2,6,0.89,1,18,0.278,Malware
SEC-LOG-101018,3.3,DNS,443,4470,1072687,0.303,0,81.91,48.5,4.69,2.699,6,38,0,360,7.42,0,1,0.131,DDoS
SEC-LOG-101019,10.35,UDP,80,111,60883,0.314,1,33.57,34.69,4.7,2.899,4,51,0,11,1.09,0,2,0.824,Benign
SEC-LOG-101020,18.57,HTTPS,80,119,5947,0.413,2,10.11,19.09,4.8,3.452,19,104,2,3,1.05,0,3,0.35,Phishing
SEC-LOG-101021,7.37,UDP,445,112,37553,0.676,0,33.38,19.22,0.77,2.275,4,37,0,8,0.99,0,4,0.983,Benign
SEC-LOG-101022,4.54,UDP,8080,4569,747505,0.425,0,65.32,35.15,7.73,4.182,6,29,0,365,8.78,0,0,0.134,DDoS
SEC-LOG-101023,4.72,TCP,80,4459,378813,0.42,0,65.54,31.8,0.73,4.131,2,52,0,390,5.2,0,2,0.119,DDoS
SEC-LOG-101024,4.46,TCP,443,4494,1037423,0.508,0,69.47,18.01,2.18,2.373,11,44,0,325,14.93,0,3,0.222,DDoS
SEC-LOG-101025,16.88,TCP,4444,136,89116,0.656,1,44.13,79.88,8.0,3.218,32,24,1,5,1.05,1,22,0.304,Malware
SEC-LOG-101026,25.68,SMB,139,109,76580,0.361,0,89.67,87.69,312.8,6.861,3,30,1,11,0.96,1,83,0.322,Ransomware
SEC-LOG-101027,17.18,TCP,139,121,38983,0.308,0,88.43,92.35,87.31,7.603,8,44,1,8,0.94,1,89,0.338,Ransomware
SEC-LOG-101028,19.42,HTTPS,53,101,37166,0.668,0,7.24,50.0,7.07,4.216,4,38,0,9,1.14,0,1,0.958,Benign
SEC-LOG-101029,32.23,SMB,443,133,88138,0.306,0,93.49,89.69,208.81,7.238,7,16,2,11,1.0,1,68,0.413,Ransomware
SEC-LOG-101030,3.13,TCP,443,124,50427,0.401,0,16.28,39.06,5.38,2.363,5,50,0,8,0.9,0,3,0.952,Benign
SEC-LOG-101031,10.38,SSH,8080,114,73619,0.865,0,67.29,69.09,5.04,3.612,22,44,1,9,1.06,0,15,0.369,Malware
SEC-LOG-101032,1.74,DNS,445,89,20714,0.495,0,13.55,41.1,7.85,4.271,2,58,0,7,1.03,0,4,0.847,Benign
SEC-LOG-101033,28.3,SMB,443,130,46841,0.357,0,15.39,34.6,4.9,3.15,7,33,0,4,1.12,0,5,0.881,Benign
SEC-LOG-101034,7.34,HTTP,443,103,64502,0.38,0,19.66,34.87,1.96,2.482,6,27,0,4,0.88,0,1,0.806,Benign
SEC-LOG-101035,12.4,HTTP,443,131,6305,0.485,4,7.08,26.64,8.31,3.015,13,115,2,7,1.05,0,0,0.278,Phishing
SEC-LOG-101036,24.57,DNS,443,106,22351,0.422,0,9.93,48.71,7.85,2.595,7,29,0,11,1.08,0,0,0.996,Benign
SEC-LOG-101037,17.65,HTTP,80,115,1503,0.329,4,24.24,16.42,3.48,3.277,15,177,3,9,1.04,0,0,0.151,Phishing
SEC-LOG-101038,10.26,FTP,443,129,25984,0.465,0,17.09,45.24,1.41,2.915,2,42,0,10,1.05,0,1,0.91,Benign
SEC-LOG-101039,40.76,FTP,8080,113,30560,0.612,0,7.51,15.67,4.07,3.763,11,25,0,7,1.14,0,1,0.819,Benign
SEC-LOG-101040,39.81,TCP,3389,131,102391,0.767,5,52.84,80.65,1.57,4.169,24,17,3,7,0.97,1,16,0.426,Malware
SEC-LOG-101041,17.49,SMB,443,100,29127,0.42,0,71.24,90.15,254.87,6.918,3,40,1,9,0.98,0,92,0.425,Ransomware
SEC-LOG-101042,8.19,UDP,8080,123,72164,0.417,0,29.21,16.57,4.11,2.877,6,45,0,6,1.0,0,1,0.872,Benign
SEC-LOG-101043,18.09,HTTPS,443,130,2559,0.529,6,21.07,49.6,7.6,2.302,14,90,2,7,1.13,0,2,0.099,Phishing
SEC-LOG-101044,4.3,TCP,139,133,72963,0.513,0,95.4,88.8,313.85,6.878,4,27,2,7,0.88,0,71,0.368,Ransomware
SEC-LOG-101045,19.93,HTTP,443,108,3612,0.454,1,31.83,34.86,7.36,3.021,21,139,2,8,1.0,0,1,0.395,Phishing
SEC-LOG-101046,16.45,HTTPS,445,112,82186,0.646,0,24.22,39.51,2.31,3.945,5,27,0,6,0.98,0,2,0.83,Benign
SEC-LOG-101047,2.54,DNS,443,111,28062,0.303,0,32.12,20.24,7.64,3.434,9,30,0,7,0.95,0,0,0.97,Benign
SEC-LOG-101048,6.88,SMB,445,132,65966,0.406,0,78.87,68.69,315.57,7.629,8,45,2,7,0.87,0,92,0.187,Ransomware
SEC-LOG-101049,1.0,HTTP,443,130,26041,0.521,0,10.79,16.74,8.82,3.5,4,28,0,7,0.95,0,4,0.834,Benign
SEC-LOG-101050,25.17,SMB,139,131,94973,0.57,0,88.32,89.0,317.09,7.509,6,47,2,14,1.03,0,85,0.321,Ransomware
SEC-LOG-101051,40.8,SSH,22,118,63211,0.876,0,33.86,75.77,3.98,3.0,31,46,2,18,0.91,0,20,0.32,Malware
SEC-LOG-101052,4.3,UDP,80,4587,853191,0.612,0,71.55,17.58,9.96,4.39,3,10,0,340,14.06,0,3,0.269,DDoS
SEC-LOG-101053,0.7,SMB,445,109,71303,0.463,0,99.45,84.2,341.94,6.818,2,33,2,8,0.94,1,95,0.404,Ransomware
SEC-LOG-101054,3.1,UDP,443,4397,1013378,0.658,0,68.19,17.0,7.35,2.882,3,45,0,313,4.21,0,3,0.148,DDoS
SEC-LOG-101055,6.87,UDP,80,108,77290,0.387,0,6.1,36.01,2.86,3.495,9,44,0,9,0.86,0,0,0.815,Benign
SEC-LOG-101056,3.57,HTTPS,139,112,86854,0.486,2,91.84,68.91,155.69,7.527,4,47,1,9,1.01,1,79,0.362,Ransomware
SEC-LOG-101057,6.8,HTTP,53,114,24949,0.831,1,36.91,50.08,9.57,2.962,32,29,1,12,0.9,1,15,0.25,Malware
SEC-LOG-101058,0.61,DNS,4444,115,57703,0.931,1,54.18,65.04,8.36,2.414,31,22,2,9,0.96,0,22,0.168,Malware
SEC-LOG-101059,14.18,HTTP,443,113,4294,0.44,2,24.67,48.01,0.6,2.676,17,45,3,3,0.92,0,1,0.078,Phishing
SEC-LOG-101060,0.18,HTTPS,445,108,80284,0.697,0,70.57,81.27,159.46,7.394,2,38,2,8,0.88,1,86,0.123,Ransomware
SEC-LOG-101061,3.49,DNS,443,4506,508649,0.559,0,76.61,23.9,7.33,2.483,7,33,0,403,4.83,0,1,0.168,DDoS
SEC-LOG-101062,0.97,SMB,8080,116,69657,0.301,0,91.74,69.6,158.85,7.971,1,55,2,5,1.12,1,89,0.175,Ransomware
SEC-LOG-101063,5.27,TCP,443,115,56932,0.782,0,41.08,82.76,4.18,3.331,16,28,1,9,0.87,1,12,0.355,Malware
SEC-LOG-101064,32.22,TCP,443,134,52270,0.84,0,42.39,84.55,4.94,4.05,21,27,1,7,0.9,0,22,0.106,Malware
SEC-LOG-101065,6.25,HTTP,80,114,6118,0.571,4,11.97,18.04,9.81,2.677,18,92,4,8,0.97,0,1,0.227,Phishing
SEC-LOG-101066,1.14,TCP,8080,117,37414,0.435,0,21.21,15.69,9.43,4.416,4,44,0,15,1.12,0,1,0.972,Benign
SEC-LOG-101067,1.18,TCP,80,113,37453,0.675,0,33.32,43.84,1.28,3.113,3,45,0,11,0.97,0,2,0.859,Benign
SEC-LOG-101068,10.94,TCP,443,112,87545,0.436,0,7.01,18.26,3.78,3.121,8,14,0,12,1.1,0,2,0.948,Benign
SEC-LOG-101069,1.81,TCP,443,106,83815,0.463,0,7.84,18.82,1.86,3.612,8,27,0,5,0.89,0,1,0.952,Benign
SEC-LOG-101070,21.77,TCP,80,127,73603,0.374,0,27.02,27.5,2.04,2.715,3,53,0,10,0.87,0,1,0.95,Benign
SEC-LOG-101071,1.6,HTTPS,8443,140,67757,0.641,0,23.33,38.37,4.3,4.278,6,39,0,12,0.87,0,4,0.977,Benign
SEC-LOG-101072,16.72,TCP,443,130,96244,0.365,0,15.98,42.54,6.37,3.318,0,30,0,8,1.15,0,3,0.844,Benign
SEC-LOG-101073,18.32,TCP,443,127,90054,0.397,0,10.59,19.64,6.51,3.562,2,43,0,10,1.01,0,4,0.857,Benign
SEC-LOG-101074,3.84,TCP,53,4565,974885,0.521,0,69.92,37.67,3.16,4.298,3,40,0,354,7.5,0,3,0.052,DDoS
SEC-LOG-101075,10.46,DNS,8080,128,74884,0.805,0,34.78,40.34,3.63,2.541,27,49,4,9,0.96,1,19,0.415,Malware
SEC-LOG-101076,5.38,UDP,80,117,74480,0.452,0,31.11,20.96,4.12,4.22,3,43,0,8,1.07,0,2,0.884,Benign
SEC-LOG-101077,15.76,HTTP,443,114,3036,0.485,2,34.88,37.88,7.18,2.784,11,45,4,6,1.01,0,1,0.063,Phishing
SEC-LOG-101078,14.02,HTTP,22,116,67748,0.663,0,7.04,40.27,3.86,4.466,3,42,0,5,0.86,0,3,0.803,Benign
SEC-LOG-101079,1.33,DNS,53,4520,383395,0.602,0,84.3,38.49,0.5,3.916,4,32,0,366,4.91,0,1,0.34,DDoS
SEC-LOG-101080,6.47,SMB,445,120,49701,0.669,0,87.3,82.17,235.71,6.929,7,35,4,7,1.06,0,98,0.12,Ransomware
SEC-LOG-101081,17.52,TCP,8080,109,66672,0.669,0,5.1,37.39,8.75,4.441,5,34,0,11,1.07,0,3,0.834,Benign
SEC-LOG-101082,11.97,HTTP,4444,143,107866,0.74,0,54.99,79.17,0.65,2.032,31,49,3,4,0.97,0,19,0.25,Malware
SEC-LOG-101083,19.66,SMB,443,114,31266,0.602,0,85.25,74.51,303.95,7.871,6,37,2,8,1.12,1,95,0.453,Ransomware
SEC-LOG-101084,4.7,TCP,53,4518,862653,0.54,0,76.53,20.27,5.1,2.289,2,44,0,374,3.63,0,6,0.31,DDoS
SEC-LOG-101085,4.2,TCP,4444,119,35579,0.644,0,33.67,69.92,3.79,3.652,24,17,3,8,0.92,0,19,0.183,Malware
SEC-LOG-101086,6.3,HTTPS,80,113,4416,0.602,2,20.0,47.6,5.91,3.207,19,108,6,9,0.94,0,3,0.124,Phishing
SEC-LOG-101087,41.55,UDP,443,121,76677,0.584,0,23.0,46.1,3.07,2.296,6,20,0,7,0.92,0,0,0.803,Benign
SEC-LOG-101088,0.71,HTTP,8080,4528,1119992,0.579,0,86.52,40.56,8.05,2.619,3,41,0,364,13.63,0,2,0.219,DDoS
SEC-LOG-101089,38.33,TCP,443,96,58140,0.472,0,24.3,21.81,5.75,2.962,4,48,0,8,1.04,0,0,0.82,Benign
SEC-LOG-101090,2.8,UDP,80,4538,910805,0.542,0,79.57,22.27,6.95,2.404,7,26,0,336,8.16,0,4,0.058,DDoS
SEC-LOG-101091,3.99,HTTPS,443,112,6487,0.509,1,18.87,45.43,0.86,3.535,16,77,4,10,0.94,0,4,0.122,Phishing
SEC-LOG-101092,18.58,HTTPS,443,126,3799,0.68,4,34.78,19.4,2.12,2.771,18,115,4,8,0.95,0,2,0.327,Phishing
SEC-LOG-101093,22.87,TCP,4444,120,53906,0.781,0,36.73,80.26,5.03,3.747,26,50,1,7,0.97,0,22,0.205,Malware
SEC-LOG-101094,4.87,TCP,22,127,30716,0.608,0,10.47,28.73,3.07,2.127,7,15,0,10,0.97,0,1,0.817,Benign
SEC-LOG-101095,18.33,DNS,80,119,49563,0.495,0,16.11,17.84,9.5,4.09,6,24,0,4,1.08,0,1,0.993,Benign
SEC-LOG-101096,2.04,HTTPS,80,124,40977,0.543,0,25.66,21.33,3.26,3.366,4,10,0,8,1.05,0,1,0.933,Benign
SEC-LOG-101097,4.02,UDP,443,108,66751,0.601,0,29.44,24.06,8.14,3.033,5,30,0,6,1.03,0,1,0.857,Benign
SEC-LOG-101098,7.25,TCP,445,112,46241,0.495,0,91.39,84.9,189.3,6.89,3,38,2,10,1.05,0,81,0.443,Ransomware
SEC-LOG-101099,17.77,TCP,443,133,62753,0.369,0,23.54,47.47,1.14,2.937,3,30,0,6,1.06,0,0,0.896,Benign
SEC-LOG-101100,27.82,DNS,22,111,67266,0.66,0,34.48,48.98,5.31,3.355,4,37,0,10,0.97,0,2,0.878,Benign
SEC-LOG-101101,0.38,DNS,53,4462,852649,0.626,0,77.04,33.87,4.37,3.318,4,43,0,339,14.06,0,1,0.201,DDoS
SEC-LOG-101102,21.79,SMB,445,139,43966,0.35,0,86.98,84.67,234.7,7.445,5,41,1,7,1.0,1,88,0.336,Ransomware
SEC-LOG-101103,2.64,DNS,443,4503,891494,0.699,0,90.08,17.67,1.28,2.141,3,51,0,398,11.8,0,1,0.126,DDoS
SEC-LOG-101104,2.14,UDP,8080,4443,869257,0.32,0,90.18,39.21,1.52,2.332,8,18,0,285,9.63,0,3,0.23,DDoS
SEC-LOG-101105,5.27,HTTPS,443,109,58771,0.699,0,6.55,21.16,5.56,3.375,5,37,0,9,1.04,0,2,0.972,Benign
SEC-LOG-101106,13.64,UDP,80,109,49181,0.343,0,16.21,26.7,9.81,3.081,6,47,0,9,0.95,0,3,0.974,Benign
SEC-LOG-101107,17.24,HTTPS,443,122,57207,0.58,0,74.77,93.37,237.84,6.895,8,16,4,7,1.14,0,85,0.241,Ransomware
SEC-LOG-101108,11.86,HTTP,443,136,7649,0.365,4,9.45,45.43,1.13,4.468,13,111,2,8,0.98,0,1,0.192,Phishing
SEC-LOG-101109,13.26,TCP,21,123,77233,0.32,0,11.06,20.98,6.76,4.321,6,21,0,3,0.93,0,2,0.845,Benign
SEC-LOG-101110,4.07,SMB,445,114,67982,0.527,0,93.22,60.77,159.69,7.565,4,39,1,9,1.06,0,90,0.136,Ransomware
SEC-LOG-101111,16.33,DNS,443,105,37122,0.54,0,7.64,22.51,8.72,4.055,3,18,0,9,1.13,0,1,0.846,Benign
SEC-LOG-101112,31.69,HTTPS,21,133,63963,0.319,0,32.3,35.88,7.3,4.105,7,12,0,7,1.02,0,2,0.926,Benign
SEC-LOG-101113,4.19,TCP,3389,119,92540,0.66,3,38.82,50.35,5.94,2.48,38,49,1,11,0.88,0,16,0.225,Malware
SEC-LOG-101114,2.66,HTTPS,4444,104,48492,0.902,3,73.74,63.22,9.59,2.816,26,38,2,7,0.92,1,16,0.376,Malware
SEC-LOG-101115,33.47,HTTP,22,116,47712,0.634,5,31.47,66.84,0.78,4.091,21,34,1,2,0.88,1,16,0.353,Malware
SEC-LOG-101116,1.1,FTP,8443,128,73990,0.547,0,19.58,26.26,0.57,3.057,5,52,0,10,0.87,0,1,0.823,Benign
SEC-LOG-101117,13.67,HTTPS,139,126,35821,0.362,0,86.86,75.76,238.04,7.742,5,58,1,6,1.09,0,89,0.27,Ransomware
SEC-LOG-101118,5.76,DNS,22,156,98779,0.309,0,9.88,22.49,3.73,3.971,3,33,0,10,1.11,0,1,0.855,Benign
SEC-LOG-101119,18.75,FTP,443,119,90019,0.657,0,23.85,29.73,3.1,2.151,4,49,0,14,1.03,0,2,0.976,Benign
SEC-LOG-101120,36.15,SMB,8080,125,95357,0.563,0,97.96,88.36,267.2,7.873,3,40,1,8,1.06,1,98,0.19,Ransomware
SEC-LOG-101121,3.52,UDP,53,4452,847083,0.626,0,84.45,22.47,9.23,2.071,6,23,0,376,13.4,0,0,0.185,DDoS
SEC-LOG-101122,34.51,TCP,8080,110,35742,0.429,0,77.29,84.54,299.16,7.242,3,41,4,5,1.02,1,68,0.273,Ransomware
SEC-LOG-101123,32.46,HTTPS,443,110,47381,0.502,0,95.08,77.15,145.15,6.844,10,43,4,6,0.93,1,91,0.459,Ransomware
SEC-LOG-101124,3.33,HTTPS,80,121,4049,0.559,1,17.99,44.03,1.56,3.203,19,110,2,13,1.01,0,1,0.185,Phishing
SEC-LOG-101125,11.24,HTTP,443,105,42859,0.861,5,58.65,56.7,2.08,2.488,23,45,3,12,0.86,1,20,0.351,Malware
SEC-LOG-101126,14.22,UDP,443,127,94267,0.306,0,23.38,17.44,4.56,3.628,7,33,0,5,1.06,0,1,0.875,Benign
SEC-LOG-101127,4.53,HTTP,3389,129,28718,0.612,0,56.21,67.97,4.83,3.87,19,52,3,10,0.99,1,28,0.248,Malware
SEC-LOG-101128,14.21,UDP,443,118,84740,0.369,0,22.24,18.78,4.91,3.747,6,44,0,4,0.89,0,0,0.994,Benign
SEC-LOG-101129,8.22,UDP,80,112,62455,0.458,0,33.49,45.72,1.63,3.631,1,25,0,7,1.09,0,5,0.877,Benign
SEC-LOG-101130,3.15,HTTPS,8080,117,5289,0.306,2,20.08,22.22,5.24,4.111,13,79,6,11,1.11,0,4,0.377,Phishing
SEC-LOG-101131,0.67,HTTPS,8080,113,41904,0.742,1,62.1,79.32,7.18,2.871,27,49,2,8,0.99,0,24,0.177,Malware
SEC-LOG-101132,3.04,HTTPS,443,135,83759,0.502,0,24.7,31.44,5.24,2.739,2,30,0,5,1.0,0,1,0.935,Benign
SEC-LOG-101133,33.32,DNS,53,125,78084,0.459,0,21.32,17.19,3.67,4.208,4,14,0,10,1.05,0,4,0.823,Benign
SEC-LOG-101134,6.39,HTTP,443,128,5720,0.572,4,32.48,37.57,2.07,4.376,15,60,3,10,0.93,0,4,0.145,Phishing
SEC-LOG-101135,3.16,HTTP,3389,120,62406,0.514,0,13.58,35.51,1.91,4.252,7,42,0,4,0.92,0,1,0.933,Benign
SEC-LOG-101136,3.1,HTTPS,139,127,82671,0.523,0,77.29,67.69,203.38,6.936,6,20,2,6,0.95,1,75,0.434,Ransomware
SEC-LOG-101137,21.46,HTTPS,53,125,91797,0.695,3,46.88,40.24,3.98,3.246,28,40,2,10,0.93,0,17,0.105,Malware
SEC-LOG-101138,1.32,HTTP,4444,126,48753,0.733,0,43.83,78.98,2.39,2.601,21,31,2,6,1.03,0,20,0.419,Malware
SEC-LOG-101139,16.7,DNS,3389,107,80787,0.675,0,42.23,83.69,5.79,2.882,29,26,1,10,0.92,1,17,0.289,Malware
SEC-LOG-101140,6.21,HTTPS,445,118,70862,0.577,0,78.2,88.88,312.35,7.367,6,38,4,2,1.11,1,92,0.191,Ransomware
SEC-LOG-101141,5.92,UDP,443,118,77399,0.559,0,8.5,46.07,8.31,3.944,4,31,0,15,0.89,0,0,0.973,Benign
SEC-LOG-101142,19.13,HTTP,80,141,3608,0.385,2,25.4,18.32,5.65,4.129,16,100,3,9,1.07,0,1,0.066,Phishing
SEC-LOG-101143,23.04,DNS,443,107,33380,0.669,5,52.9,48.06,9.54,2.002,17,35,3,9,1.06,0,26,0.256,Malware
SEC-LOG-101144,5.82,DNS,80,116,67102,0.327,0,34.94,27.26,7.58,2.164,2,50,0,6,0.89,0,1,0.961,Benign
SEC-LOG-101145,1.12,SMB,139,119,94129,0.567,0,91.69,83.37,310.22,7.278,4,39,1,1,1.1,0,93,0.476,Ransomware
SEC-LOG-101146,5.17,HTTPS,8080,115,35502,0.485,0,95.66,79.84,255.0,7.869,6,34,2,11,0.98,1,85,0.109,Ransomware
SEC-LOG-101147,11.55,HTTP,443,146,3396,0.421,6,27.41,15.63,4.24,3.391,21,69,2,5,1.1,0,0,0.138,Phishing
SEC-LOG-101148,6.51,HTTPS,445,125,55996,0.611,0,96.65,64.33,88.19,6.838,8,28,2,5,0.96,1,90,0.191,Ransomware
SEC-LOG-101149,17.51,HTTPS,443,110,34573,0.506,0,88.49,87.59,314.42,7.116,2,40,2,8,1.1,1,78,0.484,Ransomware
SEC-LOG-101150,14.53,HTTPS,443,126,3989,0.456,2,20.67,48.48,0.98,3.772,10,105,2,4,1.06,0,1,0.183,Phishing
SEC-LOG-101151,57.77,TCP,8080,123,47677,0.493,0,93.24,64.56,233.33,7.387,5,17,4,12,0.88,0,96,0.284,Ransomware
SEC-LOG-101152,5.75,HTTP,443,117,5012,0.437,1,31.74,43.2,9.55,2.909,19,84,3,11,0.85,0,2,0.268,Phishing
SEC-LOG-101153,9.61,HTTP,8080,124,5242,0.52,1,13.19,16.71,1.03,2.672,8,59,2,8,1.13,0,2,0.105,Phishing
SEC-LOG-101154,15.91,HTTP,443,122,5632,0.481,4,26.91,26.81,9.39,4.13,22,75,3,9,0.92,0,1,0.308,Phishing
SEC-LOG-101155,4.93,TCP,443,134,78602,0.439,0,79.42,78.45,122.99,7.709,11,59,2,6,0.99,1,63,0.116,Ransomware
SEC-LOG-101156,12.14,TCP,443,106,50155,0.435,0,7.13,45.26,6.3,4.457,5,50,0,10,0.96,0,0,0.875,Benign
SEC-LOG-101157,4.41,SMB,445,134,32013,0.631,0,75.29,66.09,104.43,7.796,5,21,2,6,1.1,0,92,0.435,Ransomware
SEC-LOG-101158,7.9,SMB,445,113,71027,0.604,0,92.27,79.69,189.63,7.574,7,26,2,6,1.08,1,89,0.271,Ransomware
SEC-LOG-101159,0.56,HTTP,443,114,60953,0.319,0,30.39,16.54,5.32,4.128,0,39,0,4,1.0,0,1,0.938,Benign
SEC-LOG-101160,12.05,HTTPS,443,125,59269,0.483,0,74.26,78.76,135.31,7.194,6,32,1,12,0.96,0,95,0.386,Ransomware
SEC-LOG-101161,1.77,TCP,8080,121,79006,0.439,0,15.78,26.53,7.81,2.429,6,40,0,8,0.93,0,1,0.84,Benign
SEC-LOG-101162,4.2,TCP,53,119,78820,0.629,0,28.93,42.16,3.37,3.82,6,46,0,11,1.0,0,4,0.832,Benign
SEC-LOG-101163,8.0,HTTP,443,98,1887,0.453,6,31.45,48.73,8.9,2.268,19,119,2,13,1.06,0,1,0.309,Phishing
SEC-LOG-101164,5.0,TCP,53,123,74001,0.424,0,11.15,47.96,9.11,4.175,5,31,0,10,0.87,0,3,0.925,Benign
SEC-LOG-101165,0.52,SMB,139,124,43804,0.666,1,89.2,81.89,106.38,7.315,4,37,2,8,1.1,1,93,0.49,Ransomware
SEC-LOG-101166,15.47,TCP,139,114,52531,0.511,0,98.11,84.58,187.49,7.048,3,50,2,6,1.03,1,87,0.146,Ransomware
SEC-LOG-101167,17.16,DNS,8080,115,56277,0.871,0,42.8,64.34,7.2,2.171,17,41,1,6,1.09,0,28,0.245,Malware
SEC-LOG-101168,9.59,UDP,22,125,91628,0.361,0,23.73,45.87,8.36,2.8,4,38,0,4,1.12,0,3,0.918,Benign
SEC-LOG-101169,20.62,TCP,443,116,65496,0.515,0,17.66,42.84,6.06,2.491,8,21,0,4,1.04,0,2,0.856,Benign
SEC-LOG-101170,8.74,HTTP,443,116,4118,0.342,2,10.89,22.43,2.94,3.149,18,105,4,10,1.13,0,1,0.234,Phishing
SEC-LOG-101171,3.57,DNS,443,4493,415654,0.483,0,85.27,19.77,0.7,3.382,6,15,0,351,11.82,0,0,0.079,DDoS
SEC-LOG-101172,3.76,HTTP,80,127,4055,0.456,4,21.55,35.48,1.16,2.756,13,78,4,7,1.08,0,2,0.133,Phishing
SEC-LOG-101173,40.51,DNS,8080,117,34286,0.618,0,26.55,38.4,2.18,2.928,8,42,0,9,1.05,0,3,0.825,Benign
SEC-LOG-101174,15.84,HTTP,80,119,5709,0.402,2,23.59,22.22,9.99,2.707,17,81,4,7,1.07,0,1,0.265,Phishing
SEC-LOG-101175,3.55,HTTP,22,109,47779,0.934,0,43.73,70.09,5.76,2.233,14,58,3,10,1.03,0,18,0.293,Malware
SEC-LOG-101176,3.59,SMB,445,135,44714,0.465,0,95.4,63.53,232.27,7.838,6,35,2,4,0.96,1,74,0.298,Ransomware
SEC-LOG-101177,7.82,HTTP,80,137,92991,0.571,0,27.1,42.53,1.36,2.458,7,34,0,6,1.03,0,0,0.829,Benign
SEC-LOG-101178,1.16,TCP,445,122,82101,0.301,0,87.68,73.89,104.79,6.928,5,19,4,4,0.87,1,99,0.301,Ransomware
SEC-LOG-101179,9.0,DNS,8080,127,70230,0.745,1,52.79,66.42,5.92,4.344,22,46,1,8,1.0,0,19,0.359,Malware
SEC-LOG-101180,2.69,TCP,8080,4463,615489,0.516,0,77.18,45.16,6.2,2.288,6,45,0,335,14.04,0,7,0.117,DDoS
SEC-LOG-101181,7.46,HTTP,8080,142,52882,0.69,0,9.14,24.87,9.66,3.04,4,21,0,9,0.85,0,3,0.884,Benign
SEC-LOG-101182,4.83,HTTPS,443,119,4065,0.592,4,13.59,32.61,6.22,2.863,10,70,4,8,1.03,0,4,0.173,Phishing
SEC-LOG-101183,2.61,HTTP,80,4367,385146,0.341,0,78.5,48.67,0.68,2.596,4,25,0,334,9.18,0,1,0.274,DDoS
SEC-LOG-101184,5.52,TCP,443,119,57752,0.698,0,16.36,36.58,3.78,3.186,4,30,0,10,0.95,0,2,0.899,Benign
SEC-LOG-101185,4.94,DNS,80,4514,903074,0.562,0,92.12,43.39,4.42,3.889,7,54,0,330,6.89,0,1,0.173,DDoS
SEC-LOG-101186,8.42,HTTPS,80,120,3359,0.52,2,33.15,24.93,7.56,4.214,2,56,3,7,0.93,0,1,0.329,Phishing
SEC-LOG-101187,15.17,TCP,53,130,87565,0.313,1,10.44,24.65,8.19,2.475,10,38,0,7,1.08,0,3,0.932,Benign
SEC-LOG-101188,11.23,HTTPS,443,116,79440,0.695,0,26.86,35.6,4.42,2.132,1,28,0,12,1.02,0,3,0.997,Benign
SEC-LOG-101189,13.73,HTTP,443,119,2314,0.427,4,17.82,26.37,6.59,3.708,18,77,4,9,0.9,0,2,0.214,Phishing
SEC-LOG-101190,22.74,HTTP,80,126,96918,0.499,1,30.68,39.23,1.95,3.243,4,33,0,10,0.91,0,3,0.839,Benign
SEC-LOG-101191,28.62,SSH,3389,99,66390,0.871,0,48.01,52.38,0.72,3.004,24,31,3,6,1.03,0,23,0.132,Malware
SEC-LOG-101192,10.26,TCP,80,124,94348,0.412,0,5.51,23.93,2.29,2.339,2,30,0,10,1.05,0,2,0.87,Benign
SEC-LOG-101193,13.38,HTTP,443,116,7850,0.507,4,8.11,42.6,4.2,2.114,8,78,2,12,0.93,0,3,0.269,Phishing
SEC-LOG-101194,0.3,HTTP,8080,123,71158,0.523,0,11.61,34.71,6.85,2.962,3,38,0,4,1.0,0,5,0.89,Benign
SEC-LOG-101195,0.49,HTTPS,445,114,89449,0.361,0,85.79,66.93,232.9,7.434,3,42,1,9,0.9,1,79,0.422,Ransomware
SEC-LOG-101196,3.76,UDP,80,4571,713254,0.697,0,83.64,37.48,5.87,3.2,3,38,0,362,5.44,0,6,0.253,DDoS
SEC-LOG-101197,2.44,TCP,443,4421,1085394,0.508,0,93.8,45.14,5.02,3.954,0,38,0,400,3.91,0,1,0.26,DDoS
SEC-LOG-101198,13.54,HTTP,80,120,3624,0.563,6,22.93,32.8,4.78,2.514,11,54,2,4,1.14,0,0,0.109,Phishing
SEC-LOG-101199,25.27,HTTP,80,128,72484,0.7,0,33.09,32.16,7.93,3.433,8,39,0,9,0.89,0,2,0.967,Benign
SEC-LOG-101200,35.76,HTTPS,445,123,86675,0.415,0,95.67,68.8,251.0,7.701,6,27,4,11,0.93,0,80,0.293,Ransomware
SEC-LOG-101201,17.99,HTTPS,80,106,34350,0.679,0,12.27,23.33,5.34,3.13,6,44,0,4,1.08,0,1,0.952,Benign
SEC-LOG-101202,4.8,HTTPS,3389,127,94233,0.411,0,31.46,36.61,9.78,2.557,7,66,0,2,1.01,0,3,0.802,Benign
SEC-LOG-101203,6.07,HTTPS,443,115,66196,0.461,0,15.35,38.78,9.26,3.458,1,58,0,10,1.13,0,3,0.893,Benign
SEC-LOG-101204,17.8,HTTP,4444,108,58393,0.937,3,58.27,70.08,9.78,2.589,20,47,2,8,1.02,1,21,0.237,Malware
SEC-LOG-101205,39.57,SMB,445,128,47143,0.409,0,77.87,94.84,288.41,7.385,10,42,4,9,1.14,1,88,0.174,Ransomware
SEC-LOG-101206,6.44,HTTP,80,122,2259,0.616,1,11.42,25.45,8.17,3.933,7,107,3,10,1.02,0,3,0.118,Phishing
SEC-LOG-101207,1.65,DNS,53,130,76181,0.92,0,70.39,71.07,3.22,2.077,25,23,2,6,0.99,0,14,0.257,Malware
SEC-LOG-101208,7.83,HTTPS,443,122,29764,0.593,0,23.82,44.52,0.88,4.31,6,24,0,13,0.94,0,2,0.966,Benign
SEC-LOG-101209,0.51,UDP,80,4597,853458,0.301,0,75.14,34.97,6.79,3.634,9,30,0,332,6.52,0,2,0.276,DDoS
SEC-LOG-101210,19.84,HTTPS,8080,108,27273,0.687,0,68.62,53.52,3.39,3.207,35,17,1,3,0.93,1,28,0.136,Malware
SEC-LOG-101211,18.79,HTTP,53,127,71421,0.795,1,53.93,60.78,8.38,4.092,15,27,2,9,1.07,0,16,0.409,Malware
SEC-LOG-101212,12.87,HTTP,8080,115,74292,0.656,0,16.83,43.37,4.17,4.317,4,55,0,7,1.1,0,3,0.97,Benign
SEC-LOG-101213,17.09,TCP,8080,136,63766,0.344,0,79.3,87.51,159.25,7.208,6,35,1,10,0.93,1,81,0.229,Ransomware
SEC-LOG-101214,17.39,HTTPS,80,124,5356,0.331,1,28.46,44.63,3.02,3.463,9,93,6,7,1.1,0,2,0.116,Phishing
SEC-LOG-101215,1.15,HTTPS,80,126,58892,0.492,0,5.04,43.46,9.71,4.41,9,47,0,8,0.99,0,3,0.857,Benign
SEC-LOG-101216,6.85,TCP,443,114,56912,0.482,0,8.85,21.32,8.41,3.149,3,10,0,6,1.15,0,4,0.863,Benign
SEC-LOG-101217,7.96,HTTP,443,118,5492,0.559,4,31.95,30.22,2.39,4.442,19,94,2,7,1.11,0,1,0.298,Phishing
SEC-LOG-101218,11.56,HTTP,443,126,7001,0.418,2,17.99,17.08,9.04,2.432,13,81,4,12,1.09,0,4,0.204,Phishing
SEC-LOG-101219,2.89,UDP,443,108,29786,0.651,0,8.33,23.92,9.52,3.273,4,41,0,9,0.96,0,1,0.957,Benign
SEC-LOG-101220,2.51,TCP,53,4492,504430,0.404,0,76.69,16.92,1.87,2.496,2,48,0,360,11.45,0,1,0.191,DDoS
SEC-LOG-101221,12.42,FTP,443,110,58527,0.665,0,20.91,28.38,9.68,3.982,3,27,0,7,0.88,0,5,0.923,Benign
SEC-LOG-101222,24.2,HTTP,3389,134,69952,0.771,0,38.11,46.58,6.91,2.083,30,36,2,5,0.86,0,25,0.314,Malware
SEC-LOG-101223,0.15,UDP,53,4651,374707,0.354,1,92.35,31.91,2.49,2.146,5,33,0,353,12.59,0,1,0.119,DDoS
SEC-LOG-101224,12.13,HTTPS,8080,132,75977,0.737,0,51.24,52.96,2.36,3.109,27,40,3,5,0.95,1,21,0.159,Malware
SEC-LOG-101225,11.04,HTTPS,8080,113,2294,0.589,2,33.74,34.74,5.05,4.142,11,132,2,13,0.95,0,1,0.084,Phishing
SEC-LOG-101226,2.83,HTTPS,443,126,94130,0.31,0,21.66,23.91,2.1,4.012,6,23,0,6,0.93,0,4,0.941,Benign
SEC-LOG-101227,14.55,UDP,443,114,83751,0.522,0,9.89,18.06,8.29,3.433,5,43,0,8,1.03,0,2,0.999,Benign
SEC-LOG-101228,2.7,UDP,443,4474,362161,0.398,0,89.75,18.43,8.92,2.954,4,27,0,355,5.92,0,1,0.265,DDoS
SEC-LOG-101229,7.9,HTTP,53,116,92119,0.698,0,35.27,41.42,7.74,4.087,23,46,4,8,1.03,0,15,0.236,Malware
SEC-LOG-101230,12.01,TCP,445,112,25746,0.443,0,87.84,78.1,154.15,7.303,5,21,2,14,1.1,0,69,0.365,Ransomware
SEC-LOG-101231,17.08,HTTPS,80,109,55227,0.427,0,28.96,45.04,3.13,3.052,3,41,0,6,0.88,0,2,0.999,Benign
SEC-LOG-101232,12.68,HTTPS,443,113,30434,0.663,0,29.02,32.78,5.02,4.344,5,36,0,4,1.06,0,1,0.996,Benign
SEC-LOG-101233,84.37,TCP,443,127,98721,0.559,0,26.13,38.3,4.67,3.352,5,20,0,9,1.02,0,1,0.832,Benign
SEC-LOG-101234,19.02,HTTP,80,107,2046,0.657,4,30.81,20.42,9.11,4.395,21,90,3,9,1.11,0,2,0.379,Phishing
SEC-LOG-101235,2.64,FTP,443,118,35429,0.546,0,22.83,42.11,6.21,4.066,4,37,0,7,1.11,0,0,0.845,Benign
SEC-LOG-101236,3.86,SMB,443,123,63294,0.469,0,86.56,92.34,301.45,7.351,9,33,1,13,1.01,0,92,0.128,Ransomware
SEC-LOG-101237,13.49,HTTPS,443,111,48432,0.912,0,38.12,68.96,6.98,3.67,28,10,1,12,1.04,1,27,0.415,Malware
SEC-LOG-101238,3.97,UDP,443,4629,807772,0.556,0,71.35,36.4,8.4,3.168,3,39,0,313,14.74,0,3,0.209,DDoS
SEC-LOG-101239,31.98,TCP,53,117,36744,0.627,0,16.45,30.41,3.79,3.635,2,42,0,12,1.13,0,2,0.926,Benign
SEC-LOG-101240,16.4,SMB,445,100,44353,0.355,0,96.65,77.53,272.52,7.692,7,41,2,11,0.94,1,92,0.457,Ransomware
SEC-LOG-101241,2.06,HTTPS,139,107,27018,0.698,0,70.41,60.21,262.78,7.81,5,36,1,9,0.99,1,74,0.129,Ransomware
SEC-LOG-101242,5.59,SMB,445,125,90447,0.377,0,96.53,82.09,80.81,6.879,6,25,2,8,1.04,1,108,0.157,Ransomware
SEC-LOG-101243,1.59,SMB,8080,120,47126,0.69,0,88.53,60.89,244.47,7.882,7,38,2,4,0.93,1,82,0.369,Ransomware
SEC-LOG-101244,23.19,TCP,445,117,92359,0.513,0,80.97,80.69,195.3,7.337,3,20,2,8,1.01,1,80,0.413,Ransomware
SEC-LOG-101245,17.19,HTTP,80,101,5185,0.304,4,30.82,39.1,4.34,4.482,10,100,3,5,1.08,0,3,0.08,Phishing
SEC-LOG-101246,3.25,UDP,445,106,30299,0.667,0,10.91,22.54,3.18,2.909,5,48,0,5,0.92,0,3,0.831,Benign
SEC-LOG-101247,6.18,SSH,22,118,26329,0.359,0,13.36,45.71,6.36,2.984,5,24,0,7,0.88,0,2,0.884,Benign
SEC-LOG-101248,0.22,UDP,80,4444,832856,0.476,0,90.91,23.28,6.85,2.586,6,29,0,388,6.63,0,0,0.279,DDoS
SEC-LOG-101249,9.9,HTTPS,443,129,3245,0.634,1,22.83,40.07,6.18,2.128,22,104,2,8,0.86,0,3,0.051,Phishing
SEC-LOG-101250,8.49,TCP,139,108,70773,0.479,0,79.89,83.42,103.47,7.529,3,30,2,12,1.08,1,87,0.411,Ransomware
SEC-LOG-101251,6.61,HTTPS,443,127,100979,0.711,3,61.3,69.12,7.4,2.298,29,21,4,13,0.99,0,10,0.281,Malware
SEC-LOG-101252,4.11,HTTPS,25,108,71467,0.579,0,23.65,42.15,2.44,2.187,7,29,0,6,0.87,0,0,0.952,Benign
SEC-LOG-101253,64.46,HTTP,443,114,31506,0.692,0,7.72,44.46,6.53,2.322,8,48,0,7,1.15,0,3,0.819,Benign
SEC-LOG-101254,18.26,HTTP,443,129,2196,0.42,1,19.92,15.87,9.46,3.357,18,121,3,4,1.09,0,4,0.174,Phishing
SEC-LOG-101255,16.62,SSH,443,123,86431,0.724,0,35.25,65.08,1.55,3.633,25,30,2,6,1.07,1,14,0.282,Malware
SEC-LOG-101256,21.8,HTTPS,80,112,85764,0.382,0,27.07,19.48,7.27,2.723,5,18,0,7,0.93,0,0,0.852,Benign
SEC-LOG-101257,4.41,TCP,8080,113,81859,0.621,5,65.78,66.57,0.75,3.324,22,37,4,7,1.15,0,7,0.124,Malware
SEC-LOG-101258,35.32,HTTPS,80,131,78140,0.661,0,32.06,33.34,3.05,3.521,3,37,0,7,1.12,0,1,0.864,Benign
SEC-LOG-101259,2.75,HTTPS,4444,123,43239,0.677,0,51.16,72.13,6.11,2.577,20,15,1,6,1.09,1,26,0.242,Malware
SEC-LOG-101260,9.38,DNS,80,131,52138,0.373,0,33.7,25.2,7.93,2.881,0,42,0,11,1.14,0,4,0.958,Benign
SEC-LOG-101261,24.53,SMB,445,114,22968,0.642,0,88.19,73.07,335.71,7.716,6,21,2,5,1.08,1,99,0.424,Ransomware
SEC-LOG-101262,1.44,HTTPS,22,131,37480,0.556,0,30.62,16.1,8.75,4.218,3,32,0,13,1.04,0,2,0.89,Benign
SEC-LOG-101263,9.91,DNS,8080,114,70386,0.782,0,48.13,84.8,8.93,4.17,23,32,2,6,1.0,0,14,0.348,Malware
SEC-LOG-101264,8.72,HTTP,443,131,87749,0.648,0,15.66,30.04,7.57,2.456,3,36,0,8,1.06,0,2,0.964,Benign
SEC-LOG-101265,4.08,HTTP,53,125,58021,0.666,0,34.95,41.86,7.03,2.031,4,32,0,10,0.87,0,0,0.858,Benign
SEC-LOG-101266,1.98,TCP,53,127,74946,0.304,0,26.47,36.77,2.96,4.319,8,29,0,5,1.05,0,3,0.937,Benign
SEC-LOG-101267,2.14,TCP,443,117,44198,0.684,0,36.73,59.57,6.62,4.259,23,38,4,8,0.95,1,17,0.265,Malware
SEC-LOG-101268,16.46,HTTP,80,109,2540,0.675,6,14.67,21.16,4.21,3.399,18,89,2,12,1.01,0,0,0.294,Phishing
SEC-LOG-101269,23.94,TCP,22,116,44075,0.342,0,29.23,38.11,7.11,3.315,3,60,0,12,1.14,0,2,0.805,Benign
SEC-LOG-101270,17.07,HTTP,80,117,3483,0.536,1,23.24,49.78,4.62,2.78,16,77,4,10,0.99,0,1,0.246,Phishing
SEC-LOG-101271,24.16,SMB,8080,132,48792,0.315,0,79.65,93.61,162.48,6.836,2,13,2,8,0.94,0,94,0.332,Ransomware
SEC-LOG-101272,6.27,TCP,445,124,88307,0.523,0,76.81,67.13,180.42,6.934,3,27,2,4,1.12,1,98,0.315,Ransomware
SEC-LOG-101273,16.23,TCP,443,103,81449,0.63,1,11.86,27.26,2.58,2.154,3,40,0,8,0.87,0,2,0.953,Benign
SEC-LOG-101274,21.03,DNS,22,152,120584,0.822,0,71.37,47.14,5.72,3.119,26,39,3,8,0.89,0,14,0.318,Malware
SEC-LOG-101275,2.46,SMB,80,112,54023,0.481,0,19.98,16.78,9.51,2.616,2,26,0,5,1.1,0,3,0.821,Benign
SEC-LOG-101276,16.5,TCP,22,119,68441,0.393,0,9.34,19.41,8.34,3.877,3,39,0,6,1.15,0,3,0.843,Benign
SEC-LOG-101277,1.16,UDP,443,4573,830984,0.47,1,68.12,26.32,3.62,3.95,4,25,0,363,9.08,0,2,0.139,DDoS
SEC-LOG-101278,9.32,DNS,443,115,74399,0.502,0,30.25,33.44,9.51,2.884,6,28,0,8,0.89,0,3,0.848,Benign
SEC-LOG-101279,20.76,DNS,4444,122,48127,0.628,5,69.79,63.02,7.51,3.902,19,21,2,11,0.98,0,16,0.163,Malware
SEC-LOG-101280,13.9,HTTPS,443,121,2697,0.678,1,15.25,44.38,8.21,3.662,14,79,3,4,1.14,0,1,0.304,Phishing
SEC-LOG-101281,17.27,HTTP,443,105,4634,0.328,1,13.6,27.12,6.58,2.552,15,71,3,7,1.06,0,2,0.216,Phishing
SEC-LOG-101282,8.43,TCP,8080,112,51841,0.949,0,61.8,45.15,1.13,4.161,30,35,2,5,0.99,0,16,0.124,Malware
SEC-LOG-101283,4.34,TCP,22,117,86892,0.358,0,31.47,38.3,4.79,4.051,4,33,0,9,1.07,0,3,0.806,Benign
SEC-LOG-101284,16.38,TCP,80,104,65951,0.627,0,31.91,34.93,5.32,3.273,4,17,0,8,0.98,0,2,0.811,Benign
SEC-LOG-101285,86.01,HTTP,8080,113,29884,0.826,0,33.67,69.94,7.81,2.42,28,36,3,12,1.08,0,17,0.133,Malware
SEC-LOG-101286,19.8,SSH,53,109,79670,0.59,0,16.98,41.58,1.06,2.141,3,50,0,13,1.07,0,3,0.999,Benign
SEC-LOG-101287,9.24,TCP,80,132,103254,0.664,0,28.65,29.63,3.95,4.367,7,28,0,10,0.95,0,2,0.898,Benign
SEC-LOG-101288,0.58,HTTP,53,130,42094,0.487,0,15.54,23.68,4.27,4.398,4,46,0,11,1.01,0,1,0.948,Benign
SEC-LOG-101289,0.86,TCP,443,104,73898,0.414,1,18.77,38.61,2.61,2.676,5,25,0,11,1.13,0,2,0.873,Benign
SEC-LOG-101290,10.24,HTTPS,443,112,86446,0.489,0,20.12,41.0,2.86,2.922,4,24,0,6,0.92,0,2,0.82,Benign
SEC-LOG-101291,0.9,TCP,443,108,68259,0.503,0,29.33,42.65,7.05,2.962,9,40,0,9,1.01,0,3,0.8,Benign
SEC-LOG-101292,8.87,HTTPS,3389,114,28513,0.733,1,64.74,74.97,6.45,2.03,26,32,2,4,0.95,1,13,0.435,Malware
SEC-LOG-101293,18.59,HTTPS,80,114,6947,0.573,2,22.32,33.3,3.3,4.274,19,98,2,5,0.98,0,1,0.108,Phishing
SEC-LOG-101294,3.99,TCP,443,123,30836,0.427,0,93.82,69.35,176.64,7.273,2,33,4,7,1.01,1,82,0.111,Ransomware
SEC-LOG-101295,1.11,UDP,53,120,95754,0.384,0,13.92,43.69,3.67,4.03,4,33,0,12,0.98,0,0,0.905,Benign
SEC-LOG-101296,1.71,TCP,80,129,81699,0.467,0,24.63,38.84,2.66,2.813,7,39,0,7,1.02,0,2,0.998,Benign
SEC-LOG-101297,27.35,DNS,80,120,49484,0.47,0,13.32,31.52,3.15,2.538,9,43,0,6,1.06,0,2,0.804,Benign
SEC-LOG-101298,3.23,HTTP,443,123,5817,0.451,4,17.71,31.78,0.75,3.22,19,121,2,4,1.04,0,4,0.184,Phishing
SEC-LOG-101299,2.59,HTTPS,443,126,5058,0.546,2,32.04,26.49,1.14,3.68,16,87,3,7,0.9,0,2,0.373,Phishing
SEC-LOG-101300,25.44,TCP,443,120,50962,0.373,0,20.65,39.05,0.71,3.365,10,27,0,8,1.06,0,1,0.98,Benign
SEC-LOG-101301,2.66,UDP,443,4454,759179,0.645,0,83.68,19.45,4.35,3.071,12,50,0,353,9.94,0,4,0.143,DDoS
SEC-LOG-101302,9.09,HTTP,443,137,84743,0.352,0,6.72,26.18,1.16,4.314,4,17,0,7,1.02,0,5,0.919,Benign
SEC-LOG-101303,63.84,DNS,443,136,33461,0.873,0,51.57,44.92,8.15,2.721,27,41,2,11,0.87,0,14,0.125,Malware
SEC-LOG-101304,4.62,HTTP,80,109,6327,0.514,1,9.71,31.62,8.33,3.274,18,104,3,3,0.86,0,2,0.156,Phishing
SEC-LOG-101305,7.02,TCP,445,121,69784,0.552,0,91.08,91.55,202.28,7.518,4,33,1,9,0.94,1,79,0.252,Ransomware
SEC-LOG-101306,11.49,HTTP,80,105,4269,0.646,2,7.03,34.33,6.13,4.221,20,96,3,10,1.11,0,0,0.231,Phishing
SEC-LOG-101307,14.0,HTTPS,443,129,47373,0.452,0,76.7,73.04,133.8,7.908,8,25,2,6,1.07,1,95,0.35,Ransomware
SEC-LOG-101308,13.3,TCP,443,113,88165,0.369,0,6.27,21.56,6.51,3.006,8,39,0,7,1.11,0,1,0.905,Benign
SEC-LOG-101309,3.95,HTTPS,445,131,63766,0.413,1,73.36,87.39,291.02,7.24,10,26,2,9,0.91,1,90,0.372,Ransomware
SEC-LOG-101310,16.48,TCP,80,135,40572,0.65,0,27.82,20.65,2.31,3.369,5,36,0,14,1.04,0,2,0.827,Benign
SEC-LOG-101311,30.5,SMB,443,127,72821,0.314,0,98.0,62.42,159.98,7.537,6,26,1,6,0.96,0,91,0.292,Ransomware
SEC-LOG-101312,4.65,TCP,22,126,68994,0.942,0,41.81,51.0,2.56,2.89,22,25,2,6,0.86,0,20,0.283,Malware
SEC-LOG-101313,8.95,SMB,445,127,36288,0.593,0,82.15,71.15,270.42,7.794,5,34,1,7,0.88,1,87,0.248,Ransomware
SEC-LOG-101314,2.93,TCP,8080,135,87833,0.856,3,58.93,80.85,4.19,2.958,39,26,1,12,0.92,0,16,0.169,Malware
SEC-LOG-101315,2.74,HTTP,8080,121,7371,0.488,4,7.88,22.8,7.3,2.735,23,84,2,7,0.94,0,4,0.226,Phishing
SEC-LOG-101316,8.92,TCP,443,130,27961,0.93,0,64.62,63.43,9.44,2.182,19,51,3,8,0.99,0,15,0.444,Malware
SEC-LOG-101317,18.98,HTTPS,443,125,7494,0.654,2,12.26,31.83,4.07,3.175,16,67,3,4,1.03,0,2,0.235,Phishing
SEC-LOG-101318,4.77,UDP,21,139,110693,0.307,1,11.71,35.44,9.72,2.124,6,47,0,6,0.97,0,3,0.838,Benign
SEC-LOG-101319,10.73,HTTPS,53,103,32415,0.607,0,28.27,43.48,3.4,2.91,6,46,0,14,0.87,0,1,0.955,Benign
SEC-LOG-101320,4.46,SMB,443,137,48709,0.613,0,12.58,19.77,8.98,3.73,7,60,0,10,0.97,0,2,0.88,Benign
SEC-LOG-101321,42.01,TCP,80,106,36248,0.682,0,24.39,42.86,1.03,2.936,8,26,0,6,0.87,0,0,0.813,Benign
SEC-LOG-101322,16.15,TCP,445,126,44968,0.345,1,77.18,85.94,250.11,7.164,6,10,2,9,0.96,1,94,0.129,Ransomware
SEC-LOG-101323,12.17,UDP,80,130,78312,0.627,0,7.05,25.33,8.77,3.01,5,34,0,5,0.98,0,2,0.957,Benign
SEC-LOG-101324,2.23,TCP,22,4584,590295,0.429,0,85.61,31.3,8.2,4.29,1,37,0,351,7.88,0,3,0.244,DDoS
SEC-LOG-101325,2.37,UDP,80,122,95202,0.517,0,16.97,40.77,9.04,2.654,3,31,0,11,0.93,0,0,0.894,Benign
SEC-LOG-101326,51.28,HTTP,443,133,62249,0.676,0,23.45,43.6,2.14,2.32,4,28,0,7,1.03,0,1,0.927,Benign
SEC-LOG-101327,6.31,HTTPS,8080,103,39719,0.587,1,80.35,65.04,222.49,7.64,1,40,2,17,0.86,1,77,0.229,Ransomware
SEC-LOG-101328,11.72,HTTPS,443,114,3786,0.472,6,12.13,44.81,2.15,4.322,11,85,2,10,1.14,0,3,0.22,Phishing
SEC-LOG-101329,15.99,SSH,443,114,72178,0.712,0,60.35,59.87,3.81,2.51,19,38,2,6,1.08,1,15,0.397,Malware
SEC-LOG-101330,2.74,HTTP,4444,115,72125,0.839,1,48.76,54.51,6.11,3.334,31,45,2,7,1.01,1,17,0.406,Malware
SEC-LOG-101331,8.0,HTTPS,80,124,1686,0.371,1,15.62,28.99,2.55,3.204,22,136,3,6,1.13,0,2,0.292,Phishing
SEC-LOG-101332,7.7,TCP,443,130,90128,0.698,0,29.16,27.28,2.58,2.842,3,28,0,9,0.99,0,0,0.835,Benign
SEC-LOG-101333,2.88,TCP,53,4499,466867,0.428,0,86.32,15.85,6.43,4.219,5,35,0,359,9.82,0,3,0.19,DDoS
SEC-LOG-101334,3.27,TCP,443,4515,790969,0.664,0,75.1,44.82,5.16,2.72,5,26,0,372,9.89,0,5,0.146,DDoS
SEC-LOG-101335,18.58,HTTPS,443,111,7561,0.642,1,5.07,25.68,2.46,3.547,17,106,2,7,0.92,0,0,0.293,Phishing
SEC-LOG-101336,9.69,TCP,80,120,27568,0.69,0,29.5,21.85,5.98,2.968,6,37,0,5,0.93,0,3,0.984,Benign
SEC-LOG-101337,18.16,HTTPS,8080,107,7660,0.357,6,34.45,15.39,5.29,3.673,13,99,4,4,0.94,0,0,0.305,Phishing
SEC-LOG-101338,7.71,UDP,443,109,80725,0.619,0,27.87,15.92,4.58,4.143,4,33,0,9,0.91,0,3,0.819,Benign
SEC-LOG-101339,16.66,TCP,8080,91,56602,0.336,1,12.64,46.05,9.27,3.225,5,35,0,7,1.15,0,1,0.933,Benign
SEC-LOG-101340,65.74,HTTP,443,117,55436,0.314,0,34.05,27.93,4.28,3.578,6,32,0,6,1.04,0,4,0.982,Benign
SEC-LOG-101341,3.22,HTTP,22,113,62217,0.831,0,36.95,75.11,2.92,2.179,20,51,1,10,0.9,0,15,0.366,Malware
SEC-LOG-101342,0.22,TCP,443,117,88096,0.594,1,83.11,62.37,335.26,7.274,7,39,2,7,0.91,1,74,0.382,Ransomware
SEC-LOG-101343,2.71,HTTPS,443,127,2078,0.382,4,17.16,15.49,8.95,2.671,20,77,3,6,1.14,0,1,0.375,Phishing
SEC-LOG-101344,16.81,HTTP,80,118,3861,0.394,4,27.84,36.92,4.68,4.113,16,63,2,6,0.86,0,0,0.214,Phishing
SEC-LOG-101345,26.29,HTTP,443,106,22484,0.877,0,34.08,83.67,7.78,2.317,28,30,1,8,0.95,0,16,0.284,Malware
SEC-LOG-101346,2.1,TCP,445,118,69721,0.631,0,21.23,21.56,5.26,2.265,7,38,0,9,0.95,0,2,0.9,Benign
SEC-LOG-101347,19.96,TCP,443,116,26989,0.46,0,20.52,31.99,3.81,3.622,4,31,0,9,1.0,0,1,0.86,Benign
SEC-LOG-101348,1.26,TCP,53,4488,1107631,0.357,1,71.1,18.66,6.51,2.441,6,36,0,367,7.35,0,0,0.24,DDoS
SEC-LOG-101349,5.79,TCP,80,153,42411,0.487,0,34.11,42.27,9.68,2.933,6,25,0,9,0.99,0,2,0.894,Benign
SEC-LOG-101350,10.71,SMB,445,119,42237,0.689,0,78.42,86.37,305.56,7.784,4,34,2,9,0.92,1,96,0.414,Ransomware
SEC-LOG-101351,5.91,HTTPS,3389,107,26954,0.863,0,60.63,83.3,8.72,2.839,30,38,4,4,1.03,0,17,0.108,Malware
SEC-LOG-101352,22.83,HTTPS,53,130,63133,0.881,0,38.99,41.7,9.6,2.21,29,38,2,6,0.93,1,20,0.163,Malware
SEC-LOG-101353,17.3,HTTPS,443,117,1896,0.507,4,30.66,35.12,4.11,2.025,10,116,3,8,0.95,0,3,0.094,Phishing
SEC-LOG-101354,10.16,HTTPS,53,116,51562,0.766,1,62.05,63.87,1.12,3.31,23,31,1,7,1.07,0,21,0.392,Malware
SEC-LOG-101355,21.96,SMB,445,110,25984,0.417,0,74.6,75.15,202.09,7.509,4,34,2,6,1.02,1,87,0.252,Ransomware
SEC-LOG-101356,1.55,TCP,53,4528,680346,0.6,0,72.85,24.05,9.59,3.355,4,30,0,346,5.65,0,0,0.198,DDoS
SEC-LOG-101357,56.42,TCP,53,131,61632,0.846,1,61.4,71.97,6.94,2.792,26,34,2,7,0.86,1,15,0.163,Malware
SEC-LOG-101358,9.49,HTTP,443,129,33351,0.561,0,25.39,43.7,3.11,2.499,1,45,0,11,0.88,0,2,0.981,Benign
SEC-LOG-101359,10.44,TCP,8080,133,45712,0.631,1,51.37,47.27,6.78,4.224,28,10,1,7,0.89,1,14,0.334,Malware
SEC-LOG-101360,2.28,HTTP,53,4539,502126,0.494,0,65.26,15.92,1.09,3.601,5,30,0,360,4.9,0,1,0.1,DDoS
SEC-LOG-101361,18.94,HTTP,443,124,55753,0.658,0,34.99,19.89,4.18,4.188,10,45,0,12,0.91,0,4,0.886,Benign
SEC-LOG-101362,10.89,HTTPS,80,110,2014,0.4,1,28.37,16.94,3.54,3.33,15,75,2,10,0.98,0,1,0.364,Phishing
SEC-LOG-101363,6.95,HTTPS,80,129,1962,0.465,2,22.95,15.17,2.4,4.374,22,100,2,10,1.11,0,2,0.24,Phishing
SEC-LOG-101364,4.44,HTTP,443,115,3947,0.378,2,15.55,31.58,3.75,3.441,18,89,3,5,0.91,0,1,0.278,Phishing
SEC-LOG-101365,22.94,TCP,53,129,28277,0.474,0,27.67,18.5,6.33,2.9,6,60,0,5,1.02,0,1,0.982,Benign
SEC-LOG-101366,4.87,HTTPS,443,106,5882,0.35,6,34.04,29.49,7.89,4.3,14,85,4,11,1.04,0,3,0.092,Phishing
SEC-LOG-101367,1.44,TCP,8080,4524,970237,0.383,0,85.58,45.65,6.1,3.194,3,22,0,346,12.81,0,1,0.219,DDoS
SEC-LOG-101368,12.81,SMB,443,106,66346,0.43,0,18.29,42.43,7.58,3.614,7,39,0,19,0.85,0,2,0.873,Benign
SEC-LOG-101369,67.39,UDP,80,109,55721,0.587,0,17.96,47.04,6.64,2.89,5,33,0,9,0.93,0,0,0.988,Benign
SEC-LOG-101370,3.07,TCP,443,4461,487555,0.423,1,77.59,43.9,3.57,2.952,7,19,0,305,13.79,0,1,0.182,DDoS
SEC-LOG-101371,13.41,HTTP,443,141,61469,0.337,1,19.03,19.03,3.68,2.935,5,18,0,12,0.93,0,1,0.813,Benign
SEC-LOG-101372,5.78,TCP,443,108,30883,0.481,0,86.68,66.89,154.92,7.067,5,24,2,12,0.87,1,82,0.244,Ransomware
SEC-LOG-101373,34.17,TCP,443,130,28041,0.674,0,31.79,57.11,9.21,2.913,27,35,1,9,0.94,0,18,0.101,Malware
SEC-LOG-101374,1.02,HTTPS,445,105,62060,0.609,0,16.91,49.41,0.6,3.362,3,40,0,10,1.12,0,5,0.991,Benign
SEC-LOG-101375,19.54,SMB,8080,127,74013,0.474,0,93.71,65.53,328.94,7.888,4,38,4,9,1.02,1,74,0.458,Ransomware
SEC-LOG-101376,17.11,DNS,4444,107,59081,0.658,3,53.78,44.38,1.97,4.167,30,43,1,8,0.99,0,24,0.239,Malware
SEC-LOG-101377,15.37,TCP,8080,110,66480,0.863,5,53.84,81.5,1.69,3.772,24,40,2,6,0.88,1,15,0.42,Malware
SEC-LOG-101378,6.26,DNS,80,126,100332,0.506,1,25.87,37.7,1.97,2.617,5,56,0,8,0.91,0,1,0.904,Benign
SEC-LOG-101379,1.11,HTTP,4444,124,98484,0.8,1,63.74,65.29,4.58,2.463,33,52,1,9,1.06,0,18,0.34,Malware
SEC-LOG-101380,21.4,TCP,443,115,89140,0.618,0,14.75,18.72,9.7,3.705,2,50,0,6,0.94,0,1,0.932,Benign
SEC-LOG-101381,5.99,UDP,443,113,87224,0.413,0,16.76,21.37,1.81,4.143,3,42,0,7,1.02,0,2,0.939,Benign
SEC-LOG-101382,2.13,UDP,443,4464,395636,0.471,0,71.3,48.32,9.51,2.697,8,46,0,316,8.96,0,3,0.074,DDoS
SEC-LOG-101383,5.88,TCP,53,138,78521,0.349,0,17.84,27.72,7.77,4.098,3,41,0,11,1.04,0,2,0.83,Benign
SEC-LOG-101384,10.14,HTTPS,443,116,4686,0.358,4,5.16,46.76,2.24,3.12,11,82,4,8,1.11,0,1,0.079,Phishing
SEC-LOG-101385,2.16,HTTP,443,119,50092,0.374,1,12.85,31.93,8.93,3.034,4,38,0,4,0.89,0,2,0.978,Benign
SEC-LOG-101386,36.48,SMB,445,112,86036,0.55,0,79.97,71.35,107.26,7.141,6,30,2,10,1.11,1,90,0.169,Ransomware
SEC-LOG-101387,49.3,TCP,443,119,65281,0.418,0,26.69,17.15,9.34,4.328,5,24,0,7,1.08,0,3,0.995,Benign
SEC-LOG-101388,3.83,TCP,443,4455,1083662,0.671,0,93.5,25.3,8.86,2.951,4,43,0,332,12.31,0,1,0.317,DDoS
SEC-LOG-101389,8.1,DNS,4444,102,50524,0.802,5,37.02,60.59,7.5,3.027,29,26,2,11,1.08,1,26,0.408,Malware
SEC-LOG-101390,28.14,TCP,8443,114,64726,0.313,0,32.64,48.85,1.03,2.829,2,56,0,8,1.07,0,0,0.863,Benign
SEC-LOG-101391,14.18,SSH,445,114,87753,0.314,0,9.58,43.09,6.23,2.443,8,42,0,7,1.06,0,2,0.999,Benign
SEC-LOG-101392,9.41,TCP,80,115,91915,0.546,0,6.31,32.52,6.29,2.781,6,16,0,10,1.1,0,4,0.818,Benign
SEC-LOG-101393,9.43,HTTPS,4444,124,93025,0.654,0,69.01,76.47,4.6,2.207,26,47,2,6,0.88,0,15,0.296,Malware
SEC-LOG-101394,1.46,HTTP,443,114,38960,0.461,0,13.6,15.13,5.79,3.73,3,50,0,11,0.86,0,0,0.811,Benign
SEC-LOG-101395,2.65,SMB,8080,120,25087,0.54,0,96.87,64.28,85.41,7.71,6,44,4,6,1.06,1,94,0.107,Ransomware
SEC-LOG-101396,2.5,HTTP,4444,119,77333,0.611,0,40.09,79.14,3.34,4.129,21,51,1,9,0.98,0,24,0.431,Malware
SEC-LOG-101397,23.83,SSH,21,119,68804,0.313,0,29.47,30.38,9.62,2.278,6,27,0,11,0.93,0,0,0.83,Benign
SEC-LOG-101398,17.93,DNS,80,105,6346,0.42,4,32.25,15.66,6.68,2.186,18,88,3,9,0.91,0,3,0.079,Phishing
SEC-LOG-101399,7.76,HTTPS,80,124,6246,0.476,4,21.62,17.15,2.21,2.034,20,48,3,7,1.02,0,2,0.117,Phishing
SEC-LOG-101400,30.36,HTTP,443,113,33197,0.455,0,14.16,42.47,8.66,3.42,7,41,0,7,0.93,0,4,0.975,Benign
SEC-LOG-101401,36.34,TCP,443,107,28048,0.477,0,26.28,45.0,8.9,2.133,4,42,0,10,1.05,0,2,0.88,Benign
SEC-LOG-101402,19.57,TCP,443,119,46337,0.493,0,21.42,35.88,0.7,2.509,3,41,0,10,0.89,0,1,0.911,Benign
SEC-LOG-101403,12.63,DNS,443,113,3969,0.578,6,31.33,49.2,2.91,2.687,16,139,3,8,1.01,0,3,0.297,Phishing
SEC-LOG-101404,13.3,HTTPS,80,108,5374,0.429,2,16.72,23.46,8.43,3.744,16,119,3,7,0.87,0,3,0.243,Phishing
SEC-LOG-101405,13.18,DNS,53,129,41090,0.607,0,65.01,43.37,6.5,4.471,31,42,2,1,1.12,1,16,0.338,Malware
SEC-LOG-101406,30.69,TCP,445,130,101991,0.326,0,82.72,60.08,338.74,7.754,5,54,4,9,1.0,1,90,0.298,Ransomware
SEC-LOG-101407,7.02,TCP,443,115,64513,0.345,0,80.04,89.2,340.54,7.809,9,38,4,9,0.86,1,68,0.262,Ransomware
SEC-LOG-101408,0.96,DNS,3389,120,29453,0.783,1,68.13,49.1,4.21,3.786,27,39,2,4,1.12,1,14,0.243,Malware
SEC-LOG-101409,15.76,SMB,139,131,28568,0.342,0,83.86,94.5,307.21,7.366,2,37,2,18,1.11,1,85,0.483,Ransomware
SEC-LOG-101410,3.59,SMB,445,128,79486,0.397,2,16.07,40.54,8.48,2.867,7,45,0,14,1.09,0,2,0.843,Benign
SEC-LOG-101411,8.15,TCP,443,111,47015,0.303,0,30.54,44.76,8.16,3.833,7,20,0,8,0.94,0,2,0.818,Benign
SEC-LOG-101412,29.17,DNS,443,113,54194,0.34,0,19.91,38.12,8.25,2.761,4,45,0,14,0.91,0,2,0.87,Benign
SEC-LOG-101413,10.31,HTTPS,443,120,29258,0.61,1,7.3,42.91,3.04,4.057,4,33,0,6,1.12,0,0,0.977,Benign
SEC-LOG-101414,19.54,HTTPS,53,98,54749,0.69,1,46.82,42.7,9.29,2.53,26,48,1,5,1.03,0,20,0.119,Malware
SEC-LOG-101415,1.93,TCP,80,4404,429793,0.349,0,83.09,16.42,5.91,4.322,10,47,0,393,6.06,0,1,0.12,DDoS
SEC-LOG-101416,2.22,HTTP,22,122,76113,0.5,0,11.67,34.16,7.23,4.477,9,43,0,9,1.13,0,4,0.915,Benign
SEC-LOG-101417,22.89,SSH,443,129,56038,0.405,1,30.17,46.34,3.32,2.263,3,38,0,7,0.86,0,1,0.926,Benign
SEC-LOG-101418,34.15,TCP,4444,116,57378,0.772,0,55.41,57.83,5.22,3.384,24,29,1,12,0.89,1,14,0.221,Malware
SEC-LOG-101419,0.11,UDP,80,4442,570736,0.648,0,72.04,44.06,9.75,2.801,6,26,0,362,11.82,0,4,0.348,DDoS
SEC-LOG-101420,45.4,DNS,80,129,72806,0.507,0,14.08,40.01,1.44,4.233,4,38,0,10,0.89,0,2,0.843,Benign
SEC-LOG-101421,58.12,TCP,22,126,42236,0.649,0,52.83,61.96,5.92,4.085,15,35,2,4,1.1,0,16,0.311,Malware
SEC-LOG-101422,10.66,TCP,22,119,83917,0.669,0,17.92,36.61,2.11,2.968,5,39,0,5,0.98,0,2,0.943,Benign
SEC-LOG-101423,21.79,UDP,443,125,35265,0.329,0,28.2,40.93,7.67,2.169,10,29,0,12,1.09,0,2,0.942,Benign
SEC-LOG-101424,0.21,UDP,53,4521,576608,0.391,0,91.79,47.53,5.4,3.008,9,30,0,359,11.94,0,2,0.329,DDoS
SEC-LOG-101425,0.36,TCP,443,4407,827893,0.306,0,70.81,24.0,0.64,3.859,4,17,0,363,8.62,0,3,0.053,DDoS
SEC-LOG-101426,3.28,TCP,443,111,56870,0.633,0,13.7,35.22,1.67,3.562,8,38,0,10,0.87,0,3,0.808,Benign
SEC-LOG-101427,4.49,UDP,53,4559,908756,0.595,0,70.46,16.94,4.97,2.714,6,26,0,353,9.59,0,4,0.204,DDoS
SEC-LOG-101428,9.92,DNS,443,115,2167,0.688,1,27.39,35.85,0.65,3.796,17,114,4,3,1.02,0,2,0.207,Phishing
SEC-LOG-101429,19.73,TCP,443,116,57059,0.319,0,73.85,91.31,287.68,7.122,5,24,1,5,1.04,1,82,0.28,Ransomware
SEC-LOG-101430,0.65,HTTP,443,135,95664,0.869,0,68.03,74.17,0.54,3.308,32,17,2,10,1.11,0,15,0.229,Malware
SEC-LOG-101431,4.9,HTTPS,3389,133,65415,0.645,0,49.54,61.07,7.82,2.674,13,34,3,6,1.02,1,14,0.395,Malware
SEC-LOG-101432,11.13,DNS,443,121,80673,0.9,3,64.44,79.61,0.77,3.309,24,10,3,13,0.97,1,12,0.296,Malware
SEC-LOG-101433,12.0,HTTPS,8080,104,5285,0.372,2,26.95,37.94,2.68,2.675,5,100,2,6,1.04,0,0,0.068,Phishing
SEC-LOG-101434,10.6,HTTPS,443,126,38446,0.446,0,11.43,46.29,4.78,3.326,3,35,0,13,1.14,0,1,0.806,Benign
SEC-LOG-101435,30.55,TCP,443,96,19480,0.328,0,11.83,47.1,7.04,3.542,7,40,0,6,0.98,0,2,0.855,Benign
SEC-LOG-101436,4.05,TCP,80,112,39472,0.428,0,18.13,17.22,4.55,4.116,3,33,0,9,0.88,0,2,0.824,Benign
SEC-LOG-101437,16.5,HTTPS,443,116,4540,0.335,4,17.17,18.32,8.49,3.69,21,65,3,9,1.14,0,3,0.147,Phishing
SEC-LOG-101438,3.34,TCP,80,129,28943,0.495,1,22.03,33.56,7.38,2.381,6,51,0,7,1.09,0,3,0.984,Benign
SEC-LOG-101439,10.5,HTTP,80,124,2040,0.365,2,20.46,33.15,4.17,4.09,22,94,3,9,0.92,0,1,0.306,Phishing
SEC-LOG-101440,1.33,TCP,80,4502,397413,0.321,0,65.45,21.14,6.98,3.279,4,38,0,333,8.84,0,1,0.282,DDoS
SEC-LOG-101441,15.68,TCP,80,143,48571,0.568,0,22.06,39.59,9.53,3.813,2,48,0,6,0.9,0,0,0.953,Benign
SEC-LOG-101442,9.6,HTTP,443,106,4872,0.677,2,14.43,31.61,5.41,3.89,14,101,2,7,0.87,0,3,0.293,Phishing
SEC-LOG-101443,9.62,TCP,8080,104,62767,0.881,1,44.94,75.1,5.57,3.202,29,45,3,9,0.9,1,20,0.297,Malware
SEC-LOG-101444,1.82,TCP,445,138,93292,0.47,1,73.37,85.07,84.22,7.598,3,15,1,11,1.14,0,80,0.275,Ransomware
SEC-LOG-101445,15.76,HTTPS,443,113,81089,0.487,1,27.07,47.63,6.18,2.345,4,36,0,10,1.08,0,2,0.854,Benign
SEC-LOG-101446,6.72,HTTP,443,122,3499,0.368,4,8.65,23.14,2.61,2.819,9,111,3,9,1.09,0,3,0.066,Phishing
SEC-LOG-101447,11.56,TCP,445,146,78671,0.325,0,80.51,78.65,106.42,7.035,4,51,2,9,1.06,0,85,0.32,Ransomware
SEC-LOG-101448,0.32,HTTP,8080,4579,455231,0.493,0,88.14,48.11,6.17,2.134,4,28,0,349,5.55,0,1,0.105,DDoS
SEC-LOG-101449,16.48,HTTPS,443,128,7825,0.484,6,25.23,20.95,5.84,3.733,12,105,4,13,0.96,0,1,0.354,Phishing
SEC-LOG-101450,16.41,HTTP,3389,114,41455,0.708,0,60.82,42.18,0.98,2.125,27,33,2,8,1.1,0,20,0.319,Malware
SEC-LOG-101451,9.21,HTTP,80,125,6813,0.63,4,29.83,22.46,8.41,2.238,24,84,4,6,1.06,0,2,0.376,Phishing
SEC-LOG-101452,1.78,HTTPS,139,118,39490,0.379,0,94.64,85.49,89.45,7.109,6,36,2,13,1.08,1,88,0.113,Ransomware
SEC-LOG-101453,1.83,TCP,443,108,76565,0.899,0,55.18,60.18,4.39,3.37,31,24,2,7,1.09,1,23,0.217,Malware
SEC-LOG-101454,14.66,FTP,443,120,26691,0.328,0,17.76,22.33,2.44,3.202,4,44,0,7,0.97,0,3,0.803,Benign
SEC-LOG-101455,1.01,UDP,80,4528,778883,0.51,0,76.15,20.65,5.35,2.118,7,55,0,357,8.19,0,2,0.245,DDoS
SEC-LOG-101456,6.79,HTTPS,80,131,6485,0.361,2,13.12,24.2,8.24,2.835,19,114,3,9,0.95,0,2,0.308,Phishing
SEC-LOG-101457,15.25,DNS,443,136,2565,0.385,6,26.75,15.41,3.98,4.081,14,74,4,8,1.06,0,6,0.123,Phishing
SEC-LOG-101458,0.55,HTTPS,80,113,34266,0.606,0,34.36,30.37,8.51,4.42,1,45,0,8,0.94,0,4,0.935,Benign
SEC-LOG-101459,18.17,HTTP,443,102,7698,0.396,6,16.5,46.06,3.41,4.177,19,45,2,14,1.0,0,3,0.233,Phishing
SEC-LOG-101460,3.45,TCP,53,102,79228,0.52,0,30.3,19.13,6.62,2.142,2,55,0,6,0.86,0,1,0.911,Benign
SEC-LOG-101461,4.22,HTTP,443,121,2516,0.682,2,28.81,42.91,7.96,3.897,16,102,3,10,1.09,0,0,0.138,Phishing
SEC-LOG-101462,2.72,HTTPS,80,103,21495,0.377,0,8.72,18.3,5.64,3.797,6,45,0,7,1.08,0,4,0.943,Benign
SEC-LOG-101463,8.65,HTTP,443,117,3519,0.597,6,12.89,45.37,6.35,2.215,11,61,3,6,1.02,0,3,0.397,Phishing
SEC-LOG-101464,4.99,DNS,53,4505,851165,0.311,0,78.21,17.2,5.85,2.317,4,51,0,313,14.59,0,1,0.234,DDoS
SEC-LOG-101465,19.72,TCP,8080,125,68205,0.64,0,13.34,28.92,6.82,2.989,2,13,0,9,1.07,0,2,0.903,Benign
SEC-LOG-101466,4.06,TCP,53,4622,1135664,0.654,0,90.46,26.12,2.84,3.193,7,24,0,334,14.79,0,1,0.159,DDoS
SEC-LOG-101467,16.36,HTTP,3389,121,48000,0.945,0,32.24,42.58,4.28,4.339,19,34,2,8,1.13,0,12,0.36,Malware
SEC-LOG-101468,10.09,HTTPS,445,122,70628,0.366,0,75.19,69.17,242.19,7.775,6,22,2,9,1.14,1,83,0.258,Ransomware
SEC-LOG-101469,18.42,SMB,445,123,54359,0.311,0,91.55,77.98,166.34,7.12,7,32,1,7,1.02,1,96,0.334,Ransomware
SEC-LOG-101470,13.57,TCP,53,124,60956,0.839,0,64.48,60.27,6.01,3.216,15,28,3,9,0.86,1,20,0.141,Malware
SEC-LOG-101471,4.34,HTTPS,80,124,4859,0.512,1,30.62,16.01,5.54,4.091,9,116,2,14,1.14,0,1,0.143,Phishing
SEC-LOG-101472,23.4,SMB,8080,103,74639,0.684,0,92.58,90.05,267.02,7.452,3,34,2,10,1.12,1,94,0.229,Ransomware
SEC-LOG-101473,7.7,TCP,3389,123,60844,0.623,5,64.95,64.25,4.21,2.491,24,23,2,3,0.91,1,10,0.114,Malware
SEC-LOG-101474,19.26,HTTPS,443,119,33304,0.61,0,17.12,49.68,3.73,2.613,7,27,0,9,1.11,0,1,0.861,Benign
SEC-LOG-101475,14.21,HTTP,80,104,2066,0.641,2,10.6,15.99,1.47,3.751,15,143,3,7,0.86,0,4,0.345,Phishing
SEC-LOG-101476,11.0,TCP,443,123,36180,0.607,0,95.12,89.28,180.92,7.262,6,35,1,6,1.02,0,94,0.393,Ransomware
SEC-LOG-101477,8.59,SMB,445,124,30976,0.584,0,73.15,87.95,294.84,7.635,7,34,2,9,1.06,1,84,0.393,Ransomware
SEC-LOG-101478,12.86,TCP,445,113,86222,0.336,0,77.34,70.76,81.68,7.167,10,30,4,11,0.89,1,87,0.489,Ransomware
SEC-LOG-101479,9.27,HTTP,3389,135,78021,0.76,0,55.5,55.29,2.33,2.832,19,14,2,14,1.1,0,10,0.255,Malware
SEC-LOG-101480,1.52,SMB,8080,115,65701,0.395,0,80.66,63.93,255.35,7.32,8,45,1,8,1.02,0,89,0.375,Ransomware
SEC-LOG-101481,0.21,HTTP,443,129,71720,0.638,0,7.16,41.53,3.63,3.419,7,52,0,8,1.07,0,1,0.905,Benign
SEC-LOG-101482,37.92,HTTPS,4444,120,58828,0.723,0,48.65,68.73,7.95,3.317,21,57,3,10,0.97,1,16,0.114,Malware
SEC-LOG-101483,15.98,HTTPS,80,145,81958,0.485,0,9.53,39.06,8.9,2.751,5,17,0,8,0.96,0,0,0.931,Benign
SEC-LOG-101484,5.14,UDP,443,124,57117,0.699,1,9.43,47.11,4.48,3.442,4,35,0,8,0.96,0,2,0.873,Benign
SEC-LOG-101485,20.32,DNS,53,103,46538,0.479,0,30.18,18.65,7.77,3.864,6,40,0,7,1.05,0,3,0.826,Benign
SEC-LOG-101486,7.19,HTTPS,443,131,38361,0.653,0,11.22,23.87,3.0,2.246,6,19,0,6,1.02,0,2,0.887,Benign
SEC-LOG-101487,17.6,HTTPS,443,120,4161,0.331,1,11.7,29.15,6.96,3.447,13,79,4,6,0.88,0,2,0.094,Phishing
SEC-LOG-101488,0.95,TCP,443,119,74008,0.327,0,15.7,21.62,8.72,4.458,2,38,0,6,1.04,0,1,0.978,Benign
SEC-LOG-101489,19.11,TCP,443,121,60533,0.848,3,53.65,80.07,6.16,3.001,28,26,2,6,0.91,1,24,0.206,Malware
SEC-LOG-101490,23.1,UDP,3389,133,68324,0.414,0,26.74,28.74,9.9,2.89,2,24,0,7,1.08,0,2,0.952,Benign
SEC-LOG-101491,17.72,TCP,8080,122,87944,0.543,0,16.68,48.61,1.05,2.073,3,30,0,9,0.99,0,1,0.947,Benign
SEC-LOG-101492,38.55,HTTP,80,129,84690,0.345,1,15.81,15.23,1.57,4.212,6,48,0,3,0.93,0,2,0.94,Benign
SEC-LOG-101493,11.95,UDP,443,116,47055,0.505,0,27.56,20.64,4.86,3.891,7,16,0,6,1.1,0,0,0.812,Benign
SEC-LOG-101494,5.97,HTTP,443,108,4110,0.335,2,6.26,28.62,8.72,4.082,16,81,2,10,0.9,0,1,0.291,Phishing
SEC-LOG-101495,11.16,HTTP,443,125,2217,0.481,1,28.89,19.67,9.7,3.105,21,55,3,9,1.1,0,2,0.317,Phishing
SEC-LOG-101496,4.55,HTTPS,443,109,2644,0.551,4,30.79,30.16,4.41,3.135,10,100,4,7,1.13,0,2,0.094,Phishing
SEC-LOG-101497,28.68,TCP,3389,118,80606,0.764,3,55.52,54.35,7.4,3.211,34,46,3,8,1.05,0,18,0.354,Malware
SEC-LOG-101498,1.89,SMB,80,120,89073,0.449,0,29.6,40.24,1.47,3.553,5,31,0,4,1.04,0,0,0.817,Benign
SEC-LOG-101499,9.94,HTTPS,139,116,88573,0.344,0,96.97,94.16,240.5,7.061,6,39,1,3,0.95,1,90,0.245,Ransomware
SEC-LOG-101500,12.71,TCP,22,122,89281,0.931,3,65.75,75.15,5.2,2.236,29,34,1,9,0.88,0,23,0.205,Malware
SEC-LOG-101501,28.14,TCP,22,126,49239,0.864,0,34.59,53.26,8.36,2.996,24,36,3,9,1.04,1,13,0.417,Malware
SEC-LOG-101502,13.65,TCP,80,121,29373,0.492,0,8.84,22.44,5.81,4.368,3,30,0,9,1.07,0,1,0.922,Benign
SEC-LOG-101503,33.97,HTTPS,443,132,28292,0.514,0,17.71,21.47,4.92,2.719,4,45,0,12,0.97,0,1,0.967,Benign
SEC-LOG-101504,1.2,HTTP,443,127,84413,0.471,0,29.5,41.35,8.5,3.629,4,51,0,8,0.94,0,0,0.96,Benign
SEC-LOG-101505,10.54,TCP,445,123,78187,0.303,0,27.51,21.58,9.64,4.242,3,29,0,8,1.06,0,1,0.909,Benign
SEC-LOG-101506,37.12,HTTPS,443,128,53789,0.729,0,32.89,59.22,1.71,2.286,21,24,1,6,0.94,1,19,0.345,Malware
SEC-LOG-101507,16.76,DNS,22,118,35121,0.865,3,48.31,43.09,5.85,4.462,23,29,2,3,0.91,1,18,0.386,Malware
SEC-LOG-101508,17.71,DNS,80,126,6634,0.581,2,28.31,47.77,3.31,3.528,11,75,2,9,0.95,0,5,0.388,Phishing
SEC-LOG-101509,2.38,TCP,139,119,33068,0.619,0,93.37,68.44,290.32,7.799,3,32,2,8,0.85,1,98,0.127,Ransomware
SEC-LOG-101510,11.52,SMB,8080,117,46914,0.322,0,90.5,90.17,202.24,7.258,6,35,2,5,0.88,0,93,0.441,Ransomware
SEC-LOG-101511,2.48,HTTP,443,104,2041,0.486,1,9.43,37.12,9.65,3.645,23,93,2,8,0.96,0,3,0.379,Phishing
SEC-LOG-101512,3.47,UDP,53,4471,848514,0.336,0,90.37,26.81,5.97,3.461,5,31,0,358,9.43,0,4,0.332,DDoS
SEC-LOG-101513,80.88,HTTP,443,141,69921,0.441,0,24.71,20.4,8.16,3.032,6,25,0,5,0.88,0,3,0.93,Benign
SEC-LOG-101514,1.99,HTTPS,443,136,32373,0.466,0,7.2,30.92,2.44,2.167,5,33,0,10,1.11,0,4,0.882,Benign
SEC-LOG-101515,47.17,TCP,3389,114,67373,0.381,0,29.17,19.31,9.94,3.695,5,39,0,5,1.01,0,0,0.851,Benign
SEC-LOG-101516,18.29,HTTP,80,116,7319,0.412,4,7.44,21.77,5.09,2.59,20,131,6,4,1.12,0,6,0.292,Phishing
SEC-LOG-101517,8.63,SMB,8080,126,52443,0.628,0,78.63,80.86,147.94,7.659,7,35,1,11,1.07,1,87,0.45,Ransomware
SEC-LOG-101518,3.87,HTTP,443,121,42879,0.496,0,17.69,30.41,3.07,2.729,4,50,0,7,0.98,0,2,0.903,Benign
SEC-LOG-101519,0.35,UDP,53,4413,416210,0.606,0,93.72,26.55,2.32,3.934,6,35,0,360,5.79,0,2,0.286,DDoS
SEC-LOG-101520,0.49,HTTP,8080,117,84489,0.621,0,18.92,26.4,6.27,3.689,6,43,0,6,0.9,0,5,0.91,Benign
SEC-LOG-101521,2.67,DNS,443,4545,896334,0.605,0,87.83,46.9,3.9,2.007,6,34,0,322,5.45,0,3,0.165,DDoS
SEC-LOG-101522,18.96,TCP,443,141,45826,0.699,0,7.97,36.25,6.82,3.577,6,22,0,10,0.92,0,2,0.94,Benign
SEC-LOG-101523,8.51,UDP,443,109,42451,0.627,0,32.46,44.49,2.33,2.389,3,36,0,10,0.88,0,1,0.948,Benign
SEC-LOG-101524,31.64,DNS,443,96,54503,0.763,3,57.46,69.39,1.82,3.926,21,25,4,4,1.05,0,20,0.412,Malware
SEC-LOG-101525,7.14,HTTP,53,115,64372,0.605,0,22.53,28.73,1.61,2.403,7,49,0,8,1.13,0,2,0.865,Benign
SEC-LOG-101526,8.49,TCP,53,126,75550,0.526,0,10.04,44.63,8.74,2.509,3,41,0,11,1.12,0,1,0.81,Benign
SEC-LOG-101527,63.09,HTTP,80,115,81684,0.307,0,19.98,26.82,7.93,3.636,4,39,0,7,0.88,0,3,0.839,Benign
SEC-LOG-101528,24.63,SMB,139,122,83775,0.517,0,94.56,65.21,260.54,7.612,6,39,2,12,0.85,0,64,0.487,Ransomware
SEC-LOG-101529,3.39,HTTP,4444,120,67082,0.712,0,51.76,77.65,6.29,3.129,27,27,2,13,0.87,1,17,0.263,Malware
SEC-LOG-101530,41.41,SMB,21,118,75822,0.456,0,6.0,15.14,9.41,4.489,3,49,0,8,0.95,0,2,0.925,Benign
SEC-LOG-101531,12.59,HTTP,80,123,5135,0.692,2,28.68,19.3,3.33,3.417,17,56,3,9,0.86,0,2,0.321,Phishing
SEC-LOG-101532,5.67,HTTP,443,108,5816,0.432,2,18.49,28.79,8.51,3.554,28,87,4,5,1.06,0,2,0.169,Phishing
SEC-LOG-101533,1.72,TCP,8080,117,69658,0.668,0,34.19,26.07,3.51,3.115,5,54,0,10,0.92,0,4,0.944,Benign
SEC-LOG-101534,5.68,DNS,8080,100,55381,0.806,0,60.7,68.89,5.67,4.35,27,51,1,12,0.86,0,30,0.132,Malware
SEC-LOG-101535,7.25,UDP,443,143,102544,0.435,0,31.96,27.2,7.73,2.048,10,42,0,9,0.9,0,4,0.83,Benign
SEC-LOG-101536,0.87,HTTP,53,129,52650,0.581,0,18.72,33.84,7.62,2.671,5,37,0,5,0.9,0,0,0.886,Benign
SEC-LOG-101537,5.02,HTTP,443,106,7067,0.312,1,23.89,21.53,2.89,3.384,17,79,4,12,1.14,0,2,0.258,Phishing
SEC-LOG-101538,61.53,SMB,8080,123,77285,0.301,0,23.4,15.09,4.92,3.919,5,28,0,5,0.92,0,2,0.944,Benign
SEC-LOG-101539,21.9,TCP,4444,121,91366,0.819,0,34.83,69.03,8.65,3.376,25,24,3,10,0.94,1,17,0.167,Malware
SEC-LOG-101540,2.24,HTTPS,80,115,3812,0.631,6,7.84,16.98,5.31,3.825,14,110,4,8,1.12,0,2,0.342,Phishing
SEC-LOG-101541,25.11,HTTP,443,122,84052,0.441,0,10.17,38.47,1.77,2.313,4,19,0,13,0.96,0,1,0.99,Benign
SEC-LOG-101542,5.26,DNS,4444,122,44404,0.801,1,74.72,72.03,3.56,3.218,31,22,2,1,1.11,0,25,0.374,Malware
SEC-LOG-101543,11.44,TCP,443,133,85608,0.559,0,19.28,44.46,1.38,3.462,3,32,0,10,1.09,0,1,0.896,Benign
SEC-LOG-101544,3.16,HTTP,53,4491,362357,0.317,0,89.56,30.71,4.47,2.477,8,35,0,375,14.05,0,0,0.114,DDoS
SEC-LOG-101545,25.49,DNS,22,104,54632,0.9,0,64.87,56.09,7.78,4.077,20,25,2,6,0.96,1,14,0.292,Malware
SEC-LOG-101546,5.05,SMB,445,102,34672,0.306,0,85.74,86.11,232.49,7.78,7,31,4,12,0.89,1,89,0.21,Ransomware
SEC-LOG-101547,11.17,HTTP,8080,103,40841,0.68,0,47.6,57.43,5.57,2.521,28,29,1,13,1.09,1,13,0.381,Malware
SEC-LOG-101548,6.16,TCP,443,113,74815,0.436,0,10.11,47.45,7.2,3.084,4,44,0,7,1.08,0,1,0.88,Benign
SEC-LOG-101549,11.89,HTTPS,8080,123,7214,0.647,1,31.83,21.17,0.53,3.541,18,63,6,12,1.04,0,1,0.367,Phishing
SEC-LOG-101550,2.32,TCP,80,4445,724727,0.491,0,75.11,23.35,6.17,4.163,5,20,0,356,8.05,0,2,0.161,DDoS
SEC-LOG-101551,19.0,HTTPS,80,109,6618,0.669,4,27.12,48.07,7.64,3.177,10,52,3,9,1.01,0,3,0.323,Phishing
SEC-LOG-101552,6.58,SMB,443,127,52893,0.428,0,70.62,61.62,206.39,6.967,6,40,2,8,1.12,1,104,0.361,Ransomware
SEC-LOG-101553,4.62,HTTPS,443,112,85231,0.565,0,88.91,60.03,142.9,7.402,3,36,4,8,1.14,1,84,0.462,Ransomware
SEC-LOG-101554,17.36,HTTP,80,134,54204,0.669,0,11.24,48.06,7.72,3.791,3,30,0,6,1.07,0,2,0.908,Benign
SEC-LOG-101555,7.44,HTTP,53,128,35500,0.339,0,18.7,19.83,2.89,3.812,2,52,0,7,1.0,0,2,0.993,Benign
SEC-LOG-101556,7.67,HTTP,8080,121,5032,0.587,2,16.03,35.43,6.47,3.672,17,117,2,10,0.86,0,3,0.171,Phishing
SEC-LOG-101557,76.65,HTTP,8080,125,51049,0.706,0,47.28,64.35,2.15,4.195,20,21,2,3,0.95,0,19,0.246,Malware
SEC-LOG-101558,27.35,TCP,139,123,74567,0.677,0,93.85,66.34,167.26,7.417,5,44,4,7,1.13,1,89,0.307,Ransomware
SEC-LOG-101559,2.78,UDP,443,4498,921617,0.513,0,74.63,19.26,3.8,4.248,4,48,0,342,3.6,0,3,0.334,DDoS
SEC-LOG-101560,21.92,TCP,8080,121,72499,0.446,0,7.48,34.17,7.6,3.463,5,29,0,12,1.06,0,2,0.888,Benign
SEC-LOG-101561,8.11,HTTPS,53,110,24570,0.509,0,7.79,18.41,6.85,2.75,7,20,0,8,0.93,0,3,0.811,Benign
SEC-LOG-101562,15.06,SMB,8080,108,22603,0.633,0,85.87,69.83,260.87,7.077,2,32,2,9,1.05,1,71,0.159,Ransomware
SEC-LOG-101563,13.16,HTTPS,3389,138,68201,0.386,2,27.36,23.36,3.09,3.621,6,30,0,11,1.05,0,2,0.83,Benign
SEC-LOG-101564,15.14,SMB,445,121,34590,0.325,0,87.15,89.75,132.74,7.623,7,43,2,9,0.94,1,88,0.396,Ransomware
SEC-LOG-101565,32.38,HTTP,8080,136,68238,0.916,0,58.98,79.75,3.37,2.209,24,24,2,6,0.91,1,13,0.162,Malware
SEC-LOG-101566,13.4,HTTP,8080,113,6035,0.502,2,30.14,23.4,7.34,2.526,12,119,3,6,1.14,0,1,0.054,Phishing
SEC-LOG-101567,13.78,HTTPS,53,115,49214,0.554,0,18.37,34.84,9.62,3.374,7,20,0,12,0.95,0,0,0.968,Benign
SEC-LOG-101568,10.6,HTTP,80,110,6422,0.38,2,33.82,33.1,4.74,2.879,18,99,4,13,0.91,0,3,0.282,Phishing
SEC-LOG-101569,6.47,SSH,3389,98,23289,0.759,0,53.37,44.85,1.53,3.319,27,52,2,8,1.04,1,13,0.181,Malware
SEC-LOG-101570,5.03,TCP,3389,119,64492,0.733,0,47.6,55.25,2.58,4.477,26,46,3,8,0.99,0,13,0.317,Malware
SEC-LOG-101571,24.82,HTTP,53,110,28755,0.551,1,25.7,16.72,5.03,3.328,5,27,0,4,0.85,0,1,0.988,Benign
SEC-LOG-101572,2.79,HTTP,443,133,6198,0.515,6,16.07,28.44,6.35,2.114,26,101,3,9,1.11,0,2,0.166,Phishing
SEC-LOG-101573,1.54,HTTPS,445,102,37227,0.465,0,82.32,89.6,142.76,7.251,7,59,4,9,1.11,1,73,0.236,Ransomware
SEC-LOG-101574,20.16,HTTPS,53,111,39271,0.626,0,34.11,30.96,9.81,2.312,5,46,0,6,1.07,0,2,0.922,Benign
SEC-LOG-101575,28.16,HTTPS,443,116,82732,0.302,0,9.53,26.65,4.43,3.699,4,33,0,14,1.07,0,4,0.94,Benign
SEC-LOG-101576,41.63,DNS,80,118,23696,0.407,0,33.3,43.64,1.66,4.005,6,16,0,7,0.89,0,4,0.964,Benign
SEC-LOG-101577,12.25,HTTP,443,125,4285,0.427,1,13.57,31.1,8.65,2.224,12,109,3,6,0.94,0,1,0.394,Phishing
SEC-LOG-101578,5.07,HTTP,80,120,4148,0.373,2,30.98,27.74,9.0,3.676,15,109,4,16,1.07,0,5,0.102,Phishing
SEC-LOG-101579,16.4,TCP,8080,117,69346,0.872,0,32.41,68.51,3.79,2.77,26,39,2,16,1.13,1,21,0.252,Malware
SEC-LOG-101580,10.51,HTTP,8080,123,65759,0.379,0,25.76,31.13,1.33,2.314,3,52,0,8,0.92,0,2,0.855,Benign
SEC-LOG-101581,5.55,UDP,53,130,62093,0.461,0,19.98,19.96,1.66,2.326,2,54,0,4,1.02,0,1,1.0,Benign
SEC-LOG-101582,13.23,HTTPS,443,117,74264,0.832,1,54.07,60.15,3.6,3.922,21,25,1,8,0.87,1,21,0.287,Malware
SEC-LOG-101583,18.01,DNS,8080,135,77822,0.717,1,73.39,49.37,8.53,3.224,26,45,2,6,0.93,0,15,0.408,Malware
SEC-LOG-101584,3.95,DNS,443,4424,1105165,0.426,0,67.66,48.64,7.53,3.874,11,46,0,347,12.06,0,3,0.328,DDoS
SEC-LOG-101585,8.58,TCP,443,120,84080,0.532,0,11.41,49.48,5.19,4.039,12,36,0,7,1.11,0,1,0.959,Benign
SEC-LOG-101586,12.29,HTTPS,8080,122,2883,0.358,4,10.15,31.88,5.82,4.363,15,162,3,6,0.98,0,2,0.12,Phishing
SEC-LOG-101587,4.88,HTTP,443,121,66873,0.657,3,40.57,76.8,1.28,2.318,21,50,2,9,1.02,0,24,0.216,Malware
SEC-LOG-101588,4.01,DNS,4444,94,21635,0.762,1,34.17,69.99,6.09,4.402,20,40,2,4,1.07,0,16,0.234,Malware
SEC-LOG-101589,4.5,HTTPS,80,106,6435,0.679,2,11.01,18.47,0.91,4.071,12,100,2,4,1.08,0,3,0.257,Phishing
SEC-LOG-101590,14.29,HTTP,8080,132,4277,0.444,6,5.12,23.8,3.25,3.132,19,96,3,9,1.14,0,4,0.22,Phishing
SEC-LOG-101591,0.32,TCP,80,4430,850896,0.647,0,65.36,49.38,2.01,2.459,6,28,0,373,10.48,0,0,0.16,DDoS
SEC-LOG-101592,20.61,HTTP,80,118,34427,0.376,0,15.0,34.3,9.89,3.047,3,16,0,11,1.09,0,4,0.971,Benign
SEC-LOG-101593,0.49,UDP,443,103,29092,0.695,0,27.17,21.76,0.76,3.213,6,38,0,8,0.97,0,4,0.888,Benign
SEC-LOG-101594,13.31,HTTPS,443,120,1817,0.301,4,24.51,49.41,7.33,2.832,19,84,3,8,1.02,0,0,0.195,Phishing
SEC-LOG-101595,9.56,HTTPS,443,133,42979,0.603,0,54.66,75.25,5.79,2.872,21,14,4,9,0.95,1,22,0.106,Malware
SEC-LOG-101596,17.96,HTTPS,443,123,30361,0.58,0,5.1,28.26,0.62,2.912,7,37,0,12,0.86,0,1,0.906,Benign
SEC-LOG-101597,6.5,TCP,443,116,87760,0.5,2,10.34,25.44,4.57,2.252,5,10,0,5,1.09,0,3,0.974,Benign
SEC-LOG-101598,8.35,DNS,80,120,33047,0.557,0,20.79,28.27,6.49,3.061,8,24,0,5,1.04,0,3,0.908,Benign
SEC-LOG-101599,11.62,HTTPS,443,119,90289,0.612,0,97.47,89.63,324.66,7.5,7,38,4,5,1.09,1,97,0.235,Ransomware
SEC-LOG-101600,17.9,UDP,53,127,27119,0.411,0,13.58,44.33,4.97,3.539,2,38,0,8,0.96,0,0,0.969,Benign
SEC-LOG-101601,14.77,TCP,80,113,70985,0.387,0,5.15,21.19,7.41,3.025,4,33,0,8,0.86,0,2,0.802,Benign
SEC-LOG-101602,26.42,UDP,443,134,88697,0.375,1,11.97,20.25,3.3,3.326,7,35,0,6,0.89,0,2,0.878,Benign
SEC-LOG-101603,3.52,HTTPS,8080,106,23919,0.43,0,24.95,24.83,6.35,3.61,4,38,0,11,0.9,0,2,0.852,Benign
SEC-LOG-101604,5.03,TCP,443,107,43189,0.513,0,28.8,22.3,2.17,2.909,2,52,0,7,1.11,0,0,0.903,Benign
SEC-LOG-101605,5.08,HTTPS,3389,106,37016,0.863,1,53.28,74.46,9.58,3.226,29,14,2,16,0.96,1,14,0.283,Malware
SEC-LOG-101606,3.72,DNS,8080,115,87953,0.643,1,30.61,43.67,3.01,3.018,5,39,0,9,0.86,0,0,0.956,Benign
SEC-LOG-101607,41.19,HTTPS,443,127,41692,0.549,0,72.56,65.75,224.75,7.094,5,19,4,10,0.95,1,87,0.33,Ransomware
SEC-LOG-101608,4.7,UDP,21,128,55506,0.675,0,10.31,23.84,6.02,3.034,2,41,0,9,1.0,0,3,0.855,Benign
SEC-LOG-101609,3.05,TCP,443,137,102808,0.876,0,38.97,62.13,2.78,2.996,20,32,2,7,0.96,1,17,0.207,Malware
SEC-LOG-101610,1.25,SMB,445,98,43082,0.676,0,85.56,93.27,332.04,7.671,9,13,1,7,1.07,0,95,0.223,Ransomware
SEC-LOG-101611,2.89,HTTP,443,142,1690,0.435,6,18.6,22.19,4.21,2.391,14,108,3,11,0.98,0,1,0.084,Phishing
SEC-LOG-101612,7.73,DNS,53,120,45146,0.701,3,59.52,74.71,1.27,4.168,24,45,1,9,0.87,0,14,0.306,Malware
SEC-LOG-101613,2.68,HTTP,443,120,46655,0.596,0,22.1,48.06,9.57,4.154,5,32,0,12,1.11,0,2,0.88,Benign
SEC-LOG-101614,14.21,TCP,443,117,73088,0.697,0,8.41,33.06,1.94,3.527,5,37,0,8,1.15,0,3,0.858,Benign
SEC-LOG-101615,16.25,HTTP,80,125,2346,0.334,2,21.43,49.39,3.8,3.694,14,109,6,3,1.01,0,1,0.091,Phishing
SEC-LOG-101616,4.89,TCP,53,4526,733443,0.338,0,72.89,44.76,2.56,2.887,6,35,0,341,8.06,0,3,0.151,DDoS
SEC-LOG-101617,13.84,HTTP,80,120,2162,0.366,1,7.43,29.01,6.29,4.138,17,125,3,6,1.1,0,3,0.241,Phishing
SEC-LOG-101618,4.94,DNS,443,122,64177,0.664,0,35.02,43.08,1.19,2.642,39,52,2,11,0.92,1,16,0.134,Malware
SEC-LOG-101619,8.94,DNS,443,118,3554,0.469,2,12.17,39.91,5.58,2.895,15,113,2,12,0.99,0,2,0.361,Phishing
SEC-LOG-101620,35.61,HTTP,22,128,72364,0.682,1,30.31,81.93,7.72,3.888,26,23,2,7,1.12,0,16,0.265,Malware
SEC-LOG-101621,1.44,HTTPS,3389,127,60721,0.482,0,21.9,29.23,4.01,2.688,8,54,0,10,0.88,0,2,0.964,Benign
SEC-LOG-101622,7.75,TCP,4444,105,34823,0.894,3,71.82,46.09,1.17,3.23,21,43,3,8,1.13,0,16,0.298,Malware
SEC-LOG-101623,0.26,TCP,8080,4567,949277,0.548,0,77.17,23.38,6.64,3.516,2,50,0,368,7.21,0,3,0.252,DDoS
SEC-LOG-101624,9.13,HTTPS,22,119,59978,0.488,0,26.98,44.62,8.62,2.303,2,23,0,10,1.13,0,2,0.951,Benign
SEC-LOG-101625,10.39,HTTP,8080,129,4936,0.687,4,28.32,38.99,3.91,3.37,21,75,2,9,1.13,0,1,0.093,Phishing
SEC-LOG-101626,39.29,DNS,443,136,66416,0.49,0,22.45,49.2,9.66,3.939,6,27,0,13,0.9,0,1,0.815,Benign
SEC-LOG-101627,1.21,TCP,3389,103,40724,0.629,0,74.79,69.96,5.98,2.002,20,62,1,6,0.91,1,18,0.43,Malware
SEC-LOG-101628,6.53,UDP,80,117,89205,0.632,0,6.05,16.01,6.75,2.386,3,31,0,10,1.02,0,4,0.954,Benign
SEC-LOG-101629,1.13,DNS,22,118,46446,0.937,3,52.36,81.36,0.61,3.811,18,34,1,9,0.91,1,14,0.237,Malware
SEC-LOG-101630,8.94,TCP,8080,110,42655,0.623,0,98.33,94.83,115.2,6.906,5,45,4,11,0.99,1,99,0.22,Ransomware
SEC-LOG-101631,9.14,UDP,80,113,67520,0.496,0,20.63,20.21,8.05,3.653,4,32,0,9,1.09,0,0,0.997,Benign
SEC-LOG-101632,11.02,HTTP,443,106,2567,0.559,4,30.09,24.84,3.26,2.071,24,99,3,6,1.06,0,1,0.303,Phishing
SEC-LOG-101633,48.4,HTTPS,139,101,30439,0.522,0,79.09,69.78,198.99,7.056,7,24,4,9,1.02,1,100,0.173,Ransomware
SEC-LOG-101634,0.71,UDP,80,4351,596911,0.561,0,85.46,23.77,2.93,2.703,7,18,0,381,13.57,0,1,0.348,DDoS
SEC-LOG-101635,1.9,TCP,445,107,43724,0.395,0,20.55,47.71,1.36,2.895,5,44,0,6,0.86,0,1,0.897,Benign
SEC-LOG-101636,8.17,TCP,443,119,38646,0.541,0,15.09,43.26,8.45,3.332,6,30,0,5,1.08,0,4,0.966,Benign
SEC-LOG-101637,5.44,UDP,443,120,37895,0.565,0,13.97,36.75,1.32,3.974,3,32,0,10,1.13,0,0,0.839,Benign
SEC-LOG-101638,2.2,UDP,8080,4528,1024601,0.609,0,88.94,40.22,1.68,4.13,6,44,0,349,12.89,0,2,0.225,DDoS
SEC-LOG-101639,3.38,TCP,22,4501,1019400,0.521,0,82.54,18.7,0.83,3.958,7,32,0,364,7.92,0,2,0.236,DDoS
SEC-LOG-101640,21.13,HTTPS,8080,105,35436,0.849,0,57.84,43.39,4.31,2.51,25,26,1,6,1.06,0,17,0.353,Malware
SEC-LOG-101641,5.06,HTTPS,445,117,40623,0.372,0,92.06,69.48,183.97,7.044,3,67,1,9,1.0,1,82,0.36,Ransomware
SEC-LOG-101642,8.19,HTTP,8080,132,53715,0.697,1,68.41,54.24,3.56,4.255,29,43,1,8,1.01,1,27,0.256,Malware
SEC-LOG-101643,7.72,DNS,80,110,4727,0.438,4,17.28,48.7,4.53,3.409,8,71,4,8,0.94,0,2,0.103,Phishing
SEC-LOG-101644,2.88,TCP,80,113,47779,0.596,0,22.43,38.15,0.84,3.61,2,29,0,7,0.96,0,1,0.923,Benign
SEC-LOG-101645,10.54,HTTPS,443,128,60992,0.408,0,95.67,90.79,196.61,7.803,7,49,1,8,0.85,1,86,0.253,Ransomware
SEC-LOG-101646,6.08,HTTP,443,112,39480,0.671,0,15.93,23.37,8.98,4.393,6,48,0,8,0.98,0,1,0.855,Benign
SEC-LOG-101647,1.86,SMB,139,122,37836,0.325,0,87.88,78.12,329.76,7.385,3,35,1,8,1.07,0,84,0.186,Ransomware
SEC-LOG-101648,4.87,HTTPS,445,128,69367,0.506,0,79.63,85.28,142.16,7.854,7,29,2,6,0.92,1,77,0.276,Ransomware
SEC-LOG-101649,6.44,HTTP,443,123,7828,0.354,2,32.54,15.76,3.12,2.709,12,88,2,10,0.94,0,2,0.097,Phishing
SEC-LOG-101650,7.49,HTTPS,8080,127,89700,0.689,0,34.54,44.62,8.73,4.106,10,49,0,12,0.88,0,5,0.987,Benign
SEC-LOG-101651,10.6,TCP,53,119,64867,0.614,0,7.31,26.01,6.41,4.26,6,36,0,6,1.08,0,1,0.93,Benign
SEC-LOG-101652,5.25,HTTP,80,97,28356,0.432,0,20.6,37.05,3.65,3.33,6,34,0,7,1.02,0,3,0.861,Benign
SEC-LOG-101653,14.12,TCP,80,113,58887,0.619,0,11.75,45.53,8.4,4.054,2,32,0,7,0.97,0,1,0.884,Benign
SEC-LOG-101654,1.74,HTTPS,443,128,93215,0.51,0,21.45,26.62,2.24,3.682,2,51,0,6,0.97,0,2,0.953,Benign
SEC-LOG-101655,4.04,UDP,443,4530,796946,0.622,0,78.6,41.12,9.89,4.306,7,42,0,400,9.52,0,3,0.174,DDoS
SEC-LOG-101656,25.91,DNS,4444,115,57489,0.607,0,64.37,71.95,9.89,3.688,24,46,2,3,1.03,1,11,0.3,Malware
SEC-LOG-101657,20.75,TCP,80,105,23521,0.654,0,10.66,36.23,5.45,4.05,6,31,0,7,1.04,0,2,0.88,Benign
SEC-LOG-101658,4.72,TCP,443,115,33361,0.571,0,8.13,48.03,1.91,2.154,2,46,0,6,0.97,0,3,0.952,Benign
SEC-LOG-101659,19.26,HTTPS,3389,127,97960,0.723,0,31.35,67.24,9.81,2.535,33,37,2,7,0.91,0,17,0.182,Malware
SEC-LOG-101660,13.17,HTTP,443,130,7027,0.461,2,16.21,36.12,9.03,2.899,15,96,6,5,1.03,0,1,0.143,Phishing
SEC-LOG-101661,7.5,DNS,53,134,56381,0.85,0,56.06,45.15,6.02,3.697,32,30,2,6,1.12,1,14,0.438,Malware
SEC-LOG-101662,4.21,TCP,53,4456,980767,0.509,0,88.75,46.12,1.69,3.332,6,58,0,355,12.91,0,1,0.301,DDoS
SEC-LOG-101663,4.59,HTTP,443,148,93245,0.71,0,47.22,51.8,9.9,3.93,24,26,3,4,0.91,0,19,0.23,Malware
SEC-LOG-101664,3.2,TCP,80,4497,497493,0.638,0,66.16,48.98,9.54,3.087,4,35,0,383,9.32,0,4,0.329,DDoS
SEC-LOG-101665,2.8,SMB,443,119,92511,0.576,0,83.22,85.76,96.16,7.862,8,21,2,8,0.9,1,81,0.43,Ransomware
SEC-LOG-101666,39.01,TCP,80,139,77051,0.302,0,11.46,40.86,8.07,3.782,11,58,0,14,0.91,0,3,0.972,Benign
SEC-LOG-101667,4.71,HTTP,80,4614,795830,0.681,0,65.92,23.06,7.4,2.58,9,31,0,333,7.06,0,4,0.286,DDoS
SEC-LOG-101668,2.48,SSH,80,121,48275,0.457,0,27.27,21.95,8.24,3.255,5,53,0,9,0.89,0,4,0.889,Benign
SEC-LOG-101669,0.96,SMB,445,95,48123,0.471,0,86.52,60.02,339.25,7.402,10,37,2,6,0.9,0,90,0.366,Ransomware
SEC-LOG-101670,8.93,HTTPS,443,128,92354,0.587,0,32.27,32.22,3.88,4.25,5,29,0,4,0.94,0,2,0.83,Benign
SEC-LOG-101671,9.67,HTTPS,139,105,74577,0.501,0,93.25,63.49,192.38,7.569,6,16,4,12,1.08,1,109,0.14,Ransomware
SEC-LOG-101672,14.85,TCP,445,131,91772,0.504,0,93.14,88.81,257.39,7.017,4,67,1,7,1.0,1,96,0.409,Ransomware
SEC-LOG-101673,17.3,HTTPS,8080,118,29811,0.546,0,82.36,68.32,197.0,7.424,4,35,2,10,1.03,1,73,0.373,Ransomware
SEC-LOG-101674,4.47,TCP,8080,131,73050,0.489,0,79.87,82.95,193.63,7.868,3,22,2,5,0.94,1,80,0.479,Ransomware
SEC-LOG-101675,0.27,FTP,443,127,88633,0.403,0,8.33,47.82,1.74,2.657,7,48,0,7,1.07,0,3,0.842,Benign
SEC-LOG-101676,21.29,DNS,80,112,30801,0.56,0,32.81,44.25,3.06,2.825,8,30,0,4,1.08,0,4,0.831,Benign
SEC-LOG-101677,33.34,SSH,3389,137,91461,0.803,1,63.02,42.32,9.04,4.059,23,19,2,5,1.12,1,15,0.206,Malware
SEC-LOG-101678,0.36,DNS,443,135,39055,0.59,0,32.77,43.85,6.58,2.476,5,10,0,4,0.85,0,2,0.823,Benign
SEC-LOG-101679,12.94,HTTP,443,119,4155,0.679,2,23.65,44.94,3.65,3.569,14,62,2,8,0.93,0,1,0.18,Phishing
SEC-LOG-101680,12.49,TCP,80,143,64416,0.519,0,13.04,37.21,2.41,2.314,7,60,0,9,1.02,0,0,0.845,Benign
SEC-LOG-101681,0.2,UDP,53,4495,599195,0.583,0,81.98,37.86,5.43,2.991,3,32,0,344,9.76,0,2,0.31,DDoS
SEC-LOG-101682,11.63,HTTPS,80,102,2168,0.61,2,21.99,32.01,8.62,2.468,17,90,2,8,0.89,0,1,0.125,Phishing
SEC-LOG-101683,8.73,SMB,445,118,89371,0.499,0,85.04,89.88,165.56,7.625,4,28,1,8,1.1,0,84,0.325,Ransomware
SEC-LOG-101684,9.18,TCP,25,118,53363,0.606,1,12.87,47.98,2.67,3.887,7,21,0,12,1.04,0,0,0.949,Benign
SEC-LOG-101685,26.39,TCP,443,124,59639,0.372,0,74.14,68.06,178.14,7.757,5,11,4,8,0.93,1,86,0.318,Ransomware
SEC-LOG-101686,4.35,UDP,53,4587,369667,0.386,1,77.12,20.98,2.02,2.211,4,23,0,334,9.83,0,2,0.094,DDoS
SEC-LOG-101687,10.5,TCP,4444,119,77726,0.932,3,51.19,78.68,2.11,2.081,35,47,1,10,0.88,1,21,0.143,Malware
SEC-LOG-101688,3.3,HTTP,80,128,4268,0.478,4,5.12,16.55,8.77,4.035,12,89,2,10,1.0,0,1,0.249,Phishing
SEC-LOG-101689,23.61,HTTPS,443,136,54640,0.437,0,79.05,78.01,192.85,7.966,6,40,2,3,1.03,0,85,0.186,Ransomware
SEC-LOG-101690,40.97,TCP,53,113,80447,0.33,0,33.99,31.35,9.96,4.393,9,49,0,10,0.85,0,3,0.935,Benign
SEC-LOG-101691,1.72,DNS,3389,113,86434,0.737,0,60.48,45.58,6.8,2.862,21,39,1,16,0.89,0,20,0.375,Malware
SEC-LOG-101692,11.88,HTTPS,80,114,42602,0.308,0,30.67,33.28,9.39,2.008,0,32,0,14,1.02,0,2,0.826,Benign
SEC-LOG-101693,11.28,HTTPS,80,122,73258,0.7,0,15.1,33.5,3.52,3.822,3,55,0,10,0.93,0,0,0.838,Benign
SEC-LOG-101694,3.24,UDP,53,106,46343,0.662,0,32.58,49.47,7.67,2.019,3,30,0,9,1.08,0,2,0.891,Benign
SEC-LOG-101695,2.4,HTTP,443,118,84608,0.398,0,11.84,46.7,5.64,2.205,3,33,0,9,0.93,0,3,0.942,Benign
SEC-LOG-101696,23.59,TCP,80,96,39500,0.505,1,27.52,33.83,2.1,2.553,4,10,0,13,1.05,0,5,0.923,Benign
SEC-LOG-101697,18.4,HTTP,443,123,64053,0.617,0,24.79,34.69,1.62,2.572,6,25,0,4,1.0,0,5,0.836,Benign
SEC-LOG-101698,1.18,TCP,53,4493,993291,0.604,2,66.01,40.97,9.81,2.978,7,45,0,353,8.46,0,5,0.259,DDoS
SEC-LOG-101699,12.39,HTTP,3389,112,50425,0.913,3,64.78,68.31,8.92,2.251,21,29,1,10,1.11,0,15,0.289,Malware
SEC-LOG-101700,2.66,TCP,80,4452,711714,0.571,0,88.23,35.47,1.56,3.717,4,25,0,363,6.22,0,1,0.166,DDoS
SEC-LOG-101701,12.93,HTTP,8080,117,73021,0.751,0,38.23,82.19,1.16,3.771,17,29,4,11,1.06,1,23,0.326,Malware
SEC-LOG-101702,2.45,HTTPS,80,107,52690,0.617,0,14.65,33.08,9.33,3.434,3,34,0,5,1.04,0,2,0.953,Benign
SEC-LOG-101703,3.37,SSH,22,115,35381,0.892,0,36.75,42.15,7.63,3.246,28,21,3,9,1.13,0,24,0.122,Malware
SEC-LOG-101704,9.7,HTTP,443,120,70888,0.896,5,36.14,84.46,5.44,3.477,29,18,2,11,1.05,1,15,0.258,Malware
SEC-LOG-101705,2.13,TCP,443,126,60073,0.323,1,10.6,24.69,6.3,4.07,6,49,0,6,0.87,0,1,0.845,Benign
SEC-LOG-101706,15.97,DNS,8080,116,3588,0.564,4,23.05,20.15,4.8,3.154,16,121,4,4,1.0,0,1,0.125,Phishing
SEC-LOG-101707,5.22,HTTP,53,105,39038,0.503,0,8.53,35.76,2.53,3.111,5,53,0,10,0.9,0,3,0.852,Benign
SEC-LOG-101708,11.6,HTTPS,443,122,2702,0.363,2,13.44,48.17,1.8,4.197,8,79,2,7,0.89,0,3,0.159,Phishing
SEC-LOG-101709,11.26,HTTPS,80,120,5518,0.513,4,6.88,48.86,2.07,2.901,18,96,4,7,0.9,0,1,0.196,Phishing
SEC-LOG-101710,37.59,TCP,80,106,81622,0.634,0,12.57,20.19,9.31,3.872,6,39,0,7,0.89,0,4,0.983,Benign
SEC-LOG-101711,22.31,HTTPS,8080,140,100448,0.453,0,27.77,35.92,2.91,4.227,8,42,0,7,0.96,0,0,0.946,Benign
SEC-LOG-101712,47.94,TCP,139,118,91139,0.328,0,96.96,75.07,316.17,6.989,5,17,2,7,1.12,1,103,0.185,Ransomware
SEC-LOG-101713,0.18,SSH,4444,115,87110,0.739,0,43.44,69.13,6.06,3.375,22,30,2,9,0.97,1,18,0.199,Malware
SEC-LOG-101714,7.34,TCP,3389,113,40591,0.357,0,27.43,27.04,2.47,2.271,6,35,0,8,0.98,0,2,0.861,Benign
SEC-LOG-101715,0.19,DNS,22,4519,363932,0.51,0,81.19,35.65,6.33,3.0,5,22,0,327,8.45,0,1,0.29,DDoS
SEC-LOG-101716,6.35,HTTPS,3389,122,46947,0.43,0,7.25,37.17,5.9,3.155,2,35,0,12,0.99,0,1,0.807,Benign
SEC-LOG-101717,4.87,HTTPS,443,140,7729,0.599,2,29.11,31.52,8.93,2.619,19,107,2,7,0.9,0,3,0.34,Phishing
SEC-LOG-101718,2.07,TCP,443,4493,845358,0.343,0,79.45,32.49,7.12,4.004,5,29,0,340,10.35,0,0,0.08,DDoS
SEC-LOG-101719,25.51,TCP,8080,124,91379,0.356,0,25.29,43.98,8.51,2.864,4,35,0,11,0.94,0,1,0.863,Benign
SEC-LOG-101720,2.83,HTTPS,53,127,58167,0.454,1,9.16,41.78,0.95,2.779,7,36,0,8,0.87,0,2,0.832,Benign
SEC-LOG-101721,10.52,TCP,80,128,42725,0.371,0,34.61,40.5,7.94,2.075,4,45,0,12,0.86,0,0,0.891,Benign
SEC-LOG-101722,0.84,HTTP,22,105,68207,0.693,0,14.61,23.68,6.22,2.049,2,26,0,5,0.97,0,3,0.987,Benign
SEC-LOG-101723,7.22,UDP,53,133,94455,0.445,0,12.24,40.1,1.23,3.589,6,12,0,9,1.02,0,1,0.975,Benign
SEC-LOG-101724,5.11,HTTP,443,105,5706,0.665,2,21.02,20.81,8.72,2.172,19,92,3,7,0.91,0,1,0.265,Phishing
SEC-LOG-101725,21.5,HTTP,443,103,29418,0.343,0,6.89,30.14,6.24,3.571,8,56,0,5,1.01,0,1,0.855,Benign
SEC-LOG-101726,1.2,TCP,4444,125,35127,0.808,0,55.22,79.07,6.17,3.379,24,42,2,5,0.92,0,15,0.438,Malware
SEC-LOG-101727,3.27,UDP,443,4596,545040,0.445,0,84.64,42.3,8.47,3.079,4,33,0,367,7.73,0,0,0.089,DDoS
SEC-LOG-101728,15.09,SMB,139,137,32342,0.619,0,93.69,75.55,196.34,6.826,2,25,2,11,1.14,1,94,0.119,Ransomware
SEC-LOG-101729,11.01,HTTPS,8080,115,1786,0.587,1,14.41,47.38,4.0,2.836,13,58,3,7,0.85,0,3,0.394,Phishing
SEC-LOG-101730,15.74,TCP,53,128,85280,0.694,0,23.88,48.15,7.56,2.84,4,37,0,11,0.88,0,0,0.886,Benign
SEC-LOG-101731,13.05,HTTPS,443,127,1983,0.302,6,6.79,29.36,1.55,3.656,17,101,4,9,0.88,0,1,0.223,Phishing
SEC-LOG-101732,1.31,TCP,4444,118,62911,0.854,3,66.34,42.48,8.01,3.601,18,20,1,8,0.99,0,20,0.12,Malware
SEC-LOG-101733,9.92,HTTP,4444,132,91605,0.675,0,68.37,66.8,3.94,3.143,24,41,2,11,1.04,1,14,0.273,Malware
SEC-LOG-101734,6.02,TCP,443,116,46665,0.47,2,7.74,25.31,3.27,4.436,3,32,0,8,1.13,0,1,0.938,Benign
SEC-LOG-101735,4.22,SMB,445,133,29282,0.335,0,76.48,91.06,121.49,6.823,3,46,2,10,1.0,1,94,0.417,Ransomware
SEC-LOG-101736,24.14,DNS,4444,101,29066,0.797,0,47.91,77.89,2.44,2.193,23,28,1,13,1.08,1,22,0.171,Malware
SEC-LOG-101737,42.53,HTTP,443,129,74404,0.493,0,23.59,40.81,4.92,2.419,6,47,0,8,0.97,0,4,0.939,Benign
SEC-LOG-101738,81.9,HTTP,8080,133,89120,0.558,0,30.97,24.58,2.97,2.185,3,26,0,5,1.0,0,2,0.931,Benign
SEC-LOG-101739,28.48,HTTPS,443,103,69492,0.844,3,60.88,72.16,0.88,4.047,32,57,1,10,1.03,0,25,0.112,Malware
SEC-LOG-101740,1.65,HTTPS,8080,133,94943,0.653,0,93.11,61.62,126.52,7.684,8,33,2,10,1.11,1,86,0.181,Ransomware
SEC-LOG-101741,10.14,HTTPS,443,122,7024,0.451,1,25.81,37.97,0.51,4.134,12,45,4,7,0.98,0,2,0.084,Phishing
SEC-LOG-101742,0.65,TCP,445,118,89746,0.494,0,93.11,64.83,99.88,6.813,10,26,1,7,0.87,1,87,0.395,Ransomware
SEC-LOG-101743,0.22,TCP,443,98,31098,0.406,0,25.55,45.13,2.76,2.558,4,60,0,11,1.09,0,2,0.982,Benign
SEC-LOG-101744,23.49,HTTP,4444,114,25186,0.607,0,37.57,82.68,3.64,2.56,24,26,2,8,1.15,0,13,0.215,Malware
SEC-LOG-101745,2.53,TCP,22,132,103405,0.631,5,70.22,77.02,8.77,3.585,23,12,1,9,1.01,1,15,0.115,Malware
SEC-LOG-101746,0.92,HTTP,53,135,78320,0.565,0,8.92,36.55,5.05,3.181,7,33,0,4,0.9,0,3,0.967,Benign
SEC-LOG-101747,17.72,HTTP,80,108,27150,0.486,0,19.41,44.95,1.97,2.424,4,36,0,3,0.94,0,2,0.91,Benign
SEC-LOG-101748,20.11,SMB,8080,118,70281,0.616,0,99.4,80.12,237.73,6.867,8,27,2,10,1.11,1,98,0.269,Ransomware
SEC-LOG-101749,75.36,UDP,443,109,27496,0.522,0,21.89,43.17,5.58,3.112,1,26,0,9,0.88,0,2,0.855,Benign
SEC-LOG-101750,4.27,HTTPS,8080,125,76583,0.603,3,45.27,80.89,2.25,4.055,19,35,2,11,0.99,0,17,0.156,Malware
SEC-LOG-101751,5.55,HTTPS,80,132,29439,0.589,0,27.09,32.67,7.94,4.138,4,10,0,12,1.04,0,4,0.824,Benign
SEC-LOG-101752,14.29,HTTPS,8443,115,65292,0.336,0,24.09,43.03,2.32,3.755,5,27,0,9,0.87,0,0,0.974,Benign
SEC-LOG-101753,15.39,TCP,53,99,51476,0.505,0,32.21,35.56,9.02,3.955,5,52,0,10,1.04,0,2,0.953,Benign
SEC-LOG-101754,1.47,TCP,80,4437,663193,0.376,0,74.36,25.93,2.29,2.928,4,29,0,365,14.95,0,3,0.304,DDoS
SEC-LOG-101755,0.99,HTTPS,445,107,73402,0.633,0,99.25,78.84,334.72,7.212,4,17,1,5,0.96,0,96,0.33,Ransomware
SEC-LOG-101756,1.51,TCP,443,4531,705243,0.328,0,91.92,22.48,1.7,2.662,6,35,0,341,13.83,0,1,0.174,DDoS
SEC-LOG-101757,13.28,SSH,443,119,65122,0.677,1,58.55,47.53,8.25,4.385,26,39,1,7,1.12,1,14,0.367,Malware
SEC-LOG-101758,26.93,HTTP,80,128,39517,0.664,0,14.36,37.02,9.42,3.427,11,24,0,7,0.89,0,0,0.857,Benign
SEC-LOG-101759,9.62,TCP,53,123,56773,0.886,0,72.81,57.66,6.8,2.997,28,53,2,10,1.03,0,22,0.372,Malware
SEC-LOG-101760,95.54,HTTP,4444,135,85024,0.626,0,69.38,48.68,3.67,3.308,24,10,2,8,0.85,1,26,0.406,Malware
SEC-LOG-101761,0.82,HTTPS,443,110,23921,0.504,0,89.76,91.59,87.57,7.587,5,14,2,4,0.96,1,70,0.193,Ransomware
SEC-LOG-101762,18.83,TCP,80,112,55828,0.407,0,7.26,44.47,1.02,3.524,7,34,0,9,0.97,0,2,0.87,Benign
SEC-LOG-101763,32.16,HTTPS,4444,130,73834,0.766,0,70.02,41.98,5.86,4.255,24,25,3,8,0.91,0,15,0.194,Malware
SEC-LOG-101764,18.52,TCP,80,112,75867,0.4,0,9.63,16.86,6.06,2.909,3,42,0,7,1.07,0,1,0.976,Benign
SEC-LOG-101765,27.1,HTTPS,443,114,52560,0.512,0,31.4,17.52,6.99,4.077,6,29,0,9,0.95,0,2,0.894,Benign
SEC-LOG-101766,17.09,HTTPS,443,131,7296,0.338,1,16.69,30.95,7.11,2.536,12,58,2,4,0.9,0,3,0.14,Phishing
SEC-LOG-101767,14.57,HTTPS,443,105,64100,0.799,0,51.22,69.71,1.96,3.735,20,35,4,9,1.02,1,20,0.302,Malware
SEC-LOG-101768,35.25,HTTPS,445,122,53405,0.645,0,27.3,29.46,8.41,4.332,7,32,0,7,1.1,0,5,0.896,Benign
SEC-LOG-101769,31.06,HTTP,53,126,97127,0.33,0,28.45,47.44,7.53,4.195,2,41,0,8,0.95,0,4,0.904,Benign
SEC-LOG-101770,4.51,TCP,4444,120,41561,0.786,3,49.1,78.18,1.35,3.715,20,27,1,9,1.15,1,23,0.206,Malware
SEC-LOG-101771,37.32,TCP,8080,137,58863,0.582,0,94.81,60.77,259.44,7.735,3,21,4,9,1.0,0,67,0.369,Ransomware
SEC-LOG-101772,7.94,TCP,443,142,60368,0.372,0,90.67,81.71,340.17,7.47,3,30,2,11,1.05,1,74,0.344,Ransomware
SEC-LOG-101773,3.7,UDP,443,4585,408987,0.41,0,73.72,43.12,2.37,2.909,4,10,0,348,7.31,0,1,0.268,DDoS
SEC-LOG-101774,9.03,SMB,443,120,75699,0.354,0,92.85,80.32,237.95,7.124,3,49,2,15,1.07,1,83,0.422,Ransomware
SEC-LOG-101775,1.49,TCP,443,107,42803,0.478,0,8.44,29.95,2.37,4.188,5,26,0,7,1.01,0,0,0.887,Benign
SEC-LOG-101776,11.43,HTTP,443,95,5390,0.488,2,5.34,26.99,7.83,3.618,16,67,4,8,1.0,0,1,0.322,Phishing
SEC-LOG-101777,10.19,TCP,8080,110,38542,0.774,1,65.08,72.52,3.0,2.64,26,14,3,17,0.96,0,18,0.288,Malware
SEC-LOG-101778,4.23,TCP,443,110,30958,0.594,2,10.59,26.87,3.83,2.558,4,41,0,6,1.05,0,6,0.886,Benign
SEC-LOG-101779,16.89,SMB,8080,113,79456,0.7,0,76.28,88.98,314.67,7.347,2,16,2,11,0.92,0,80,0.284,Ransomware
SEC-LOG-101780,0.28,UDP,80,120,93107,0.514,0,31.83,38.77,8.21,3.925,4,45,0,5,0.97,0,1,0.916,Benign
SEC-LOG-101781,3.15,TCP,80,4445,1064075,0.421,0,77.1,31.37,4.09,4.033,4,45,0,333,14.11,0,2,0.102,DDoS
SEC-LOG-101782,1.45,TCP,443,109,79093,0.87,0,58.26,52.64,2.43,4.497,23,10,3,4,0.89,1,22,0.158,Malware
SEC-LOG-101783,2.0,HTTPS,443,132,2923,0.434,6,12.53,31.65,5.98,2.087,18,109,3,6,0.91,0,1,0.335,Phishing
SEC-LOG-101784,6.69,HTTP,80,115,6019,0.658,4,27.93,47.88,1.91,2.866,13,95,2,7,0.86,0,5,0.305,Phishing
SEC-LOG-101785,2.62,TCP,445,116,65992,0.588,1,91.02,85.29,181.5,7.2,5,39,1,10,1.1,1,89,0.482,Ransomware
SEC-LOG-101786,11.63,HTTPS,443,134,7168,0.56,2,23.3,20.43,7.94,2.346,12,93,2,9,0.96,0,0,0.118,Phishing
SEC-LOG-101787,15.59,HTTP,443,145,4996,0.321,2,33.47,41.57,1.02,3.352,17,106,4,6,0.85,0,2,0.178,Phishing
SEC-LOG-101788,0.15,HTTPS,80,107,76632,0.549,0,16.52,45.93,7.49,3.515,7,48,0,11,0.87,0,2,0.868,Benign
SEC-LOG-101789,13.69,HTTP,53,124,65637,0.728,1,33.8,56.51,2.4,4.241,11,42,3,7,0.91,1,10,0.199,Malware
SEC-LOG-101790,1.45,HTTPS,8443,123,45816,0.523,0,19.24,45.96,5.1,2.866,5,26,0,7,0.99,0,3,0.94,Benign
SEC-LOG-101791,7.45,HTTP,8080,133,1533,0.51,1,10.17,43.56,7.7,4.222,13,82,3,5,1.08,0,1,0.146,Phishing
SEC-LOG-101792,5.43,HTTP,8080,123,74523,0.932,1,30.59,41.28,8.05,2.532,24,61,2,13,1.14,1,16,0.119,Malware
SEC-LOG-101793,4.84,HTTPS,443,119,5797,0.535,4,14.07,40.89,2.25,2.321,13,84,2,7,1.13,0,2,0.109,Phishing
SEC-LOG-101794,3.71,TCP,443,117,91408,0.697,0,7.15,15.62,6.19,3.537,3,26,0,8,1.09,0,2,0.876,Benign
SEC-LOG-101795,14.45,HTTP,53,97,23035,0.394,0,15.41,37.43,5.99,3.701,5,55,0,15,0.93,0,3,0.908,Benign
SEC-LOG-101796,9.46,HTTPS,443,110,6811,0.679,1,27.47,48.08,4.51,3.186,18,53,2,11,0.99,0,3,0.145,Phishing
SEC-LOG-101797,9.67,HTTPS,53,131,33113,0.521,0,32.84,21.42,6.26,3.88,6,34,0,7,0.93,0,3,0.904,Benign
SEC-LOG-101798,28.1,HTTP,53,107,56310,0.361,0,20.53,21.6,9.95,2.011,6,48,0,5,0.94,0,4,0.838,Benign
SEC-LOG-101799,2.93,HTTP,53,110,46338,0.501,0,23.24,36.1,6.91,2.576,6,30,0,11,0.89,0,1,0.886,Benign
SEC-LOG-101800,4.08,TCP,443,4483,493887,0.676,0,94.72,25.35,2.35,3.711,4,51,0,384,15.0,0,2,0.236,DDoS
SEC-LOG-101801,2.15,HTTPS,80,108,3521,0.525,2,12.05,49.64,6.47,4.049,17,99,3,10,1.07,0,0,0.164,Phishing
SEC-LOG-101802,2.64,HTTP,443,107,50721,0.331,0,7.56,18.36,1.32,2.138,5,37,0,12,0.9,0,0,0.864,Benign
SEC-LOG-101803,17.12,TCP,443,121,41104,0.543,0,11.56,34.69,9.48,2.191,5,20,0,6,0.9,0,2,0.981,Benign
SEC-LOG-101804,2.3,HTTPS,53,121,25808,0.368,0,23.94,23.04,5.98,3.957,4,48,0,6,0.91,0,3,0.888,Benign
SEC-LOG-101805,4.75,SMB,445,129,26147,0.439,1,87.14,69.01,196.34,7.701,4,31,1,10,1.02,1,101,0.467,Ransomware
SEC-LOG-101806,13.52,HTTP,443,100,4123,0.323,6,29.85,41.7,5.05,3.063,12,148,4,8,1.02,0,4,0.321,Phishing
SEC-LOG-101807,5.22,TCP,80,93,45282,0.683,0,30.95,31.32,5.0,4.013,7,35,0,6,0.86,0,4,0.914,Benign
SEC-LOG-101808,9.12,TCP,443,122,79303,0.4,0,8.5,41.65,4.8,4.032,3,33,0,6,0.88,0,4,0.868,Benign
SEC-LOG-101809,15.62,HTTPS,445,141,75152,0.697,0,31.12,32.52,0.95,4.337,4,32,0,12,1.09,0,2,0.94,Benign
SEC-LOG-101810,3.11,HTTP,443,122,2008,0.407,4,10.02,25.46,9.24,3.888,13,104,2,9,0.92,0,4,0.109,Phishing
SEC-LOG-101811,12.79,SMB,445,127,74080,0.356,0,73.13,61.3,85.86,6.977,1,59,1,17,1.07,1,94,0.264,Ransomware
SEC-LOG-101812,1.33,TCP,22,124,55797,0.535,0,7.02,29.47,3.46,4.23,5,55,0,11,0.87,0,2,0.943,Benign
SEC-LOG-101813,2.86,HTTPS,53,120,41510,0.325,0,26.31,25.27,8.45,4.084,4,45,0,9,1.04,0,4,0.841,Benign
SEC-LOG-101814,7.37,HTTPS,53,115,81420,0.376,0,32.59,19.56,3.92,3.58,7,10,0,13,0.96,0,2,0.871,Benign
SEC-LOG-101815,0.36,DNS,443,4390,814539,0.689,0,66.54,37.15,6.38,3.729,4,31,0,352,4.24,0,2,0.127,DDoS
SEC-LOG-101816,10.62,HTTP,22,124,94205,0.31,0,10.54,21.85,6.2,2.566,3,27,0,6,0.94,0,1,0.95,Benign
SEC-LOG-101817,10.86,TCP,445,112,87330,0.332,0,76.87,74.83,212.41,7.81,2,33,2,6,1.09,1,83,0.377,Ransomware
SEC-LOG-101818,19.69,HTTP,8080,132,4499,0.425,6,21.24,27.0,2.96,3.942,12,63,4,14,0.92,0,1,0.252,Phishing
SEC-LOG-101819,26.1,TCP,53,113,61582,0.455,0,27.15,24.48,7.81,2.656,6,38,0,5,1.03,0,2,0.989,Benign
SEC-LOG-101820,8.5,UDP,443,112,44658,0.608,0,10.48,25.37,0.54,4.141,6,25,0,7,0.95,0,1,0.96,Benign
SEC-LOG-101821,7.3,UDP,443,124,70620,0.578,0,20.85,26.73,0.52,2.89,2,68,0,8,1.09,0,1,0.989,Benign
SEC-LOG-101822,7.05,HTTPS,443,118,6337,0.407,1,19.96,20.05,6.48,3.287,22,104,2,6,1.05,0,4,0.395,Phishing
SEC-LOG-101823,26.4,HTTPS,443,106,53679,0.318,0,83.83,60.71,262.77,7.016,7,29,1,4,0.86,0,78,0.422,Ransomware
SEC-LOG-101824,12.11,HTTPS,80,100,6715,0.418,4,14.32,33.14,1.74,3.112,28,55,4,9,0.96,0,3,0.213,Phishing
SEC-LOG-101825,29.7,DNS,53,117,34606,0.743,5,61.83,68.63,9.56,4.345,17,36,2,5,0.98,1,23,0.267,Malware
SEC-LOG-101826,1.52,TCP,443,121,64751,0.346,0,25.27,38.76,8.24,2.21,5,42,0,10,1.12,0,2,0.832,Benign
SEC-LOG-101827,2.93,HTTP,443,4512,635261,0.608,1,82.73,34.56,2.06,2.613,4,34,0,307,10.45,0,5,0.095,DDoS
SEC-LOG-101828,41.91,HTTPS,443,122,62787,0.541,0,95.94,73.15,86.28,7.096,1,34,4,5,1.11,1,90,0.116,Ransomware
SEC-LOG-101829,3.56,TCP,80,134,33617,0.537,0,32.95,41.2,8.17,3.46,7,32,0,10,1.04,0,1,0.989,Benign
SEC-LOG-101830,2.73,TCP,443,4377,559551,0.422,0,82.72,25.11,3.6,3.15,8,42,0,367,4.77,0,2,0.085,DDoS
SEC-LOG-101831,19.04,HTTP,443,113,6597,0.559,6,26.89,37.77,6.84,3.051,18,86,2,7,1.09,0,1,0.156,Phishing
SEC-LOG-101832,41.93,TCP,3389,105,56757,0.771,3,36.34,55.96,6.25,2.955,24,41,2,8,1.11,1,14,0.302,Malware
SEC-LOG-101833,12.32,HTTPS,80,125,4169,0.401,1,6.43,37.76,7.03,4.254,14,64,3,11,1.11,0,1,0.282,Phishing
SEC-LOG-101834,1.17,TCP,445,123,51477,0.309,0,71.09,60.32,319.69,7.574,3,59,2,12,0.97,1,70,0.2,Ransomware
SEC-LOG-101835,12.94,HTTPS,443,124,4987,0.307,4,19.22,38.05,7.29,4.041,14,112,6,6,1.09,0,0,0.354,Phishing
SEC-LOG-101836,30.12,HTTP,443,117,61286,0.387,0,11.33,35.27,7.1,2.596,8,24,0,7,0.88,0,2,0.809,Benign
SEC-LOG-101837,25.13,FTP,80,107,32559,0.547,0,17.74,32.92,7.73,3.366,11,11,0,7,0.99,0,3,0.981,Benign
SEC-LOG-101838,2.1,DNS,80,4534,672178,0.427,0,84.91,20.3,3.74,3.456,3,37,0,340,6.75,0,1,0.143,DDoS
SEC-LOG-101839,22.21,TCP,443,115,65875,0.429,0,31.65,41.24,4.15,2.538,8,63,0,7,0.93,0,1,0.974,Benign
SEC-LOG-101840,6.53,HTTPS,443,122,45198,0.619,0,30.55,30.93,5.91,3.402,4,34,0,7,1.03,0,1,0.928,Benign
SEC-LOG-101841,0.9,HTTP,8080,114,63821,0.635,0,55.23,45.33,3.79,4.17,26,34,1,6,0.99,1,11,0.265,Malware
SEC-LOG-101842,10.29,TCP,3389,139,106904,0.673,0,68.48,59.6,2.27,2.885,21,36,2,10,1.09,1,9,0.218,Malware
SEC-LOG-101843,10.85,HTTPS,443,124,1578,0.582,2,14.54,26.09,8.95,4.224,13,73,3,10,1.0,0,2,0.237,Phishing
SEC-LOG-101844,3.27,TCP,443,4470,375563,0.508,0,74.99,19.35,2.55,2.024,7,28,0,366,7.83,0,3,0.244,DDoS
SEC-LOG-101845,31.17,HTTPS,53,140,33737,0.409,2,30.2,29.94,6.47,2.694,6,33,0,13,0.97,0,4,0.831,Benign
SEC-LOG-101846,2.32,TCP,443,109,38992,0.65,0,30.27,18.31,1.78,2.339,4,35,0,7,0.91,0,0,0.924,Benign
SEC-LOG-101847,8.12,TCP,80,126,47134,0.436,0,17.6,17.16,6.38,2.494,4,37,0,11,1.07,0,2,0.944,Benign
SEC-LOG-101848,6.19,SMB,443,127,28402,0.347,0,92.71,60.74,323.31,7.72,7,20,2,8,0.99,1,75,0.106,Ransomware
SEC-LOG-101849,16.51,HTTPS,443,125,2569,0.64,2,14.23,27.82,5.45,2.223,24,114,3,3,1.12,0,3,0.12,Phishing
SEC-LOG-101850,5.05,UDP,3389,140,109836,0.424,0,19.92,48.42,2.03,3.442,1,45,0,8,0.95,0,4,0.84,Benign
SEC-LOG-101851,32.49,SMB,445,138,54554,0.478,0,97.14,75.83,338.42,7.335,2,49,1,2,1.03,1,85,0.339,Ransomware
SEC-LOG-101852,0.17,SMB,139,132,49120,0.512,0,72.2,77.57,276.8,7.122,7,53,1,9,1.1,1,79,0.194,Ransomware
SEC-LOG-101853,7.0,TCP,445,134,76323,0.619,0,97.38,88.61,250.18,7.368,3,44,2,10,0.9,1,76,0.238,Ransomware
SEC-LOG-101854,4.41,TCP,53,4409,585152,0.633,0,92.56,29.55,8.44,3.725,4,29,0,343,5.05,0,0,0.279,DDoS
SEC-LOG-101855,28.62,TCP,80,104,36666,0.504,1,22.55,32.64,7.09,3.96,2,45,0,2,1.09,0,1,0.858,Benign
SEC-LOG-101856,29.36,HTTPS,445,134,73624,0.691,0,76.55,90.97,193.82,7.395,3,29,2,11,1.09,0,88,0.287,Ransomware
SEC-LOG-101857,31.15,TCP,443,135,65596,0.781,5,51.88,47.62,6.12,2.614,26,23,3,6,1.03,1,18,0.324,Malware
SEC-LOG-101858,14.74,SMB,445,136,89281,0.543,0,98.9,67.89,245.36,6.901,3,26,2,6,1.11,0,81,0.151,Ransomware
SEC-LOG-101859,12.33,DNS,443,116,3002,0.591,2,25.54,38.96,1.09,3.068,18,108,3,3,1.03,0,3,0.109,Phishing
SEC-LOG-101860,24.77,HTTPS,445,109,51139,0.689,2,85.67,68.63,330.83,6.837,6,27,2,9,1.12,1,76,0.194,Ransomware
SEC-LOG-101861,3.43,HTTPS,80,127,3413,0.571,6,8.03,26.43,9.74,2.563,13,50,3,16,1.02,0,1,0.064,Phishing
SEC-LOG-101862,18.79,UDP,8080,126,96948,0.477,0,6.98,35.62,6.83,2.265,6,32,0,8,0.96,0,2,0.961,Benign
SEC-LOG-101863,7.23,DNS,443,130,77980,0.894,3,41.49,71.22,6.15,3.36,24,36,2,9,0.94,0,17,0.413,Malware
SEC-LOG-101864,2.72,UDP,443,4527,589453,0.664,0,88.07,37.65,1.66,2.102,7,10,0,353,7.74,0,6,0.329,DDoS
SEC-LOG-101865,3.04,UDP,80,4442,630034,0.309,1,73.95,25.76,3.33,3.833,2,18,0,351,12.56,0,3,0.286,DDoS
SEC-LOG-101866,26.67,TCP,443,105,25520,0.695,0,14.4,44.6,5.45,3.123,4,14,0,5,1.01,0,4,0.998,Benign
SEC-LOG-101867,2.08,SSH,53,115,42343,0.471,1,20.38,30.66,2.55,3.554,6,10,0,3,0.92,0,1,0.91,Benign
SEC-LOG-101868,5.08,TCP,80,122,24807,0.695,0,7.71,26.43,4.68,4.336,3,25,0,9,0.89,0,2,0.88,Benign
SEC-LOG-101869,2.55,HTTP,443,115,7694,0.63,1,18.23,18.45,8.05,3.841,16,71,6,5,0.95,0,3,0.39,Phishing
SEC-LOG-101870,16.04,SMB,445,120,49306,0.517,0,85.89,86.32,93.0,7.087,7,44,2,5,0.97,1,88,0.414,Ransomware
SEC-LOG-101871,6.02,HTTP,443,120,78865,0.55,0,6.59,49.64,7.5,4.327,7,36,0,8,1.14,0,4,0.963,Benign
SEC-LOG-101872,31.53,HTTP,22,111,68270,0.801,0,41.51,84.05,6.69,3.522,25,25,3,10,1.05,1,13,0.144,Malware
SEC-LOG-101873,33.84,SMB,445,126,86467,0.48,0,90.66,88.94,230.82,7.896,4,14,2,9,0.87,1,93,0.242,Ransomware
SEC-LOG-101874,19.6,HTTP,80,115,1909,0.652,2,10.13,15.9,2.37,4.27,15,82,3,13,1.08,0,1,0.349,Phishing
SEC-LOG-101875,6.26,SSH,8080,130,64184,0.849,1,71.14,52.21,2.8,3.749,19,53,2,9,1.11,1,14,0.334,Malware
SEC-LOG-101876,57.63,DNS,443,112,84614,0.937,0,67.56,69.84,9.03,2.267,24,20,3,9,0.93,0,9,0.376,Malware
SEC-LOG-101877,3.06,DNS,8080,130,73082,0.671,0,40.9,80.74,3.12,4.03,35,33,4,7,0.92,1,25,0.216,Malware
SEC-LOG-101878,11.77,HTTPS,8443,136,56981,0.622,0,20.35,35.07,8.61,3.168,3,23,0,7,1.0,0,2,0.844,Benign
SEC-LOG-101879,5.36,DNS,22,99,60763,0.713,0,63.72,40.82,0.98,2.845,25,45,2,7,1.02,1,15,0.245,Malware
SEC-LOG-101880,10.82,HTTP,443,120,5661,0.358,4,10.02,41.45,2.3,4.312,8,63,3,14,0.94,0,2,0.227,Phishing
SEC-LOG-101881,41.68,SMB,8080,119,73656,0.363,0,90.76,90.44,184.92,7.14,5,38,1,6,0.98,1,78,0.289,Ransomware
SEC-LOG-101882,16.57,HTTPS,80,135,3199,0.58,2,17.33,18.11,4.55,2.336,14,105,3,4,1.11,0,6,0.125,Phishing
SEC-LOG-101883,5.88,SMB,8080,108,84965,0.671,0,71.47,79.64,340.96,7.705,6,38,1,10,1.06,0,77,0.302,Ransomware
SEC-LOG-101884,76.77,FTP,80,129,35879,0.525,0,10.96,22.11,8.06,3.3,8,29,0,10,1.14,0,3,0.987,Benign
SEC-LOG-101885,19.88,TCP,3389,113,27626,0.94,0,34.49,83.28,4.78,2.87,28,52,2,10,0.94,1,16,0.278,Malware
SEC-LOG-101886,6.49,HTTPS,445,118,31303,0.352,0,24.63,29.55,9.06,3.16,4,42,0,5,0.88,0,1,0.933,Benign
SEC-LOG-101887,19.2,HTTP,443,112,71985,0.415,0,32.52,44.71,2.94,3.468,4,32,0,6,0.9,0,3,0.826,Benign
SEC-LOG-101888,5.03,HTTPS,443,140,4446,0.393,4,11.21,27.8,8.85,2.12,13,64,3,12,1.03,0,0,0.137,Phishing
SEC-LOG-101889,4.61,TCP,53,4436,521052,0.482,1,65.03,16.52,3.01,2.122,4,43,0,362,9.32,0,2,0.06,DDoS
SEC-LOG-101890,3.99,HTTPS,80,109,78108,0.501,0,31.9,39.67,4.81,4.158,7,33,0,5,0.9,0,2,0.947,Benign
SEC-LOG-101891,49.44,HTTPS,8080,127,90622,0.919,0,50.96,78.18,4.79,3.338,25,49,2,5,0.91,1,24,0.301,Malware
SEC-LOG-101892,6.16,SMB,139,112,36593,0.4,0,79.6,60.84,80.64,7.528,9,40,1,3,0.92,1,84,0.287,Ransomware
SEC-LOG-101893,32.94,HTTPS,443,132,78571,0.661,0,9.57,38.07,7.48,3.886,5,32,0,10,0.99,0,4,0.868,Benign
SEC-LOG-101894,1.32,TCP,8080,137,39749,0.732,1,40.06,82.79,4.07,2.215,24,29,3,13,0.88,0,20,0.409,Malware
SEC-LOG-101895,11.26,HTTP,443,113,4828,0.663,6,24.54,32.54,2.88,4.243,17,81,2,8,0.93,0,1,0.101,Phishing
SEC-LOG-101896,13.04,HTTP,8080,106,5386,0.69,2,14.52,34.72,5.81,2.267,11,71,6,6,0.86,0,0,0.197,Phishing
SEC-LOG-101897,6.6,HTTP,80,116,38677,0.684,0,5.65,49.55,2.94,3.938,4,39,0,10,0.91,0,1,0.942,Benign
SEC-LOG-101898,6.09,HTTP,3389,129,82598,0.589,0,21.32,37.71,6.49,3.998,4,27,0,7,1.03,0,2,0.899,Benign
SEC-LOG-101899,3.75,TCP,139,120,45033,0.685,0,70.18,88.06,160.7,7.865,4,29,1,8,1.08,1,101,0.106,Ransomware
SEC-LOG-101900,1.29,HTTPS,3389,107,46148,0.8,0,57.25,77.96,1.19,3.377,29,47,2,10,1.08,0,17,0.278,Malware
SEC-LOG-101901,23.49,HTTPS,53,118,49449,0.63,0,33.6,45.52,9.1,2.942,3,37,0,8,0.95,0,2,0.968,Benign
SEC-LOG-101902,84.12,TCP,443,128,29131,0.405,0,96.04,81.49,297.59,6.825,6,47,2,5,0.97,0,94,0.28,Ransomware
SEC-LOG-101903,5.35,TCP,53,128,76572,0.695,0,26.71,20.42,3.17,3.872,6,27,0,9,0.91,0,1,0.962,Benign
SEC-LOG-101904,6.81,HTTP,8080,119,3580,0.566,4,10.08,17.94,1.58,3.76,28,82,3,4,1.06,0,3,0.065,Phishing
SEC-LOG-101905,2.45,SMB,443,128,52408,0.69,0,13.08,37.2,0.66,3.634,9,31,0,8,1.02,0,3,0.958,Benign
SEC-LOG-101906,2.56,UDP,443,4392,502679,0.369,0,77.12,30.64,8.36,2.937,5,60,0,329,8.87,0,5,0.245,DDoS
SEC-LOG-101907,3.36,UDP,443,125,57436,0.315,0,10.03,30.19,5.88,3.99,3,32,0,8,0.86,0,2,0.92,Benign
SEC-LOG-101908,43.25,SSH,3389,131,49266,0.366,0,7.92,19.36,2.9,3.746,8,29,0,11,1.13,0,2,0.95,Benign
SEC-LOG-101909,18.45,TCP,22,119,67542,0.516,0,6.75,35.99,5.49,2.098,2,26,0,13,0.9,0,2,0.909,Benign
SEC-LOG-101910,40.59,TCP,443,125,67835,0.663,0,15.09,18.75,3.55,3.88,4,17,0,9,1.02,0,1,0.93,Benign
SEC-LOG-101911,40.17,SMB,445,130,73355,0.35,0,89.11,61.13,209.74,7.059,1,18,4,7,0.99,1,96,0.377,Ransomware
SEC-LOG-101912,4.8,UDP,443,4477,578591,0.33,0,65.27,43.95,0.88,2.975,5,44,0,346,7.07,0,4,0.24,DDoS
SEC-LOG-101913,18.35,HTTP,445,134,75109,0.608,0,16.93,19.4,4.35,3.375,6,26,0,12,1.0,0,1,0.839,Benign
SEC-LOG-101914,17.69,DNS,8080,109,71494,0.741,0,30.06,68.92,0.6,2.257,26,28,3,5,0.9,0,12,0.344,Malware
SEC-LOG-101915,15.32,HTTP,443,120,7743,0.483,2,26.36,33.99,4.36,2.534,16,96,6,13,0.94,0,0,0.122,Phishing
SEC-LOG-101916,18.9,SMB,445,117,75738,0.526,0,96.39,77.72,336.81,6.867,9,27,1,11,1.08,1,92,0.482,Ransomware
SEC-LOG-101917,2.88,DNS,22,115,57609,0.697,1,35.31,67.67,3.92,2.597,22,31,1,6,1.11,0,21,0.122,Malware
SEC-LOG-101918,14.08,TCP,25,114,40718,0.413,0,9.64,23.77,2.1,4.436,6,36,0,8,1.03,0,1,0.975,Benign
SEC-LOG-101919,0.98,HTTPS,53,102,23744,0.779,3,46.58,66.58,9.38,4.16,27,30,1,10,0.9,0,25,0.389,Malware
SEC-LOG-101920,10.45,DNS,443,103,1610,0.304,6,8.61,37.0,6.17,4.102,20,121,2,6,0.92,0,1,0.135,Phishing
SEC-LOG-101921,17.56,TCP,3389,103,20680,0.401,0,6.41,15.28,8.03,3.654,5,16,0,7,1.14,0,2,0.93,Benign
SEC-LOG-101922,12.15,HTTP,8080,112,3277,0.483,4,7.56,42.23,7.68,3.027,17,139,3,8,0.95,0,2,0.382,Phishing
SEC-LOG-101923,10.47,TCP,80,143,35821,0.658,0,30.44,42.8,9.11,2.658,3,20,0,11,0.86,0,2,0.918,Benign
SEC-LOG-101924,3.13,HTTPS,445,124,39886,0.508,0,70.46,75.78,180.06,7.904,2,39,1,12,0.94,1,100,0.333,Ransomware
SEC-LOG-101925,14.89,DNS,443,114,47416,0.394,0,17.01,37.56,2.8,3.383,6,18,0,7,1.07,0,0,0.92,Benign
SEC-LOG-101926,37.07,HTTP,3389,129,26600,0.902,5,73.85,50.96,4.03,2.22,16,44,3,6,1.11,1,22,0.355,Malware
SEC-LOG-101927,1.37,DNS,22,151,75004,0.668,0,68.62,52.11,6.58,2.983,21,39,3,7,0.97,1,16,0.336,Malware
SEC-LOG-101928,3.18,HTTP,443,109,7473,0.506,4,15.21,30.09,3.66,2.718,20,125,2,11,0.92,0,0,0.151,Phishing
SEC-LOG-101929,3.1,HTTP,8443,121,25468,0.325,0,11.16,32.04,6.73,4.106,2,34,0,6,1.01,0,2,0.816,Benign
SEC-LOG-101930,4.1,TCP,8080,113,72040,0.831,0,39.72,83.45,0.66,3.995,32,56,1,8,0.94,0,13,0.2,Malware
SEC-LOG-101931,78.07,DNS,4444,116,45517,0.914,0,66.78,82.28,8.54,3.909,22,27,3,12,0.93,1,10,0.149,Malware
SEC-LOG-101932,15.61,TCP,4444,114,31794,0.851,1,55.57,40.27,2.39,3.782,20,49,1,11,1.05,0,12,0.102,Malware
SEC-LOG-101933,9.58,HTTPS,443,120,6766,0.488,6,20.32,15.68,2.47,2.886,19,79,4,14,1.07,0,0,0.333,Phishing
SEC-LOG-101934,4.72,HTTP,80,121,3163,0.41,1,8.48,47.26,9.72,4.163,19,94,4,11,0.98,0,2,0.24,Phishing
SEC-LOG-101935,0.5,SMB,443,122,52791,0.519,0,86.34,74.12,310.64,6.933,6,46,2,11,1.03,1,103,0.398,Ransomware
SEC-LOG-101936,58.38,HTTPS,22,106,50533,0.681,1,6.03,44.85,7.87,3.247,5,30,0,7,1.05,0,2,0.875,Benign
SEC-LOG-101937,13.38,SMB,139,110,55165,0.597,0,82.17,84.28,314.84,7.889,3,44,4,5,0.89,1,91,0.408,Ransomware
SEC-LOG-101938,17.1,TCP,3389,113,50486,0.816,0,50.11,65.48,0.77,2.491,26,48,2,8,1.03,1,22,0.443,Malware
SEC-LOG-101939,13.72,TCP,443,117,50272,0.586,0,12.25,39.74,1.79,4.428,4,34,0,5,0.85,0,0,0.961,Benign
SEC-LOG-101940,7.78,HTTPS,80,110,55581,0.473,0,30.26,26.18,5.56,4.135,5,42,0,1,1.15,0,2,0.889,Benign
SEC-LOG-101941,29.16,UDP,3389,113,29584,0.623,0,16.33,29.96,4.49,3.074,1,16,0,7,1.1,0,1,0.952,Benign
SEC-LOG-101942,8.96,TCP,8080,111,75088,0.419,0,94.52,78.61,212.37,7.862,7,24,2,13,1.07,1,87,0.316,Ransomware
SEC-LOG-101943,6.28,HTTP,443,140,1515,0.576,2,19.65,33.76,1.11,4.166,12,79,6,12,0.96,0,3,0.399,Phishing
SEC-LOG-101944,2.17,HTTPS,8080,115,30849,0.359,0,71.85,88.38,84.26,7.466,6,47,2,4,1.02,1,95,0.154,Ransomware
SEC-LOG-101945,20.64,HTTPS,3389,114,84179,0.844,3,45.45,44.51,6.62,4.281,39,47,2,11,1.03,0,21,0.297,Malware
SEC-LOG-101946,15.01,HTTPS,53,122,32424,0.742,1,45.78,63.96,4.42,3.756,26,39,2,7,1.06,1,20,0.231,Malware
SEC-LOG-101947,11.07,HTTP,22,117,74579,0.587,0,27.76,22.34,9.53,3.152,9,26,0,10,1.12,0,2,0.96,Benign
SEC-LOG-101948,7.44,UDP,80,122,84502,0.66,0,9.8,22.65,7.47,2.943,4,40,0,6,1.07,0,1,0.97,Benign
SEC-LOG-101949,3.11,SSH,8080,114,75965,0.78,0,65.98,53.1,9.53,4.285,24,53,2,10,1.13,1,14,0.122,Malware
SEC-LOG-101950,10.19,HTTPS,21,106,43807,0.581,0,5.73,24.48,0.74,4.295,1,30,0,8,1.01,0,1,0.969,Benign
SEC-LOG-101951,15.42,HTTP,443,120,49423,0.356,0,26.79,35.08,1.1,3.242,2,46,0,6,0.88,0,1,0.912,Benign
SEC-LOG-101952,9.82,HTTP,4444,132,93469,0.625,0,62.5,75.51,6.82,4.081,22,32,1,5,0.97,1,15,0.114,Malware
SEC-LOG-101953,9.81,HTTPS,443,128,6606,0.344,2,25.79,28.09,2.85,2.555,24,146,6,7,1.09,0,1,0.104,Phishing
SEC-LOG-101954,3.25,UDP,8080,4626,825651,0.631,0,67.66,39.26,1.54,2.506,4,47,0,365,14.78,0,5,0.324,DDoS
SEC-LOG-101955,0.73,UDP,80,4470,848780,0.43,1,92.33,31.62,4.3,3.438,6,43,0,366,4.17,0,2,0.15,DDoS
SEC-LOG-101956,7.01,HTTPS,443,119,2513,0.565,1,13.81,30.88,1.32,2.169,7,53,2,8,0.86,0,2,0.336,Phishing
SEC-LOG-101957,16.42,HTTPS,443,138,102678,0.869,0,33.37,77.67,2.02,2.015,24,32,1,12,1.13,1,17,0.421,Malware
SEC-LOG-101958,8.87,HTTP,443,108,1653,0.472,2,11.36,49.58,9.33,2.806,17,117,2,6,0.93,0,2,0.216,Phishing
SEC-LOG-101959,4.64,SMB,445,132,73266,0.354,0,81.17,93.02,264.61,7.435,8,37,2,10,1.04,0,74,0.458,Ransomware
SEC-LOG-101960,1.7,TCP,445,111,23277,0.31,1,9.07,46.51,5.0,2.987,9,29,0,8,1.04,0,1,0.865,Benign
SEC-LOG-101961,4.79,SSH,8080,119,82031,0.601,0,45.94,40.81,1.88,2.646,25,40,1,7,1.1,0,13,0.418,Malware
SEC-LOG-101962,28.09,HTTPS,445,135,41500,0.32,0,84.51,60.44,239.31,7.959,2,37,1,8,1.12,0,84,0.191,Ransomware
SEC-LOG-101963,51.65,UDP,445,111,67101,0.592,0,34.57,41.26,2.96,2.653,5,36,0,6,1.01,0,2,0.984,Benign
SEC-LOG-101964,12.23,DNS,8080,114,52866,0.793,5,48.45,58.59,2.09,3.778,21,32,2,12,1.0,1,16,0.115,Malware
SEC-LOG-101965,1.59,DNS,3389,106,27998,0.902,0,41.31,80.5,5.69,4.301,21,40,3,10,1.14,0,25,0.29,Malware
SEC-LOG-101966,1.96,DNS,445,105,63727,0.544,0,15.25,21.02,5.83,2.478,4,24,0,3,0.99,0,5,0.918,Benign
SEC-LOG-101967,8.04,TCP,80,111,41787,0.374,0,7.79,49.79,3.62,3.777,2,40,0,7,1.04,0,0,0.898,Benign
SEC-LOG-101968,10.52,SMB,445,121,24452,0.568,0,30.5,46.34,6.42,3.205,4,32,0,1,0.86,0,2,0.829,Benign
SEC-LOG-101969,14.43,UDP,80,143,38120,0.687,0,29.57,27.59,1.6,3.148,1,24,0,9,0.91,0,0,0.866,Benign
SEC-LOG-101970,0.61,TCP,80,120,29353,0.672,0,13.51,31.88,2.0,3.015,4,42,0,7,0.94,0,2,0.843,Benign
SEC-LOG-101971,25.28,SMB,139,118,55324,0.529,0,74.13,71.75,172.48,7.213,4,37,2,7,1.02,1,95,0.443,Ransomware
SEC-LOG-101972,33.93,UDP,53,112,56976,0.528,0,34.79,32.57,2.88,2.823,2,42,0,8,1.02,0,3,0.942,Benign
SEC-LOG-101973,27.83,HTTPS,8080,130,51262,0.913,3,52.43,82.33,5.14,3.959,25,45,1,6,1.06,0,15,0.393,Malware
SEC-LOG-101974,16.56,HTTP,80,119,82906,0.681,0,21.76,49.01,9.3,2.522,6,29,0,5,1.09,0,2,0.855,Benign
SEC-LOG-101975,3.98,TCP,53,4459,947882,0.37,2,89.27,20.19,1.2,3.051,5,27,0,371,8.23,0,1,0.154,DDoS
SEC-LOG-101976,7.55,HTTP,443,109,32517,0.654,0,9.44,40.39,8.55,2.416,5,35,0,11,1.06,0,3,0.801,Benign
SEC-LOG-101977,3.96,TCP,22,127,91596,0.837,1,68.13,56.63,1.29,4.481,30,43,2,14,0.95,1,22,0.386,Malware
SEC-LOG-101978,12.17,SMB,445,113,47957,0.437,0,83.43,80.87,224.83,7.242,7,31,2,5,1.04,1,82,0.205,Ransomware
SEC-LOG-101979,10.89,SMB,443,117,24320,0.697,2,80.2,67.58,254.23,7.583,1,31,2,3,1.04,1,89,0.27,Ransomware
SEC-LOG-101980,31.38,DNS,53,112,45587,0.413,0,22.66,26.49,2.92,4.009,7,33,0,5,0.88,0,1,0.994,Benign
SEC-LOG-101981,25.2,HTTPS,445,128,78357,0.436,0,71.38,76.45,339.99,7.897,5,37,1,4,0.96,1,81,0.424,Ransomware
SEC-LOG-101982,2.84,HTTP,3389,111,69239,0.724,0,70.88,79.37,9.11,3.969,26,44,2,8,0.9,0,19,0.211,Malware
SEC-LOG-101983,16.28,TCP,443,114,76863,0.733,0,65.97,65.58,5.0,2.049,24,34,1,7,0.87,0,20,0.246,Malware
SEC-LOG-101984,13.29,UDP,443,134,57179,0.337,2,34.43,47.3,6.79,3.258,6,46,0,15,1.02,0,2,0.936,Benign
SEC-LOG-101985,1.79,UDP,25,140,108108,0.437,0,8.78,28.55,8.59,3.904,4,34,0,5,1.08,0,2,0.961,Benign
SEC-LOG-101986,14.77,HTTP,443,113,4896,0.644,1,22.92,32.72,4.46,2.866,7,99,2,7,1.08,0,0,0.237,Phishing
SEC-LOG-101987,3.65,HTTPS,8080,115,87041,0.711,0,48.56,49.51,8.35,3.219,26,42,1,12,0.95,1,13,0.364,Malware
SEC-LOG-101988,50.47,DNS,22,129,51320,0.915,0,60.32,53.27,4.87,2.689,26,34,3,7,1.1,0,20,0.398,Malware
SEC-LOG-101989,19.57,HTTPS,443,112,6411,0.493,6,11.43,16.7,4.05,2.507,22,122,2,12,0.88,0,2,0.293,Phishing
SEC-LOG-101990,10.75,SMB,443,108,63073,0.419,1,94.52,72.15,303.09,7.715,3,18,2,5,0.9,0,84,0.148,Ransomware
SEC-LOG-101991,16.63,HTTPS,80,124,41682,0.353,1,12.58,43.94,9.24,2.429,2,33,0,7,1.14,0,0,0.859,Benign
SEC-LOG-101992,4.61,HTTPS,8080,121,7570,0.541,4,23.55,30.47,5.05,2.55,11,84,2,13,1.01,0,5,0.281,Phishing
SEC-LOG-101993,0.32,UDP,25,116,78110,0.67,0,23.93,49.32,8.89,2.905,4,27,0,8,0.94,0,1,0.907,Benign
SEC-LOG-101994,6.2,TCP,139,116,56117,0.448,0,81.68,72.95,289.87,7.436,3,27,2,7,1.05,1,76,0.415,Ransomware
SEC-LOG-101995,8.9,HTTPS,80,144,2450,0.569,4,28.48,38.23,1.66,2.111,16,96,2,7,1.12,0,3,0.119,Phishing
SEC-LOG-101996,3.07,TCP,443,4473,457064,0.562,0,70.07,36.53,7.57,2.199,2,32,0,350,3.58,0,4,0.275,DDoS
SEC-LOG-101997,61.18,TCP,443,111,56269,0.609,1,22.34,40.82,9.0,2.103,7,35,0,9,0.96,0,1,0.882,Benign
SEC-LOG-101998,31.93,HTTPS,53,124,44975,0.577,0,34.77,48.08,1.85,4.305,9,37,0,8,1.14,0,5,0.873,Benign
SEC-LOG-101999,13.31,HTTPS,25,132,50995,0.358,0,12.32,20.54,0.56,3.945,4,27,0,9,0.87,0,0,0.96,Benign
SEC-LOG-102000,6.93,HTTPS,80,125,31713,0.38,0,7.88,42.04,7.12,3.841,6,40,0,4,0.92,0,0,0.833,Benign
SEC-LOG-102001,6.85,HTTP,443,102,20531,0.427,0,19.97,38.75,9.39,3.988,4,23,0,8,1.11,0,2,0.985,Benign
SEC-LOG-102002,0.45,TCP,443,4387,684364,0.644,1,69.67,39.48,6.3,4.027,3,32,0,331,5.77,0,0,0.327,DDoS
SEC-LOG-102003,50.83,HTTP,443,128,99056,0.528,0,16.58,30.02,1.49,3.684,2,36,0,12,1.06,0,5,0.987,Benign
SEC-LOG-102004,16.28,UDP,443,109,21947,0.542,0,34.01,39.26,2.81,2.947,4,33,0,6,0.99,0,6,0.948,Benign
SEC-LOG-102005,3.21,TCP,139,116,48429,0.538,0,91.52,72.43,145.04,7.089,7,39,2,8,0.85,0,78,0.484,Ransomware
SEC-LOG-102006,22.68,TCP,4444,98,40850,0.689,1,31.54,49.98,6.43,3.202,13,28,4,3,0.9,1,29,0.104,Malware
SEC-LOG-102007,1.12,SMB,443,141,42685,0.497,0,80.17,92.41,164.54,7.693,4,33,2,2,0.96,1,82,0.247,Ransomware
SEC-LOG-102008,53.83,TCP,443,117,61938,0.45,0,24.34,39.79,0.66,3.673,4,24,0,12,0.89,0,0,0.869,Benign
SEC-LOG-102009,28.95,HTTP,3389,112,52337,0.922,0,51.58,57.37,7.08,2.3,31,33,4,5,0.92,1,14,0.118,Malware
SEC-LOG-102010,12.14,UDP,8080,127,60218,0.485,0,28.15,15.44,1.94,2.909,7,42,0,7,0.96,0,2,0.826,Benign
SEC-LOG-102011,19.88,TCP,8080,115,69980,0.495,0,32.02,24.11,3.72,3.934,6,40,0,8,1.14,0,2,0.85,Benign
SEC-LOG-102012,1.79,TCP,53,4412,526593,0.543,0,84.79,36.44,4.14,2.598,6,43,0,370,7.53,0,3,0.162,DDoS
SEC-LOG-102013,11.71,HTTP,53,116,31219,0.597,0,9.42,29.37,5.12,4.262,2,10,0,8,0.99,0,5,0.822,Benign
SEC-LOG-102014,8.18,HTTP,8080,107,77493,0.829,0,60.33,77.05,7.91,3.221,22,33,4,2,0.86,0,21,0.315,Malware
SEC-LOG-102015,4.17,SSH,4444,114,74715,0.848,0,43.34,76.56,1.58,4.387,26,52,1,8,0.87,1,13,0.272,Malware
SEC-LOG-102016,12.9,TCP,445,109,43694,0.541,0,32.83,16.91,2.56,3.081,2,35,0,4,1.1,0,2,0.951,Benign
SEC-LOG-102017,3.38,TCP,445,136,38776,0.647,0,85.27,76.87,158.59,7.084,8,16,2,5,1.11,1,84,0.295,Ransomware
SEC-LOG-102018,11.82,HTTP,443,136,53931,0.408,0,7.34,37.82,9.17,3.713,6,28,0,10,1.08,0,1,0.909,Benign
SEC-LOG-102019,8.62,HTTP,443,137,6159,0.65,2,7.49,49.75,5.98,4.28,16,161,2,8,1.02,0,3,0.272,Phishing
SEC-LOG-102020,4.34,UDP,443,4466,359581,0.5,0,81.76,18.35,3.9,4.169,4,51,0,349,14.71,0,3,0.072,DDoS
SEC-LOG-102021,24.25,HTTP,4444,129,97353,0.811,3,49.55,54.54,7.06,3.523,31,46,1,4,1.05,1,12,0.373,Malware
SEC-LOG-102022,2.51,TCP,80,4550,388087,0.384,0,77.74,37.98,9.17,2.836,6,32,0,359,7.02,0,3,0.217,DDoS
SEC-LOG-102023,15.88,HTTP,80,116,55621,0.516,0,23.79,25.22,1.64,3.599,4,32,0,8,0.99,0,0,0.988,Benign
SEC-LOG-102024,2.03,TCP,3389,117,82041,0.665,0,55.73,58.27,3.73,3.905,30,24,3,10,1.01,0,23,0.379,Malware
SEC-LOG-102025,4.36,TCP,445,134,77833,0.461,0,10.71,40.36,1.41,3.28,6,37,0,7,0.92,0,3,0.886,Benign
SEC-LOG-102026,15.08,HTTPS,80,111,3336,0.379,1,29.68,39.85,9.69,3.737,16,123,3,7,1.14,0,1,0.259,Phishing
SEC-LOG-102027,2.55,UDP,80,4559,381265,0.497,0,92.88,45.72,2.78,2.703,7,28,0,364,10.58,0,2,0.276,DDoS
SEC-LOG-102028,21.22,HTTPS,80,124,72250,0.412,0,21.46,18.15,2.18,2.767,2,15,0,7,0.91,0,1,0.847,Benign
SEC-LOG-102029,7.36,HTTP,8080,105,7304,0.473,2,33.94,46.19,2.76,2.212,11,97,2,7,0.97,0,1,0.275,Phishing
SEC-LOG-102030,5.26,TCP,443,113,64576,0.618,0,16.94,34.45,8.1,4.18,5,20,0,9,0.96,0,4,0.943,Benign
SEC-LOG-102031,56.1,DNS,443,124,50586,0.902,0,56.44,44.62,6.91,2.764,15,42,1,12,1.02,1,15,0.189,Malware
SEC-LOG-102032,22.7,DNS,443,133,78072,0.664,3,70.29,79.72,7.01,3.47,28,28,1,7,1.07,1,26,0.374,Malware
SEC-LOG-102033,3.26,UDP,443,4582,440877,0.681,0,77.73,19.03,9.62,2.302,5,33,0,361,7.32,0,0,0.336,DDoS
SEC-LOG-102034,19.45,HTTP,443,127,1908,0.572,6,27.78,29.94,2.15,2.457,14,82,2,4,0.99,0,3,0.266,Phishing
SEC-LOG-102035,1.68,UDP,443,119,66573,0.616,1,32.5,29.97,7.27,2.39,6,22,0,4,0.99,0,0,0.912,Benign
SEC-LOG-102036,17.35,HTTP,53,147,92840,0.648,0,6.68,48.97,3.94,2.484,5,37,0,12,1.04,0,2,0.909,Benign
SEC-LOG-102037,0.39,UDP,22,132,37591,0.355,0,18.1,24.93,0.57,2.201,6,32,0,9,1.12,0,2,0.917,Benign
SEC-LOG-102038,11.33,TCP,445,112,59658,0.346,0,21.52,47.47,4.88,3.6,6,27,0,6,1.0,0,4,0.967,Benign
SEC-LOG-102039,11.91,HTTP,80,122,51694,0.673,0,8.17,40.22,5.3,3.062,5,31,0,11,1.04,0,2,0.986,Benign
SEC-LOG-102040,10.1,SMB,443,126,96566,0.687,0,70.89,80.51,298.7,7.557,3,40,1,3,1.01,1,70,0.293,Ransomware
SEC-LOG-102041,4.28,HTTPS,4444,111,77942,0.605,1,35.68,74.59,4.97,2.118,23,44,3,8,1.14,0,22,0.383,Malware
SEC-LOG-102042,14.63,TCP,443,123,91503,0.68,5,66.36,75.2,3.43,3.493,30,30,2,6,1.05,0,11,0.314,Malware
SEC-LOG-102043,32.52,HTTP,80,98,67111,0.302,1,18.63,31.19,8.85,2.724,4,31,0,5,0.88,0,1,0.812,Benign
SEC-LOG-102044,3.83,SMB,139,112,25064,0.611,0,98.84,88.6,197.0,7.251,5,37,2,7,1.13,1,85,0.154,Ransomware
SEC-LOG-102045,3.22,HTTPS,80,120,4317,0.402,2,6.91,27.34,2.5,2.437,13,98,6,8,1.07,0,1,0.175,Phishing
SEC-LOG-102046,5.81,UDP,445,115,63673,0.403,0,7.09,24.02,7.23,2.447,4,37,0,16,1.02,0,1,0.854,Benign
SEC-LOG-102047,9.07,HTTPS,443,124,3919,0.59,2,30.76,43.43,9.9,2.948,13,80,3,11,1.07,0,3,0.079,Phishing
SEC-LOG-102048,5.38,TCP,3389,132,72941,0.832,0,72.12,63.65,2.03,3.911,18,32,3,8,0.85,1,18,0.296,Malware
SEC-LOG-102049,15.51,HTTPS,3389,123,33378,0.46,0,11.16,30.49,9.93,3.077,2,10,0,5,0.89,0,3,0.911,Benign
SEC-LOG-102050,8.62,HTTP,8080,119,32545,0.723,1,30.46,75.3,5.09,2.454,21,29,1,5,0.91,0,18,0.285,Malware
SEC-LOG-102051,5.87,TCP,22,131,98849,0.902,0,69.78,47.16,7.04,4.183,18,27,4,3,0.86,0,19,0.109,Malware
SEC-LOG-102052,13.79,HTTPS,80,111,78357,0.54,0,24.59,48.61,3.35,2.501,5,31,0,9,0.91,0,0,0.887,Benign
SEC-LOG-102053,4.73,UDP,80,4498,672315,0.465,0,93.29,40.6,7.56,2.345,6,24,0,349,13.5,0,1,0.171,DDoS
SEC-LOG-102054,1.41,TCP,8080,109,49306,0.43,0,77.06,94.56,290.24,7.655,5,42,2,7,0.92,0,101,0.162,Ransomware
SEC-LOG-102055,4.49,HTTP,80,129,1608,0.344,4,7.24,29.51,7.58,2.988,14,80,4,5,1.1,0,4,0.093,Phishing
SEC-LOG-102056,8.83,DNS,53,118,46323,0.796,0,49.0,47.96,4.38,4.358,21,16,2,13,0.98,1,21,0.428,Malware
SEC-LOG-102057,30.54,HTTP,443,107,76763,0.663,0,52.93,60.2,5.86,4.171,32,26,1,7,0.87,1,14,0.411,Malware
SEC-LOG-102058,6.99,HTTP,80,127,2558,0.6,1,7.49,41.41,6.8,3.513,22,92,2,9,1.1,0,1,0.325,Phishing
SEC-LOG-102059,0.13,HTTPS,443,117,91715,0.781,0,55.81,76.44,6.1,2.788,28,50,3,6,0.88,1,13,0.321,Malware
SEC-LOG-102060,23.48,UDP,443,147,76198,0.322,0,21.35,15.99,8.41,4.183,4,40,0,5,1.07,0,3,0.98,Benign
SEC-LOG-102061,29.55,DNS,443,124,58856,0.845,1,53.57,83.8,0.68,4.067,29,44,2,7,1.07,0,16,0.277,Malware
SEC-LOG-102062,17.09,SMB,139,123,71384,0.39,0,99.45,73.07,150.91,7.303,7,20,2,9,0.94,1,70,0.463,Ransomware
SEC-LOG-102063,44.26,HTTP,8080,109,50729,0.696,3,58.17,43.52,2.36,2.509,23,37,3,13,0.9,0,15,0.217,Malware
SEC-LOG-102064,3.72,TCP,80,114,66488,0.679,0,21.0,34.99,2.53,2.728,6,36,0,11,1.12,0,2,0.936,Benign
SEC-LOG-102065,12.24,TCP,139,155,66269,0.343,0,87.72,79.79,175.58,7.221,7,35,4,12,0.89,1,90,0.187,Ransomware
SEC-LOG-102066,47.66,HTTP,8080,139,33426,0.327,0,14.35,28.67,6.45,3.46,2,48,0,10,0.92,0,3,0.919,Benign
SEC-LOG-102067,1.8,DNS,8080,122,62661,0.543,1,20.89,25.23,4.35,4.255,6,28,0,8,0.99,0,4,0.852,Benign
SEC-LOG-102068,37.76,TCP,443,137,53330,0.35,0,13.77,40.25,8.42,3.02,2,38,0,7,1.07,0,1,0.904,Benign
SEC-LOG-102069,2.11,HTTP,80,134,67277,0.309,0,27.51,39.65,7.59,2.768,7,50,0,10,0.98,0,1,0.8,Benign
SEC-LOG-102070,0.36,TCP,445,141,81507,0.528,0,75.83,77.9,131.77,6.958,7,24,4,2,1.12,1,80,0.488,Ransomware
SEC-LOG-102071,36.43,HTTP,53,122,26662,0.864,3,43.44,79.57,2.17,2.558,17,20,1,12,1.06,0,21,0.216,Malware
SEC-LOG-102072,61.78,TCP,22,106,23140,0.513,0,12.21,31.02,5.5,3.645,2,29,0,12,1.1,0,2,0.816,Benign
SEC-LOG-102073,7.12,SMB,139,137,61034,0.492,0,91.11,61.58,109.48,7.728,5,27,1,10,0.87,1,85,0.482,Ransomware
SEC-LOG-102074,12.5,TCP,443,117,25811,0.501,2,98.05,84.85,271.18,7.67,7,26,1,6,0.88,1,72,0.107,Ransomware
SEC-LOG-102075,7.47,SMB,8080,117,85379,0.636,0,89.3,83.12,174.02,7.221,8,44,2,3,1.01,1,66,0.431,Ransomware
SEC-LOG-102076,18.61,UDP,80,116,25589,0.517,1,17.68,40.27,1.21,2.161,6,28,0,6,1.05,0,0,0.953,Benign
SEC-LOG-102077,2.43,HTTP,8080,126,28337,0.726,3,51.28,54.95,4.09,2.579,24,33,1,7,0.87,0,18,0.171,Malware
SEC-LOG-102078,2.84,HTTP,443,4375,1001109,0.388,0,83.53,41.27,3.19,2.925,8,33,0,363,10.29,0,0,0.156,DDoS
SEC-LOG-102079,9.67,TCP,445,125,71137,0.332,0,74.61,91.25,232.48,7.688,5,37,4,6,0.97,0,69,0.329,Ransomware
SEC-LOG-102080,2.86,UDP,443,113,73972,0.627,0,18.57,15.58,1.68,3.08,2,31,0,2,1.08,0,4,0.947,Benign
SEC-LOG-102081,11.74,HTTP,443,132,28021,0.566,0,22.89,28.76,6.69,2.107,5,34,0,7,0.96,0,0,0.966,Benign
SEC-LOG-102082,3.08,TCP,443,115,77361,0.695,3,55.62,80.57,8.06,4.232,30,36,2,9,1.0,0,14,0.384,Malware
SEC-LOG-102083,2.16,TCP,53,4433,406762,0.607,0,69.79,20.2,5.02,2.445,3,29,0,355,12.51,0,1,0.1,DDoS
SEC-LOG-102084,4.1,DNS,53,124,36199,0.939,1,52.53,46.58,3.98,3.995,21,23,2,14,1.14,0,16,0.141,Malware
SEC-LOG-102085,8.84,DNS,53,131,44422,0.818,1,38.37,63.49,8.23,3.875,18,39,2,8,1.02,1,21,0.376,Malware
SEC-LOG-102086,3.0,TCP,80,111,22236,0.408,0,25.01,20.26,4.64,2.012,3,54,0,15,0.89,0,2,0.868,Benign
SEC-LOG-102087,8.79,HTTP,443,140,3713,0.352,4,20.16,49.22,4.61,3.872,17,81,3,8,1.12,0,0,0.053,Phishing
SEC-LOG-102088,8.55,TCP,443,100,57314,0.604,0,97.75,93.28,212.12,7.183,6,34,2,6,1.0,1,75,0.123,Ransomware
SEC-LOG-102089,4.56,SMB,445,121,77368,0.416,0,26.42,20.95,9.03,2.72,7,39,0,9,0.89,0,0,0.994,Benign
SEC-LOG-102090,14.26,SMB,8080,132,89698,0.638,0,93.45,89.16,260.71,7.124,6,35,2,13,0.94,0,85,0.118,Ransomware
SEC-LOG-102091,4.23,UDP,22,4654,813929,0.442,0,93.18,37.49,1.82,3.007,8,36,0,358,10.7,0,1,0.168,DDoS
SEC-LOG-102092,20.25,TCP,53,137,56345,0.3,0,20.06,18.03,4.7,3.232,7,41,0,7,1.01,0,2,0.821,Benign
SEC-LOG-102093,15.62,HTTP,4444,123,96815,0.759,0,47.33,66.69,2.84,3.62,21,38,2,10,1.04,1,16,0.282,Malware
SEC-LOG-102094,6.78,TCP,443,118,80502,0.383,0,30.16,47.71,1.72,3.736,6,27,0,7,1.05,0,2,0.967,Benign
SEC-LOG-102095,7.71,SMB,445,119,24640,0.347,0,94.31,77.9,182.54,6.984,3,47,2,14,0.96,0,75,0.179,Ransomware
SEC-LOG-102096,41.45,HTTP,4444,128,37092,0.867,0,39.1,43.5,6.5,2.391,28,33,1,15,0.89,1,10,0.241,Malware
SEC-LOG-102097,6.68,HTTPS,443,106,3598,0.644,4,13.26,48.15,1.28,2.871,18,105,2,12,0.94,0,1,0.096,Phishing
SEC-LOG-102098,12.51,SMB,445,127,44364,0.548,0,77.71,75.23,271.26,7.055,7,36,2,9,1.05,1,69,0.264,Ransomware
SEC-LOG-102099,4.43,UDP,53,144,44619,0.578,0,10.15,29.51,1.62,2.997,5,23,0,12,0.91,0,2,0.995,Benign
SEC-LOG-102100,1.46,UDP,443,4404,704884,0.438,0,72.18,46.94,1.16,2.708,4,56,0,330,8.55,0,1,0.333,DDoS
SEC-LOG-102101,27.65,TCP,443,127,26117,0.647,1,32.38,74.07,10.0,2.673,22,71,2,8,1.1,1,21,0.381,Malware
SEC-LOG-102102,11.31,HTTP,80,113,89999,0.441,0,28.48,46.63,8.56,3.274,7,28,0,7,0.92,0,3,0.853,Benign
SEC-LOG-102103,3.3,HTTP,443,138,4897,0.574,6,7.21,35.74,9.82,4.177,18,113,3,8,1.06,0,3,0.374,Phishing
SEC-LOG-102104,31.32,SMB,139,119,51209,0.671,0,91.0,88.2,136.01,7.398,5,10,2,6,0.97,0,79,0.274,Ransomware
SEC-LOG-102105,9.96,HTTP,443,130,57459,0.7,0,29.57,20.11,9.66,2.767,2,34,0,7,0.99,0,3,0.983,Benign
SEC-LOG-102106,7.24,HTTPS,139,116,69108,0.322,0,77.66,82.46,116.57,6.957,9,23,4,3,0.9,1,76,0.419,Ransomware
SEC-LOG-102107,0.63,UDP,443,4414,412419,0.409,0,79.34,41.66,6.74,2.548,7,39,0,354,6.53,0,1,0.31,DDoS
SEC-LOG-102108,19.91,HTTPS,443,114,22996,0.621,0,17.08,20.08,9.51,4.065,2,31,0,4,1.14,0,3,0.909,Benign
SEC-LOG-102109,0.15,HTTP,443,4508,1107753,0.485,1,75.72,15.13,4.86,4.22,6,32,0,337,4.87,0,1,0.161,DDoS
SEC-LOG-102110,6.12,DNS,22,141,90536,0.471,0,16.32,45.46,7.92,4.021,4,41,0,9,0.94,0,1,0.813,Benign
SEC-LOG-102111,1.55,TCP,53,131,54887,0.523,0,10.88,28.62,9.31,4.109,2,21,0,4,1.0,0,0,0.935,Benign
SEC-LOG-102112,27.15,TCP,80,112,47212,0.672,0,25.73,40.1,1.64,2.622,3,21,0,8,0.97,0,3,0.849,Benign
SEC-LOG-102113,12.03,TCP,139,111,73854,0.432,0,87.07,79.49,161.86,7.438,2,32,2,15,1.07,1,83,0.359,Ransomware
SEC-LOG-102114,2.79,HTTPS,443,127,4251,0.352,4,23.96,24.3,5.02,4.332,15,102,3,10,1.07,0,1,0.181,Phishing
SEC-LOG-102115,6.79,TCP,443,121,58975,0.658,0,28.97,37.32,7.98,4.194,7,45,0,9,1.11,0,4,0.881,Benign
SEC-LOG-102116,5.29,SSH,8080,118,86138,0.855,1,33.91,71.25,1.67,3.915,29,51,4,14,1.08,0,10,0.37,Malware
SEC-LOG-102117,16.96,HTTPS,443,121,5258,0.337,1,27.95,36.64,2.62,3.424,17,109,4,1,1.1,0,2,0.37,Phishing
SEC-LOG-102118,2.09,HTTPS,8080,120,33267,0.597,0,25.62,49.66,6.98,2.188,9,49,0,5,1.05,0,0,0.906,Benign
SEC-LOG-102119,4.07,HTTPS,445,102,67829,0.538,0,74.2,73.91,96.06,7.86,5,43,2,4,1.14,0,87,0.375,Ransomware
SEC-LOG-102120,0.95,SMB,445,118,28059,0.605,0,93.2,70.39,152.72,7.683,4,50,1,3,1.01,1,77,0.495,Ransomware
SEC-LOG-102121,12.59,HTTPS,22,96,34910,0.873,0,36.65,56.3,9.9,2.468,29,37,1,10,0.89,1,23,0.328,Malware
SEC-LOG-102122,1.39,UDP,80,4433,420864,0.644,0,70.65,29.51,2.32,2.388,5,52,0,322,10.78,0,1,0.217,DDoS
SEC-LOG-102123,25.92,DNS,443,125,35143,0.654,0,73.1,53.16,0.63,4.372,23,43,2,5,1.09,0,16,0.234,Malware
SEC-LOG-102124,0.45,UDP,80,4434,1021203,0.691,0,94.17,15.51,5.14,2.785,4,35,0,361,14.68,0,3,0.194,DDoS
SEC-LOG-102125,16.31,HTTPS,443,111,3600,0.309,6,26.34,15.5,9.01,2.197,17,81,3,17,0.92,0,4,0.065,Phishing
SEC-LOG-102126,7.34,HTTPS,443,111,3880,0.403,2,16.55,28.89,2.43,2.805,19,84,2,12,1.12,0,2,0.36,Phishing
SEC-LOG-102127,7.44,TCP,8080,115,40553,0.437,0,19.65,40.74,4.26,3.693,6,44,0,10,1.05,0,2,0.956,Benign
SEC-LOG-102128,1.12,SMB,445,109,61673,0.691,0,93.88,88.99,298.35,7.916,2,28,1,9,1.11,1,81,0.454,Ransomware
SEC-LOG-102129,24.0,TCP,53,98,69785,0.898,3,58.17,55.8,4.87,2.071,22,38,3,7,1.1,0,20,0.244,Malware
SEC-LOG-102130,10.96,HTTP,53,115,62737,0.423,0,10.44,16.16,1.97,2.033,5,33,0,6,0.97,0,2,0.839,Benign
SEC-LOG-102131,8.79,HTTPS,22,128,85743,0.524,0,27.83,21.12,2.9,4.092,6,16,0,10,0.92,0,1,0.907,Benign
SEC-LOG-102132,9.6,DNS,4444,133,83967,0.843,1,34.76,66.57,6.5,2.382,22,37,1,5,1.02,1,22,0.1,Malware
SEC-LOG-102133,5.75,TCP,22,128,65923,0.697,5,47.91,68.33,7.57,4.412,22,32,1,9,0.93,0,13,0.173,Malware
SEC-LOG-102134,15.25,DNS,443,134,3019,0.596,4,8.11,26.26,6.31,3.461,18,109,2,2,0.98,0,2,0.115,Phishing
SEC-LOG-102135,18.25,SMB,139,103,48075,0.667,1,77.99,91.07,343.96,7.782,5,10,4,8,1.06,0,71,0.12,Ransomware
SEC-LOG-102136,0.12,UDP,80,123,79219,0.526,0,11.27,38.07,6.71,3.325,5,45,0,8,1.13,0,6,0.866,Benign
SEC-LOG-102137,19.17,HTTPS,443,123,6506,0.597,2,24.71,36.81,7.98,3.258,19,81,2,17,1.04,0,1,0.377,Phishing
SEC-LOG-102138,11.61,TCP,443,114,37393,0.487,0,26.65,25.41,7.69,4.097,6,30,0,9,0.95,0,1,0.962,Benign
SEC-LOG-102139,2.79,TCP,445,108,30685,0.317,0,94.67,92.66,109.42,7.874,11,50,2,7,0.92,1,80,0.418,Ransomware
SEC-LOG-102140,27.43,TCP,443,109,65397,0.468,0,92.5,79.81,195.97,6.802,6,46,2,10,0.99,1,102,0.428,Ransomware
SEC-LOG-102141,80.33,DNS,4444,114,80246,0.651,0,49.14,63.82,9.89,3.531,22,42,2,8,1.06,0,23,0.246,Malware
SEC-LOG-102142,19.67,HTTPS,80,119,3456,0.51,2,28.29,32.44,9.8,4.005,15,87,2,13,0.98,0,2,0.337,Phishing
SEC-LOG-102143,4.29,FTP,80,116,68922,0.541,0,10.21,30.81,4.14,4.498,3,47,0,4,0.92,0,2,0.854,Benign
SEC-LOG-102144,11.04,HTTPS,53,105,65972,0.67,1,44.14,79.8,2.12,2.551,23,30,1,8,0.9,0,17,0.448,Malware
SEC-LOG-102145,8.43,TCP,139,143,37070,0.605,0,98.83,84.7,227.82,7.582,7,17,2,9,0.92,1,92,0.241,Ransomware
SEC-LOG-102146,30.63,SSH,22,124,73630,0.757,3,70.88,62.21,7.01,4.125,22,39,1,7,0.94,1,23,0.333,Malware
SEC-LOG-102147,43.26,HTTPS,443,108,44525,0.411,0,23.61,47.05,1.84,2.103,4,37,0,8,0.87,0,2,0.943,Benign
SEC-LOG-102148,7.41,HTTP,443,101,34857,0.914,0,60.75,53.16,7.64,4.499,20,38,2,9,1.03,1,17,0.103,Malware
SEC-LOG-102149,1.44,SMB,445,112,32592,0.673,0,70.66,69.04,271.62,7.943,5,10,4,9,1.02,0,79,0.383,Ransomware
SEC-LOG-102150,8.62,HTTPS,443,123,31065,0.38,0,26.9,43.93,9.25,3.71,3,16,0,7,1.09,0,2,0.837,Benign
SEC-LOG-102151,1.45,TCP,80,115,61901,0.606,0,17.38,42.06,5.91,3.885,4,37,0,6,0.86,0,2,0.95,Benign
SEC-LOG-102152,15.79,HTTPS,443,102,5307,0.619,2,8.56,24.53,7.66,2.562,19,75,2,9,1.08,0,3,0.281,Phishing
SEC-LOG-102153,55.47,SMB,445,105,60181,0.558,0,87.61,83.83,269.31,7.926,4,38,2,9,1.13,1,88,0.484,Ransomware
SEC-LOG-102154,12.82,TCP,443,129,38832,0.506,0,15.25,16.84,6.24,3.293,1,38,0,6,1.07,0,3,0.866,Benign
SEC-LOG-102155,8.55,HTTPS,80,115,62036,0.607,0,30.97,15.1,4.79,4.203,6,36,0,10,0.91,0,4,0.856,Benign
SEC-LOG-102156,18.34,SMB,3389,112,56728,0.329,0,25.19,31.6,1.71,2.335,4,21,0,7,1.01,0,1,0.813,Benign
SEC-LOG-102157,12.39,SMB,8080,117,46573,0.598,0,9.91,28.27,7.72,3.952,4,55,0,7,0.88,0,1,0.891,Benign
SEC-LOG-102158,1.96,TCP,4444,98,28140,0.878,1,53.4,77.17,5.53,3.654,24,29,2,12,1.14,0,18,0.224,Malware
SEC-LOG-102159,16.74,HTTP,443,128,6047,0.365,1,24.41,34.52,7.53,2.704,13,81,2,6,1.0,0,3,0.393,Phishing
SEC-LOG-102160,8.82,HTTP,80,106,2175,0.585,1,19.08,47.96,2.23,2.511,23,60,3,8,1.05,0,0,0.18,Phishing
SEC-LOG-102161,16.06,HTTPS,443,109,4702,0.413,4,15.64,37.85,7.7,2.824,13,120,3,5,0.99,0,1,0.106,Phishing
SEC-LOG-102162,36.57,SSH,53,131,77380,0.333,0,19.2,26.61,1.33,2.374,3,52,0,4,0.86,0,1,0.901,Benign
SEC-LOG-102163,45.19,HTTPS,445,116,23587,0.438,2,92.1,87.75,278.48,7.457,6,46,2,4,0.94,1,92,0.326,Ransomware
SEC-LOG-102164,6.23,TCP,8080,128,61709,0.846,3,54.99,58.64,6.64,2.277,23,48,1,6,0.87,0,19,0.19,Malware
SEC-LOG-102165,2.42,UDP,80,4522,1070823,0.386,0,78.86,45.31,2.05,4.031,5,23,0,348,5.75,0,1,0.241,DDoS
SEC-LOG-102166,4.35,HTTP,443,134,7163,0.454,4,22.52,24.47,7.59,4.054,26,57,2,4,1.13,0,1,0.196,Phishing
SEC-LOG-102167,2.19,TCP,443,113,38104,0.554,0,26.87,19.97,3.03,2.863,5,20,0,10,0.86,0,3,0.801,Benign
SEC-LOG-102168,10.08,HTTPS,443,125,1911,0.368,4,18.15,48.22,2.51,3.119,6,89,4,10,0.97,0,0,0.217,Phishing
SEC-LOG-102169,27.61,HTTP,443,113,41315,0.548,0,26.61,48.89,9.31,2.242,3,38,0,9,1.12,0,2,0.906,Benign
SEC-LOG-102170,5.79,HTTPS,443,113,6986,0.325,4,13.76,48.55,7.92,2.181,21,64,3,7,1.13,0,3,0.214,Phishing
SEC-LOG-102171,6.24,TCP,443,143,40572,0.401,0,24.34,17.3,6.19,4.069,6,22,0,8,0.97,0,3,0.829,Benign
SEC-LOG-102172,38.59,HTTPS,53,114,70092,0.37,0,13.95,36.24,1.34,2.598,4,29,0,7,1.11,0,3,0.957,Benign
SEC-LOG-102173,6.82,SMB,8080,122,78660,0.594,0,73.33,77.7,161.51,6.947,6,27,2,6,1.08,1,82,0.321,Ransomware
SEC-LOG-102174,21.61,HTTP,80,116,44525,0.483,0,33.91,45.28,2.21,3.752,3,17,0,11,1.05,0,3,0.99,Benign
SEC-LOG-102175,3.95,HTTPS,8080,140,41206,0.687,0,75.05,74.72,114.05,7.146,8,35,2,8,1.15,1,73,0.308,Ransomware
SEC-LOG-102176,0.4,UDP,443,102,28690,0.332,0,16.31,19.15,5.01,3.271,4,32,0,6,0.98,0,1,0.894,Benign
SEC-LOG-102177,17.55,HTTPS,443,112,3946,0.43,2,25.81,25.26,6.84,2.968,12,89,3,10,0.95,0,3,0.111,Phishing
SEC-LOG-102178,13.29,HTTPS,80,104,6118,0.348,1,33.26,39.23,1.18,3.678,21,100,3,9,1.15,0,3,0.109,Phishing
SEC-LOG-102179,16.97,TCP,8080,109,67877,0.884,3,65.32,67.98,6.4,2.661,20,22,2,9,1.1,0,15,0.361,Malware
SEC-LOG-102180,35.64,HTTP,445,128,45194,0.546,0,9.21,17.32,2.84,3.8,4,42,0,8,0.87,0,2,0.993,Benign
SEC-LOG-102181,32.82,HTTPS,21,124,47353,0.42,1,6.18,19.01,7.4,3.522,4,23,0,10,0.99,0,2,0.802,Benign
SEC-LOG-102182,9.84,DNS,8080,111,42582,0.347,0,20.49,25.81,6.8,3.278,5,35,0,7,0.86,0,3,0.903,Benign
SEC-LOG-102183,9.83,HTTPS,80,121,35529,0.547,1,29.94,29.5,3.83,2.034,1,48,0,10,1.06,0,2,0.914,Benign
SEC-LOG-102184,13.67,HTTP,443,134,3431,0.671,2,13.44,46.82,0.87,2.018,17,131,3,8,1.02,0,1,0.353,Phishing
SEC-LOG-102185,4.71,HTTP,80,4523,818858,0.527,0,73.21,26.18,1.47,4.086,6,24,0,321,6.62,0,0,0.213,DDoS
SEC-LOG-102186,56.29,HTTPS,8080,142,42217,0.406,0,70.56,69.19,223.86,7.314,5,48,1,4,0.87,1,90,0.107,Ransomware
SEC-LOG-102187,33.04,TCP,8080,116,27721,0.663,0,94.56,68.81,267.47,7.951,2,16,4,12,0.86,1,72,0.387,Ransomware
SEC-LOG-102188,11.88,HTTPS,443,129,80309,0.355,0,79.31,67.78,119.27,7.712,6,57,2,9,1.11,1,91,0.429,Ransomware
SEC-LOG-102189,14.43,HTTPS,80,117,3105,0.461,4,8.73,28.39,5.24,2.726,16,45,3,7,0.92,0,1,0.079,Phishing
SEC-LOG-102190,24.73,HTTP,443,118,77871,0.694,0,6.1,33.1,0.72,4.369,5,30,0,7,1.01,0,0,0.867,Benign
SEC-LOG-102191,1.02,DNS,53,4411,804970,0.54,0,86.2,24.4,7.98,3.455,6,44,0,357,9.74,0,2,0.286,DDoS
SEC-LOG-102192,19.86,HTTPS,443,129,1620,0.471,1,10.04,49.98,5.67,3.487,12,111,3,6,1.01,0,3,0.277,Phishing
SEC-LOG-102193,14.52,HTTP,443,140,32046,0.612,0,53.4,56.67,6.54,2.371,25,40,1,6,0.91,0,23,0.339,Malware
SEC-LOG-102194,0.65,UDP,80,112,73199,0.475,1,14.39,21.89,5.45,3.127,5,25,0,11,1.1,0,0,0.836,Benign
SEC-LOG-102195,3.64,DNS,53,123,91690,0.639,5,47.94,43.35,7.66,2.94,18,36,1,8,0.88,1,19,0.244,Malware
SEC-LOG-102196,7.57,TCP,3389,116,73330,0.827,0,44.57,72.34,0.65,3.926,26,24,2,11,1.06,0,16,0.316,Malware
SEC-LOG-102197,0.44,TCP,445,114,71186,0.668,0,93.48,93.38,189.09,7.574,4,10,4,5,0.96,1,97,0.206,Ransomware
SEC-LOG-102198,5.34,TCP,443,123,31263,0.638,3,39.18,64.47,5.4,4.319,36,37,2,8,1.05,1,14,0.285,Malware
SEC-LOG-102199,2.99,UDP,443,112,52869,0.339,0,7.38,38.25,2.41,3.776,7,27,0,8,1.06,0,2,0.822,Benign
SEC-LOG-102200,3.82,TCP,443,4623,1145612,0.425,0,89.06,34.85,1.17,4.141,8,35,0,355,10.71,0,3,0.126,DDoS
SEC-LOG-102201,2.5,TCP,80,113,71741,0.56,0,32.6,35.51,9.34,4.17,5,16,0,7,1.15,0,2,0.99,Benign
SEC-LOG-102202,12.75,HTTP,4444,104,73278,0.601,1,58.42,58.03,7.95,3.401,17,58,1,6,0.99,0,22,0.25,Malware
SEC-LOG-102203,0.51,FTP,8080,120,74361,0.495,0,31.49,35.18,8.31,4.496,3,42,0,13,1.0,0,1,0.893,Benign
SEC-LOG-102204,14.88,HTTPS,443,119,7216,0.639,2,12.1,23.43,9.67,2.697,8,110,2,6,1.08,0,1,0.241,Phishing
SEC-LOG-102205,1.73,UDP,8080,4402,489404,0.392,0,67.81,36.58,5.95,2.608,5,24,0,326,9.15,0,1,0.101,DDoS
SEC-LOG-102206,3.96,DNS,80,125,40126,0.32,2,34.47,15.39,3.07,2.051,9,40,0,7,0.92,0,2,0.843,Benign
SEC-LOG-102207,21.09,SMB,445,125,32320,0.431,0,80.26,84.74,337.23,7.199,3,38,1,6,0.86,1,71,0.225,Ransomware
SEC-LOG-102208,1.7,TCP,80,110,27283,0.362,0,27.87,46.72,5.46,4.041,4,20,0,4,0.86,0,4,0.821,Benign
SEC-LOG-102209,3.99,UDP,8080,4489,995083,0.536,0,80.79,30.99,3.02,4.39,5,29,0,337,10.77,0,2,0.339,DDoS
SEC-LOG-102210,14.19,SMB,445,128,46100,0.475,1,75.65,82.12,183.51,7.822,5,57,2,6,1.09,1,88,0.344,Ransomware
SEC-LOG-102211,2.17,TCP,139,131,99762,0.567,0,86.48,82.99,231.19,7.7,6,20,1,7,1.08,0,98,0.413,Ransomware
SEC-LOG-102212,9.59,DNS,80,140,32005,0.386,0,10.63,37.57,8.89,2.193,5,39,0,11,1.1,0,2,0.943,Benign
SEC-LOG-102213,1.12,HTTP,443,4524,752274,0.441,0,79.38,29.26,2.17,2.539,6,12,0,363,3.58,0,1,0.331,DDoS
SEC-LOG-102214,13.38,HTTPS,443,127,1641,0.561,2,25.89,30.03,9.41,2.915,18,48,2,4,0.98,0,3,0.129,Phishing
SEC-LOG-102215,1.98,HTTPS,53,137,101319,0.699,0,26.9,17.2,1.47,4.408,3,25,0,8,0.89,0,1,0.801,Benign
SEC-LOG-102216,0.43,TCP,139,135,30691,0.614,0,70.41,85.28,347.23,7.614,5,25,2,7,0.92,1,73,0.398,Ransomware
SEC-LOG-102217,6.6,HTTP,443,122,26098,0.304,0,24.22,49.27,2.24,3.645,7,38,0,8,1.0,0,4,0.933,Benign
SEC-LOG-102218,25.57,TCP,445,137,49787,0.545,0,81.39,87.06,93.75,7.611,6,33,2,8,0.93,0,102,0.486,Ransomware
SEC-LOG-102219,17.21,TCP,3389,122,79398,0.59,0,29.41,46.25,9.58,3.596,5,42,0,9,0.99,0,2,0.845,Benign
SEC-LOG-102220,16.77,HTTPS,80,114,6278,0.321,1,29.38,24.35,6.85,2.1,19,102,6,5,1.1,0,0,0.322,Phishing
SEC-LOG-102221,1.16,DNS,4444,130,61044,0.638,3,35.22,78.41,5.54,3.831,29,34,3,5,0.98,1,19,0.303,Malware
SEC-LOG-102222,5.71,HTTPS,80,122,55000,0.627,0,20.99,31.04,5.74,2.126,2,18,0,8,1.11,0,2,0.983,Benign
SEC-LOG-102223,21.37,TCP,443,129,56374,0.484,0,12.4,46.31,6.12,4.156,4,47,0,4,1.09,0,2,0.884,Benign
SEC-LOG-102224,15.9,FTP,53,97,57878,0.419,0,19.91,19.59,4.04,2.298,1,57,0,8,1.06,0,3,0.919,Benign
SEC-LOG-102225,5.32,HTTPS,8080,120,94304,0.825,1,55.49,76.63,6.64,2.652,17,26,2,7,0.87,1,23,0.199,Malware
SEC-LOG-102226,9.8,TCP,53,138,56353,0.358,0,17.32,47.32,8.7,3.696,6,23,0,8,1.14,0,6,0.838,Benign
SEC-LOG-102227,12.8,DNS,3389,139,72377,0.684,0,51.77,67.63,7.72,3.921,20,54,1,8,1.13,0,19,0.347,Malware
SEC-LOG-102228,50.05,HTTPS,80,112,58746,0.397,0,23.18,44.98,8.77,2.864,7,20,0,10,1.02,0,0,0.947,Benign
SEC-LOG-102229,10.01,UDP,22,117,65318,0.335,0,25.68,35.64,1.07,3.607,5,33,0,12,1.07,0,3,0.858,Benign
SEC-LOG-102230,3.03,HTTP,80,123,3523,0.376,1,32.18,31.62,3.69,4.264,12,129,4,8,0.87,0,1,0.35,Phishing
SEC-LOG-102231,42.39,SSH,445,132,54125,0.376,0,21.81,49.03,9.06,3.482,9,45,0,10,0.94,0,1,0.974,Benign
SEC-LOG-102232,2.46,DNS,53,4579,1037906,0.365,0,81.55,43.77,9.38,2.895,5,56,0,369,10.13,0,1,0.319,DDoS
SEC-LOG-102233,25.54,SMB,445,108,61403,0.675,0,90.82,91.32,146.13,7.085,1,18,1,9,1.13,1,85,0.383,Ransomware
SEC-LOG-102234,15.68,DNS,443,125,7533,0.64,4,20.99,20.53,4.72,2.041,15,95,6,7,0.92,0,1,0.162,Phishing
SEC-LOG-102235,7.08,SSH,4444,110,45088,0.73,1,36.78,69.79,5.09,3.48,25,10,3,9,1.01,0,20,0.343,Malware
SEC-LOG-102236,2.27,HTTPS,139,131,69109,0.643,1,98.6,79.55,83.59,7.599,4,18,2,14,0.95,1,80,0.173,Ransomware
SEC-LOG-102237,17.36,HTTPS,21,124,67829,0.553,0,33.89,31.53,1.43,4.495,7,55,0,8,1.0,0,1,0.821,Benign
SEC-LOG-102238,8.85,TCP,53,99,52738,0.445,0,23.58,35.15,6.8,3.983,8,73,0,7,1.02,0,2,0.863,Benign
SEC-LOG-102239,8.63,UDP,53,107,80683,0.461,0,27.61,25.65,9.91,2.417,0,25,0,6,0.94,0,2,0.998,Benign
SEC-LOG-102240,23.22,HTTPS,445,123,94960,0.304,0,91.96,67.07,123.73,6.829,7,35,2,10,1.03,1,99,0.482,Ransomware
SEC-LOG-102241,15.84,HTTPS,445,105,47075,0.345,0,11.75,20.27,8.05,2.201,6,27,0,4,1.07,0,6,0.98,Benign
SEC-LOG-102242,16.3,TCP,443,139,95774,0.691,0,44.35,54.94,3.03,2.908,20,38,2,7,0.91,0,19,0.258,Malware
SEC-LOG-102243,0.6,UDP,8080,4523,484611,0.619,0,85.27,41.95,4.28,3.281,9,44,0,338,4.83,0,6,0.311,DDoS
SEC-LOG-102244,55.29,TCP,8080,107,73649,0.436,0,94.8,68.32,211.71,6.96,1,20,2,3,0.86,1,61,0.165,Ransomware
SEC-LOG-102245,17.78,DNS,22,128,50159,0.936,0,46.28,76.26,6.26,4.25,23,35,2,9,0.92,1,16,0.319,Malware
SEC-LOG-102246,2.41,HTTPS,80,125,97173,0.68,0,22.17,37.9,8.86,4.009,5,42,0,10,1.05,0,1,0.965,Benign
SEC-LOG-102247,43.58,TCP,443,110,56692,0.566,0,72.1,71.0,246.56,7.712,1,12,1,13,0.97,1,81,0.138,Ransomware
SEC-LOG-102248,13.35,TCP,443,126,38019,0.894,3,49.68,69.05,0.86,3.328,25,37,2,10,0.91,0,19,0.353,Malware
SEC-LOG-102249,1.29,TCP,8080,121,92210,0.355,0,8.26,19.73,8.78,2.525,4,22,0,3,1.14,0,0,0.928,Benign
SEC-LOG-102250,16.77,TCP,80,123,58578,0.635,0,5.61,24.54,7.51,2.484,5,39,0,8,0.9,0,1,0.921,Benign
SEC-LOG-102251,3.07,TCP,80,4522,603929,0.678,0,85.9,23.98,2.57,3.299,1,29,0,356,3.81,0,1,0.253,DDoS
SEC-LOG-102252,5.21,HTTP,443,121,6423,0.519,4,12.91,36.54,8.36,2.656,11,45,6,7,1.03,0,1,0.127,Phishing
SEC-LOG-102253,10.18,SMB,139,110,59116,0.302,0,99.41,73.87,285.12,7.93,8,33,2,10,0.87,1,72,0.119,Ransomware
SEC-LOG-102254,7.44,TCP,443,102,51189,0.305,0,97.79,71.41,121.12,7.864,9,35,4,11,1.0,1,87,0.111,Ransomware
SEC-LOG-102255,9.57,SSH,22,126,54849,0.679,0,71.07,65.87,9.69,2.117,22,38,1,12,1.1,1,21,0.247,Malware
SEC-LOG-102256,28.76,TCP,8080,118,48097,0.826,1,49.81,60.33,4.59,3.464,25,47,1,8,1.09,1,23,0.421,Malware
SEC-LOG-102257,6.09,HTTP,4444,110,58321,0.811,1,74.66,81.75,9.84,2.565,24,46,3,8,0.98,1,14,0.242,Malware
SEC-LOG-102258,4.29,TCP,443,118,41492,0.427,0,5.66,36.99,6.32,4.129,8,21,0,7,0.99,0,1,0.883,Benign
SEC-LOG-102259,10.78,HTTP,4444,116,73712,0.627,3,61.16,75.24,7.94,4.441,17,42,1,8,1.02,0,19,0.184,Malware
SEC-LOG-102260,13.63,SMB,443,107,28044,0.403,0,79.0,81.87,295.68,7.221,3,15,2,9,0.92,1,88,0.415,Ransomware
SEC-LOG-102261,18.99,HTTP,80,106,7365,0.35,2,25.28,39.88,8.53,3.392,15,45,3,4,1.02,0,1,0.391,Phishing
SEC-LOG-102262,40.59,SMB,445,125,58192,0.656,0,74.9,69.46,109.97,6.862,4,57,1,8,1.01,0,88,0.368,Ransomware
SEC-LOG-102263,15.15,TCP,443,85,45036,0.934,1,39.14,49.17,6.68,3.066,24,45,3,5,1.05,1,16,0.333,Malware
SEC-LOG-102264,14.58,HTTP,443,132,3906,0.35,2,9.23,22.86,3.43,3.477,14,132,2,3,1.09,0,2,0.27,Phishing
SEC-LOG-102265,12.03,HTTP,80,137,6685,0.676,1,9.29,28.93,5.0,3.557,20,62,3,10,0.91,0,0,0.223,Phishing
SEC-LOG-102266,8.43,TCP,53,101,43989,0.943,0,73.52,57.62,8.44,4.065,23,26,2,7,0.98,0,15,0.138,Malware
SEC-LOG-102267,9.42,HTTP,80,111,6254,0.477,6,31.36,16.03,9.34,2.223,19,105,6,9,1.07,0,2,0.167,Phishing
SEC-LOG-102268,0.84,HTTP,443,124,25421,0.434,0,19.35,47.86,2.94,2.26,2,47,0,7,1.08,0,1,0.974,Benign
SEC-LOG-102269,21.47,TCP,4444,117,72038,0.94,0,42.41,73.31,6.99,2.484,28,10,1,8,1.1,1,12,0.219,Malware
SEC-LOG-102270,1.25,SMB,443,110,50522,0.305,0,13.89,17.58,2.33,3.621,9,21,0,8,1.02,0,2,0.974,Benign
SEC-LOG-102271,9.39,TCP,443,130,45267,0.573,0,31.52,29.09,4.81,4.174,1,47,0,8,0.88,0,3,0.973,Benign
SEC-LOG-102272,8.09,TCP,53,108,24010,0.936,1,73.04,64.82,9.06,3.772,30,32,2,11,0.93,0,19,0.408,Malware
SEC-LOG-102273,8.68,HTTP,80,116,6371,0.626,6,7.73,44.39,3.11,3.582,9,107,2,6,1.12,0,0,0.262,Phishing
SEC-LOG-102274,0.34,DNS,80,4415,646408,0.359,1,75.31,44.39,2.88,2.983,4,33,0,368,6.18,0,1,0.16,DDoS
SEC-LOG-102275,9.95,HTTP,80,119,3354,0.55,2,6.64,43.68,2.78,2.23,12,74,3,7,1.05,0,1,0.079,Phishing
SEC-LOG-102276,13.66,HTTP,443,139,3692,0.362,2,17.72,48.24,6.79,4.084,8,163,2,12,1.02,0,0,0.326,Phishing
SEC-LOG-102277,8.81,HTTP,4444,103,49726,0.686,0,47.49,78.86,3.7,4.489,34,45,2,5,0.98,1,23,0.313,Malware
SEC-LOG-102278,14.72,HTTPS,443,135,4547,0.685,4,5.06,41.61,6.67,2.463,13,81,2,9,1.03,0,1,0.291,Phishing
SEC-LOG-102279,31.75,UDP,80,139,75741,0.686,0,33.49,40.43,7.38,2.369,5,32,0,15,1.12,0,3,0.843,Benign
SEC-LOG-102280,3.6,TCP,53,139,96203,0.325,0,33.09,18.96,7.99,2.148,3,43,0,8,0.9,0,2,0.938,Benign
SEC-LOG-102281,10.5,TCP,80,111,23746,0.565,0,32.01,36.9,1.72,3.809,3,24,0,9,0.92,0,1,0.977,Benign
SEC-LOG-102282,12.3,TCP,4444,106,25491,0.877,0,44.04,65.01,4.12,2.288,28,39,2,10,1.05,0,18,0.281,Malware
SEC-LOG-102283,25.26,UDP,443,128,26129,0.566,0,13.3,17.37,8.76,3.259,6,27,0,7,1.08,0,4,0.848,Benign
SEC-LOG-102284,6.72,UDP,443,114,76814,0.403,0,31.15,39.48,3.73,4.43,6,38,0,5,0.98,0,2,0.935,Benign
SEC-LOG-102285,10.0,HTTP,22,127,53816,0.638,0,33.04,45.69,6.86,2.475,3,24,0,14,1.01,0,0,0.941,Benign
SEC-LOG-102286,4.53,TCP,22,4576,393194,0.338,0,89.64,35.98,9.03,4.296,4,50,0,375,4.95,0,3,0.209,DDoS
SEC-LOG-102287,4.76,HTTPS,443,108,60460,0.465,0,28.48,24.61,8.5,3.84,4,24,0,11,0.89,0,1,0.918,Benign
SEC-LOG-102288,3.98,SSH,8080,134,36564,0.795,3,66.76,54.8,7.77,3.368,29,40,4,8,0.99,0,16,0.382,Malware
SEC-LOG-102289,0.29,TCP,53,100,37735,0.411,0,25.73,23.8,4.37,2.957,4,10,0,7,1.04,0,1,0.969,Benign
SEC-LOG-102290,9.88,HTTPS,443,135,6902,0.514,6,23.78,26.37,6.45,2.363,11,89,3,8,1.14,0,2,0.115,Phishing
SEC-LOG-102291,3.16,UDP,445,108,39261,0.662,0,29.01,42.16,0.51,4.215,3,36,0,7,1.0,0,3,0.9,Benign
SEC-LOG-102292,1.42,HTTPS,8080,126,87367,0.406,0,8.31,35.76,1.18,3.7,2,44,0,9,0.9,0,0,0.989,Benign
SEC-LOG-102293,0.45,TCP,3389,92,48869,0.7,3,43.2,53.75,1.63,2.963,30,14,2,14,0.91,1,18,0.341,Malware
SEC-LOG-102294,4.3,HTTPS,80,124,67413,0.484,0,10.01,22.49,1.08,2.422,8,47,0,11,0.95,0,3,0.803,Benign
SEC-LOG-102295,3.47,TCP,22,108,54605,0.372,0,28.0,19.76,5.9,2.749,4,50,0,9,1.15,0,6,0.881,Benign
SEC-LOG-102296,7.81,TCP,8080,129,68028,0.694,0,8.72,35.96,7.68,4.394,4,38,0,9,0.9,0,4,0.972,Benign
SEC-LOG-102297,40.28,DNS,8080,126,71373,0.473,0,34.66,29.58,5.51,4.418,7,49,0,8,0.87,0,2,0.998,Benign
SEC-LOG-102298,14.2,UDP,8080,123,31880,0.511,0,10.74,34.01,1.19,2.053,7,36,0,7,0.98,0,5,0.955,Benign
SEC-LOG-102299,37.42,TCP,80,114,42041,0.374,0,17.26,15.65,3.65,2.507,5,44,0,6,0.88,0,3,0.949,Benign
SEC-LOG-102300,9.86,HTTPS,443,120,94096,0.622,0,73.38,84.44,180.68,7.479,8,18,2,9,0.96,1,83,0.239,Ransomware
SEC-LOG-102301,28.64,DNS,53,125,62622,0.935,0,55.95,61.08,9.19,3.281,26,38,1,7,1.1,1,17,0.382,Malware
SEC-LOG-102302,7.21,HTTPS,4444,104,73557,0.812,0,41.19,61.66,9.75,3.37,31,32,1,8,0.89,1,17,0.192,Malware
SEC-LOG-102303,11.49,HTTP,8080,133,75424,0.443,0,10.59,48.15,3.87,2.743,8,20,0,11,1.06,0,2,0.967,Benign
SEC-LOG-102304,2.82,UDP,8080,4468,701235,0.369,0,76.07,15.51,5.65,4.376,4,42,0,350,8.29,0,1,0.329,DDoS
SEC-LOG-102305,22.68,HTTP,53,127,61523,0.537,0,33.86,23.66,9.84,2.301,6,41,0,8,1.07,0,5,0.966,Benign
SEC-LOG-102306,1.83,SMB,8080,124,64105,0.68,0,28.48,38.77,4.6,4.378,7,48,0,5,0.98,0,0,0.852,Benign
SEC-LOG-102307,17.61,DNS,80,125,2475,0.574,2,7.57,27.21,0.96,2.376,17,91,2,7,0.87,0,2,0.159,Phishing
SEC-LOG-102308,113.84,HTTP,22,125,84573,0.414,0,26.13,20.12,3.41,2.767,8,27,0,11,0.97,0,0,0.853,Benign
SEC-LOG-102309,0.47,HTTPS,443,138,93461,0.658,0,30.37,23.93,4.04,2.243,4,44,0,7,1.1,0,1,0.92,Benign
SEC-LOG-102310,0.65,TCP,443,120,62781,0.932,1,67.07,52.72,0.71,3.9,33,21,1,7,1.02,1,20,0.204,Malware
SEC-LOG-102311,6.72,HTTPS,139,131,87040,0.376,0,90.5,94.17,94.93,6.972,5,52,1,10,0.89,1,87,0.119,Ransomware
SEC-LOG-102312,3.57,TCP,443,107,32396,0.69,0,44.4,67.48,2.23,3.187,21,11,2,2,1.1,1,20,0.345,Malware
SEC-LOG-102313,3.99,DNS,8080,117,1971,0.368,1,18.23,22.35,1.12,4.287,14,85,3,14,0.9,0,0,0.189,Phishing
SEC-LOG-102314,1.91,HTTP,80,4525,643013,0.442,0,94.13,21.79,9.66,3.927,3,28,0,334,12.88,0,1,0.116,DDoS
SEC-LOG-102315,10.83,UDP,80,119,67214,0.572,0,34.44,41.96,9.67,3.314,7,19,0,6,0.85,0,4,0.833,Benign
SEC-LOG-102316,29.65,HTTPS,8080,108,51217,0.39,0,30.85,17.12,8.77,2.86,6,52,0,12,0.91,0,1,0.923,Benign
SEC-LOG-102317,3.11,HTTP,80,134,51902,0.572,0,5.12,20.77,3.68,2.518,4,18,0,7,1.01,0,2,0.806,Benign
SEC-LOG-102318,10.98,TCP,53,131,57723,0.827,5,44.17,60.58,4.7,2.144,24,61,3,7,0.93,0,20,0.28,Malware
SEC-LOG-102319,15.65,TCP,53,119,28954,0.745,0,68.41,54.37,4.33,3.994,31,21,1,10,0.88,1,21,0.2,Malware
SEC-LOG-102320,2.74,HTTP,22,4473,872239,0.5,0,67.72,33.44,3.83,3.233,6,30,0,369,14.71,0,3,0.074,DDoS
SEC-LOG-102321,12.28,HTTPS,80,117,6155,0.608,6,16.52,22.44,0.94,2.14,10,91,3,9,0.9,0,2,0.08,Phishing
SEC-LOG-102322,15.12,HTTPS,80,122,4536,0.329,1,28.42,37.0,7.0,4.305,14,72,2,8,1.1,0,1,0.103,Phishing
SEC-LOG-102323,2.78,HTTPS,53,99,66833,0.567,0,20.61,22.06,4.46,3.554,7,21,0,10,0.88,0,2,0.951,Benign
SEC-LOG-102324,6.52,HTTPS,443,124,67627,0.324,0,96.11,83.99,317.9,7.878,5,52,4,5,1.13,1,85,0.135,Ransomware
SEC-LOG-102325,0.39,TCP,8080,4476,973586,0.325,1,65.12,17.54,2.66,3.208,4,38,0,365,11.8,0,2,0.256,DDoS
SEC-LOG-102326,16.65,SMB,139,136,82657,0.499,0,88.57,69.74,216.65,6.914,7,42,4,8,0.96,1,64,0.306,Ransomware
SEC-LOG-102327,2.29,HTTPS,443,109,78899,0.512,0,14.39,40.76,6.81,3.16,12,68,0,10,0.85,0,2,0.881,Benign
SEC-LOG-102328,2.19,HTTP,80,110,7992,0.554,2,31.34,20.45,8.85,2.003,20,60,4,11,1.03,0,1,0.273,Phishing
SEC-LOG-102329,1.68,DNS,443,123,65317,0.615,0,15.33,23.83,1.58,3.251,4,36,0,9,1.13,0,1,0.839,Benign
SEC-LOG-102330,14.57,SSH,53,121,46274,0.358,0,10.84,22.05,6.78,2.716,7,28,0,8,0.92,0,1,0.925,Benign
SEC-LOG-102331,11.37,HTTP,8080,114,58904,0.451,0,13.1,43.64,2.97,3.031,5,41,0,5,1.02,0,2,0.813,Benign
SEC-LOG-102332,10.8,HTTPS,8080,121,6676,0.689,6,32.34,37.69,9.9,3.314,21,114,4,8,0.91,0,1,0.246,Phishing
SEC-LOG-102333,15.68,HTTPS,443,120,1776,0.433,4,26.42,46.19,5.77,2.985,24,102,3,9,0.86,0,1,0.237,Phishing
SEC-LOG-102334,14.86,HTTP,80,108,73443,0.476,0,5.57,37.71,2.71,3.651,3,56,0,2,1.02,0,3,0.867,Benign
SEC-LOG-102335,29.01,TCP,80,123,70762,0.631,0,17.34,28.65,2.47,2.079,6,18,0,7,0.94,0,2,0.83,Benign
SEC-LOG-102336,10.2,HTTP,8080,132,69087,0.851,0,62.45,42.57,8.17,3.889,22,40,2,7,0.98,0,15,0.447,Malware
SEC-LOG-102337,5.22,TCP,25,120,84568,0.622,0,7.3,25.4,8.13,2.972,3,10,0,4,0.96,0,3,0.897,Benign
SEC-LOG-102338,1.87,HTTPS,443,130,54768,0.615,0,24.42,35.12,2.23,2.032,5,55,0,4,1.07,0,1,0.997,Benign
SEC-LOG-102339,18.91,TCP,4444,115,25492,0.632,1,46.03,57.76,1.9,3.864,21,22,4,5,1.0,1,15,0.201,Malware
SEC-LOG-102340,16.4,TCP,445,120,58869,0.464,0,98.4,80.46,256.73,7.342,4,42,1,5,1.02,0,110,0.129,Ransomware
SEC-LOG-102341,14.36,HTTP,8080,129,42578,0.305,0,28.54,41.22,8.01,3.469,4,36,0,10,1.14,0,0,0.953,Benign
SEC-LOG-102342,4.58,UDP,80,123,92553,0.445,0,9.23,43.34,6.12,3.887,7,35,0,5,0.97,0,2,0.994,Benign
SEC-LOG-102343,5.7,UDP,80,123,77037,0.396,0,10.82,41.49,0.72,3.049,7,34,0,8,0.99,0,4,0.983,Benign
SEC-LOG-102344,1.33,UDP,80,4466,708230,0.663,1,83.2,41.64,0.51,2.557,6,36,0,378,4.8,0,1,0.248,DDoS
SEC-LOG-102345,16.45,HTTPS,80,113,5488,0.579,1,34.0,35.29,3.62,2.455,17,122,2,9,0.92,0,1,0.363,Phishing
SEC-LOG-102346,3.78,HTTPS,80,131,6300,0.65,6,22.88,40.37,6.7,3.443,15,133,2,4,1.02,0,1,0.155,Phishing
SEC-LOG-102347,9.47,HTTPS,8080,118,35600,0.326,0,21.31,39.36,3.91,4.165,3,30,0,7,1.07,0,3,0.864,Benign
SEC-LOG-102348,51.38,TCP,3389,107,82960,0.875,0,49.23,44.46,8.53,2.758,21,31,1,11,1.1,1,17,0.141,Malware
SEC-LOG-102349,1.29,TCP,443,131,30735,0.576,1,10.26,45.25,6.7,3.692,5,40,0,9,1.02,0,2,0.806,Benign
SEC-LOG-102350,12.89,HTTP,80,112,1890,0.31,4,22.32,15.2,5.25,2.242,12,81,3,9,1.07,0,1,0.35,Phishing
SEC-LOG-102351,4.25,HTTP,80,4495,709445,0.583,0,82.81,41.08,3.67,3.937,6,53,0,345,6.18,0,3,0.178,DDoS
SEC-LOG-102352,18.89,HTTPS,443,116,1600,0.641,4,21.7,29.03,2.0,3.439,21,73,3,8,1.13,0,1,0.142,Phishing
SEC-LOG-102353,18.57,SMB,8080,119,71223,0.471,0,80.84,63.62,264.08,7.184,4,12,1,9,1.0,1,70,0.469,Ransomware
SEC-LOG-102354,14.15,HTTPS,80,118,1844,0.436,6,32.76,17.68,7.22,4.207,15,89,4,6,0.89,0,3,0.307,Phishing
SEC-LOG-102355,3.12,HTTP,22,95,43077,0.66,0,22.33,15.34,5.38,4.025,5,28,0,10,1.06,0,1,0.957,Benign
SEC-LOG-102356,2.48,TCP,8080,4563,585119,0.618,0,65.6,39.67,1.8,4.207,5,68,0,340,13.22,0,3,0.221,DDoS
SEC-LOG-102357,38.51,TCP,53,111,23404,0.535,0,18.67,39.75,3.68,3.65,10,18,0,7,1.09,0,4,0.87,Benign
SEC-LOG-102358,5.91,HTTP,53,127,41750,0.764,0,61.64,80.32,6.82,3.599,26,19,2,10,1.09,0,18,0.383,Malware
SEC-LOG-102359,5.92,HTTP,3389,124,78143,0.308,0,12.45,29.68,4.85,4.164,7,63,0,7,0.86,0,0,0.939,Benign
SEC-LOG-102360,0.76,TCP,80,127,91460,0.304,0,8.83,24.46,3.4,3.139,6,21,0,11,1.06,0,1,0.948,Benign
SEC-LOG-102361,0.36,TCP,443,137,30218,0.855,5,43.09,69.82,2.53,4.194,28,31,2,6,1.13,0,23,0.204,Malware
SEC-LOG-102362,39.92,HTTP,443,108,77629,0.654,0,23.03,23.5,7.6,3.811,2,38,0,9,1.08,0,3,0.852,Benign
SEC-LOG-102363,3.88,HTTP,53,113,36211,0.761,0,35.14,43.48,3.02,2.0,26,36,2,7,0.91,0,18,0.149,Malware
SEC-LOG-102364,9.54,SSH,3389,135,82623,0.894,5,46.34,50.99,6.59,3.155,25,29,2,4,0.92,1,13,0.115,Malware
SEC-LOG-102365,1.3,HTTPS,21,133,90873,0.322,0,22.75,23.44,0.77,2.191,2,53,0,9,1.09,0,2,0.975,Benign
SEC-LOG-102366,1.75,TCP,80,117,72661,0.384,0,33.35,15.05,9.94,2.989,6,10,0,5,0.89,0,0,0.877,Benign
SEC-LOG-102367,5.66,DNS,22,100,63571,0.863,3,59.01,48.44,5.03,2.371,25,44,3,7,1.0,1,19,0.291,Malware
SEC-LOG-102368,0.93,HTTPS,8080,110,68715,0.559,0,9.27,31.56,9.26,4.19,6,32,0,6,1.05,0,2,0.99,Benign
SEC-LOG-102369,8.15,HTTP,80,103,4410,0.461,4,26.45,25.27,3.26,3.329,12,103,2,2,0.9,0,3,0.28,Phishing
SEC-LOG-102370,2.8,HTTP,443,112,4991,0.335,6,29.45,32.3,3.54,3.717,11,108,2,8,1.13,0,4,0.397,Phishing
SEC-LOG-102371,5.79,SMB,445,110,22611,0.518,0,95.3,66.75,302.88,7.487,5,49,1,11,1.13,1,88,0.246,Ransomware
SEC-LOG-102372,9.16,HTTPS,80,119,3529,0.33,2,29.6,37.26,5.98,3.346,11,55,2,6,1.14,0,0,0.147,Phishing
SEC-LOG-102373,7.84,HTTP,22,134,69185,0.62,0,53.9,69.53,4.78,2.35,18,26,2,8,0.91,1,20,0.209,Malware
SEC-LOG-102374,17.41,DNS,443,114,4162,0.601,2,26.02,17.25,5.75,3.529,17,45,2,7,1.08,0,3,0.392,Phishing
SEC-LOG-102375,6.58,HTTP,25,133,79454,0.68,0,31.73,24.15,8.15,2.124,4,16,0,9,0.96,0,1,0.896,Benign
SEC-LOG-102376,21.89,UDP,80,120,42273,0.486,0,13.51,28.0,9.58,2.584,3,50,0,6,1.0,0,3,0.991,Benign
SEC-LOG-102377,3.13,SMB,139,115,40322,0.405,0,81.56,64.49,153.02,7.2,4,23,4,6,0.95,1,84,0.112,Ransomware
SEC-LOG-102378,1.66,HTTPS,443,92,39234,0.63,1,62.55,55.17,6.37,3.182,23,20,2,11,0.92,1,19,0.411,Malware
SEC-LOG-102379,27.78,SMB,445,113,52731,0.51,0,83.76,92.59,98.89,6.875,5,24,2,3,0.92,1,86,0.277,Ransomware
SEC-LOG-102380,6.03,SMB,443,123,69532,0.361,0,82.36,77.99,204.78,7.432,3,23,4,7,0.91,0,74,0.13,Ransomware
SEC-LOG-102381,19.41,TCP,443,133,77671,0.666,0,97.7,86.68,80.51,7.317,8,21,1,12,1.15,1,77,0.497,Ransomware
SEC-LOG-102382,4.4,UDP,80,4581,385302,0.455,0,80.43,16.37,1.22,4.39,10,31,0,356,11.32,0,2,0.265,DDoS
SEC-LOG-102383,21.99,SSH,443,138,86712,0.695,1,48.79,67.03,7.07,4.012,33,28,1,6,1.05,0,22,0.375,Malware
SEC-LOG-102384,1.62,UDP,80,128,27498,0.563,0,12.13,20.21,2.94,3.9,5,37,0,7,1.11,0,3,0.84,Benign
SEC-LOG-102385,9.75,HTTPS,443,120,27288,0.763,0,51.8,60.28,4.08,4.454,23,54,1,10,1.1,1,17,0.118,Malware
SEC-LOG-102386,4.09,TCP,80,122,62722,0.556,0,13.9,18.29,8.08,3.591,5,52,0,3,0.95,0,1,0.953,Benign
SEC-LOG-102387,12.14,HTTPS,80,102,2936,0.38,4,10.61,30.04,5.75,4.2,15,133,2,7,0.96,0,2,0.248,Phishing
SEC-LOG-102388,15.44,HTTPS,443,111,3952,0.301,2,18.42,44.36,2.35,2.163,11,76,3,8,1.04,0,3,0.304,Phishing
SEC-LOG-102389,4.34,HTTP,443,109,6964,0.577,2,23.6,38.23,4.24,4.465,16,95,3,2,0.98,0,3,0.388,Phishing
SEC-LOG-102390,5.38,HTTPS,3389,131,58830,0.349,0,31.96,32.57,2.32,2.775,7,28,0,8,0.94,0,2,0.852,Benign
SEC-LOG-102391,6.24,UDP,8080,129,71383,0.667,0,31.68,30.85,4.41,2.192,7,29,0,8,0.92,0,4,0.843,Benign
SEC-LOG-102392,19.36,HTTP,443,105,65181,0.681,0,32.95,83.87,6.35,4.001,18,45,1,7,1.0,1,18,0.226,Malware
SEC-LOG-102393,6.33,HTTP,445,126,77588,0.676,0,8.82,49.13,5.9,3.746,7,44,0,8,0.9,0,2,0.918,Benign
SEC-LOG-102394,16.58,TCP,445,131,82259,0.36,0,89.54,62.28,226.28,7.702,3,46,1,5,1.12,1,100,0.375,Ransomware
SEC-LOG-102395,8.6,HTTP,22,137,108287,0.334,1,29.39,15.01,5.54,2.019,9,59,0,11,0.97,0,3,0.967,Benign
SEC-LOG-102396,26.36,HTTPS,53,127,81137,0.314,0,20.61,17.06,3.98,4.098,2,12,0,9,0.96,0,3,0.816,Benign
SEC-LOG-102397,2.17,DNS,80,120,91024,0.368,0,26.2,37.53,2.91,3.555,3,40,0,12,0.9,0,2,0.818,Benign
SEC-LOG-102398,5.78,HTTPS,443,116,7617,0.51,2,30.33,45.19,5.68,2.717,17,114,3,5,1.08,0,2,0.096,Phishing
SEC-LOG-102399,8.25,HTTP,443,115,3146,0.547,2,29.07,18.09,7.55,4.231,14,68,6,11,1.06,0,0,0.155,Phishing
SEC-LOG-102400,9.65,HTTPS,443,115,83679,0.504,0,14.24,41.62,2.21,3.771,3,54,0,9,1.1,0,2,0.922,Benign
SEC-LOG-102401,9.93,HTTPS,443,110,73021,0.323,0,11.83,15.16,4.97,2.926,3,45,0,3,1.06,0,2,0.87,Benign
SEC-LOG-102402,44.76,HTTPS,53,143,104545,0.934,0,65.93,53.6,6.57,2.542,25,16,1,10,0.96,1,10,0.348,Malware
SEC-LOG-102403,16.87,TCP,443,128,84178,0.304,2,24.11,32.1,4.8,2.586,7,49,0,12,0.93,0,1,0.939,Benign
SEC-LOG-102404,8.56,DNS,443,133,5862,0.365,4,32.73,24.61,4.11,2.104,14,63,2,10,1.06,0,4,0.339,Phishing
SEC-LOG-102405,5.35,HTTPS,443,113,5865,0.379,6,34.08,33.82,5.44,4.136,7,100,2,6,1.11,0,1,0.383,Phishing
SEC-LOG-102406,13.75,UDP,80,128,47232,0.308,0,5.48,41.84,0.76,2.239,5,42,0,10,0.95,0,1,0.978,Benign
SEC-LOG-102407,1.35,HTTP,8080,98,68304,0.517,0,32.25,16.69,3.8,2.298,8,34,0,4,1.11,0,3,0.889,Benign
SEC-LOG-102408,1.36,DNS,80,4473,470472,0.388,0,94.29,41.95,6.5,3.625,5,10,0,356,7.11,0,4,0.236,DDoS
SEC-LOG-102409,20.79,SSH,8080,129,78187,0.778,5,37.9,57.18,2.26,2.389,24,41,2,9,1.13,0,20,0.441,Malware
SEC-LOG-102410,13.99,HTTP,443,133,7431,0.557,2,12.59,24.64,2.91,3.962,16,52,3,6,0.93,0,3,0.16,Phishing
SEC-LOG-102411,63.58,HTTP,443,132,66406,0.698,0,16.13,28.04,6.88,2.561,5,25,0,8,0.89,0,2,0.86,Benign
SEC-LOG-102412,10.85,TCP,443,115,47794,0.612,3,58.53,62.58,2.49,2.715,30,38,2,7,0.89,0,9,0.241,Malware
SEC-LOG-102413,35.81,TCP,80,115,38030,0.688,0,32.42,44.79,5.4,3.209,3,27,0,2,0.94,0,4,0.87,Benign
SEC-LOG-102414,3.61,HTTP,443,127,96346,0.644,1,68.33,54.85,1.75,3.654,30,32,3,8,1.13,1,14,0.323,Malware
SEC-LOG-102415,1.62,TCP,80,4426,878637,0.576,0,80.94,39.57,3.83,2.598,5,25,0,334,4.2,0,1,0.242,DDoS
SEC-LOG-102416,10.15,UDP,21,115,34116,0.436,1,6.93,38.45,7.36,3.522,6,45,0,7,0.91,0,0,0.92,Benign
SEC-LOG-102417,4.76,TCP,443,124,57072,0.607,0,34.99,35.74,8.53,2.72,9,47,0,11,0.86,0,0,0.871,Benign
SEC-LOG-102418,11.57,HTTPS,443,120,66403,0.397,0,8.89,49.36,9.31,2.778,3,30,0,3,1.09,0,4,0.884,Benign
SEC-LOG-102419,13.66,TCP,445,125,40860,0.591,1,33.17,22.18,5.98,3.173,3,33,0,10,0.99,0,3,0.911,Benign
SEC-LOG-102420,54.35,TCP,53,123,45885,0.522,0,31.25,20.53,4.89,2.314,3,48,0,9,0.88,0,1,0.966,Benign
SEC-LOG-102421,15.64,TCP,443,119,53102,0.556,0,8.43,30.16,8.81,3.991,6,44,0,9,0.96,0,2,0.877,Benign
SEC-LOG-102422,18.1,SMB,139,143,50513,0.576,0,80.32,80.22,263.92,7.016,4,25,1,11,0.9,1,83,0.211,Ransomware
SEC-LOG-102423,44.1,TCP,22,101,27953,0.691,3,50.27,46.68,9.63,4.462,26,21,1,8,1.1,0,19,0.107,Malware
SEC-LOG-102424,24.53,DNS,80,136,108751,0.542,0,31.9,49.92,2.12,3.462,6,47,0,4,0.85,0,2,0.865,Benign
SEC-LOG-102425,0.11,HTTP,53,4535,480966,0.304,0,83.17,40.02,4.49,2.872,7,42,0,323,4.14,0,4,0.23,DDoS
SEC-LOG-102426,5.89,HTTPS,80,127,92176,0.425,0,26.23,25.31,7.89,2.614,4,39,0,7,1.09,0,1,0.87,Benign
SEC-LOG-102427,4.34,HTTP,443,4551,628946,0.396,1,71.19,35.78,9.38,3.92,9,57,0,371,7.01,0,2,0.065,DDoS
SEC-LOG-102428,6.58,HTTP,445,117,55550,0.5,0,30.13,18.49,1.12,2.851,3,17,0,6,0.91,0,2,0.858,Benign
SEC-LOG-102429,39.31,SMB,443,115,57234,0.638,0,97.63,80.93,139.75,7.179,7,28,4,9,0.88,1,71,0.395,Ransomware
SEC-LOG-102430,11.59,HTTPS,443,115,4709,0.404,4,32.7,37.84,1.65,4.062,13,84,6,11,0.86,0,3,0.387,Phishing
SEC-LOG-102431,9.73,TCP,445,121,56812,0.584,0,91.08,69.98,110.03,7.946,4,39,2,11,1.09,0,98,0.228,Ransomware
SEC-LOG-102432,0.97,TCP,443,4503,833308,0.695,1,82.24,22.58,9.88,2.507,7,28,0,355,10.46,0,3,0.157,DDoS
SEC-LOG-102433,1.04,HTTP,445,118,53903,0.334,0,21.6,24.91,2.73,3.576,7,40,0,11,0.86,0,3,0.929,Benign
SEC-LOG-102434,3.75,UDP,53,4436,477815,0.399,0,68.02,49.03,7.87,2.131,4,43,0,314,12.3,0,5,0.282,DDoS
SEC-LOG-102435,22.94,TCP,80,127,86201,0.559,0,30.5,45.82,3.68,3.332,8,25,0,6,1.08,0,3,0.963,Benign
SEC-LOG-102436,8.76,TCP,3389,124,89241,0.574,0,11.49,28.82,6.52,4.099,8,20,0,6,0.95,0,2,0.922,Benign
SEC-LOG-102437,19.81,TCP,53,122,59127,0.658,0,17.26,35.15,2.09,3.756,3,38,0,6,1.11,0,1,0.82,Benign
SEC-LOG-102438,1.59,TCP,4444,107,49020,0.862,3,64.98,45.78,7.14,3.712,21,28,2,8,0.85,1,14,0.338,Malware
SEC-LOG-102439,1.33,TCP,80,113,61500,0.59,0,26.3,20.55,4.92,2.863,6,27,0,8,1.08,0,3,0.882,Benign
SEC-LOG-102440,30.88,DNS,4444,127,56967,0.633,0,70.42,67.16,3.73,4.397,26,15,3,9,0.9,1,12,0.191,Malware
SEC-LOG-102441,37.07,DNS,8080,126,42762,0.816,3,44.33,73.77,4.06,3.336,25,41,1,6,1.08,1,16,0.199,Malware
SEC-LOG-102442,5.14,HTTPS,443,115,78149,0.357,0,97.47,86.88,319.47,7.948,4,38,1,8,0.93,1,82,0.428,Ransomware
SEC-LOG-102443,15.05,TCP,8080,126,73413,0.45,0,75.23,68.91,311.07,7.463,6,41,1,11,1.11,1,93,0.461,Ransomware
SEC-LOG-102444,16.5,HTTP,443,119,28067,0.798,0,34.28,79.37,5.25,3.643,19,17,3,8,1.0,0,13,0.376,Malware
SEC-LOG-102445,17.47,TCP,53,113,75026,0.68,0,25.35,48.24,1.41,3.405,3,62,0,10,0.93,0,4,0.96,Benign
SEC-LOG-102446,8.14,TCP,3389,104,43267,0.531,0,11.69,18.69,6.7,2.132,7,25,0,9,1.06,0,3,0.876,Benign
SEC-LOG-102447,11.73,DNS,80,120,35353,0.611,0,16.4,36.52,9.96,3.707,6,42,0,14,1.03,0,3,0.886,Benign
SEC-LOG-102448,19.31,TCP,22,124,48004,0.425,0,33.09,27.91,9.62,2.955,4,60,0,6,1.04,0,1,0.995,Benign
SEC-LOG-102449,5.28,TCP,8080,126,31659,0.365,2,7.97,15.44,2.58,3.962,8,30,0,10,0.86,0,4,0.953,Benign
SEC-LOG-102450,1.87,HTTP,80,134,41545,0.544,2,18.42,24.23,8.36,3.783,3,33,0,5,1.1,0,0,0.833,Benign
SEC-LOG-102451,1.6,DNS,53,4495,719615,0.351,0,79.74,48.68,5.3,3.501,4,36,0,388,10.87,0,2,0.106,DDoS
SEC-LOG-102452,0.7,DNS,443,116,47135,0.66,1,65.51,68.94,4.61,3.752,34,35,3,9,0.92,1,10,0.407,Malware
SEC-LOG-102453,56.78,TCP,53,133,43937,0.574,0,31.12,43.87,1.48,2.317,6,51,0,11,0.98,0,2,0.923,Benign
SEC-LOG-102454,0.26,HTTP,443,102,49739,0.926,1,55.06,63.86,1.13,4.186,32,45,2,7,1.01,1,13,0.387,Malware
SEC-LOG-102455,21.69,HTTPS,80,113,90222,0.424,0,21.34,19.07,4.89,2.842,4,31,0,12,0.9,0,2,0.899,Benign
SEC-LOG-102456,22.66,DNS,22,138,76747,0.706,0,52.19,67.48,2.22,2.725,21,37,2,5,0.85,1,28,0.159,Malware
SEC-LOG-102457,8.63,HTTP,80,120,1789,0.668,4,19.1,22.17,1.9,2.881,19,144,2,5,1.04,0,1,0.289,Phishing
SEC-LOG-102458,25.7,TCP,8080,136,73602,0.822,0,71.72,59.03,3.82,2.433,23,15,1,10,0.96,0,16,0.162,Malware
SEC-LOG-102459,1.84,HTTP,22,123,88117,0.816,0,62.8,44.29,7.78,2.811,16,55,4,4,1.02,0,24,0.325,Malware
SEC-LOG-102460,4.88,TCP,443,4542,875290,0.64,0,65.49,18.22,0.87,4.415,19,28,0,372,11.5,0,2,0.116,DDoS
SEC-LOG-102461,4.1,SMB,445,119,33180,0.356,0,72.46,90.03,189.12,7.584,5,41,4,7,0.98,1,84,0.281,Ransomware
SEC-LOG-102462,19.61,DNS,443,113,1638,0.479,1,32.63,28.05,3.49,3.121,11,45,3,13,1.06,0,3,0.176,Phishing
SEC-LOG-102463,31.66,HTTPS,4444,114,85088,0.621,1,38.32,60.6,7.74,4.087,24,20,2,13,0.96,1,21,0.126,Malware
SEC-LOG-102464,13.5,HTTPS,443,109,4468,0.605,4,11.28,42.19,7.36,2.09,14,89,3,11,0.95,0,2,0.198,Phishing
SEC-LOG-102465,3.02,HTTPS,443,132,93269,0.537,0,7.98,46.21,5.15,3.351,9,42,0,6,1.13,0,6,0.906,Benign
SEC-LOG-102466,2.62,UDP,445,123,28346,0.345,0,8.6,33.99,7.47,3.58,9,17,0,5,0.97,0,1,0.841,Benign
SEC-LOG-102467,3.24,TCP,80,125,62516,0.478,0,11.09,36.05,5.37,2.818,7,33,0,10,0.87,0,4,0.957,Benign
SEC-LOG-102468,13.42,DNS,8080,122,46486,0.611,1,57.69,82.93,5.24,3.361,16,29,2,9,1.05,0,15,0.441,Malware
SEC-LOG-102469,28.7,TCP,3389,108,36441,0.933,0,36.14,45.13,9.55,2.594,27,30,2,14,1.0,0,21,0.269,Malware
SEC-LOG-102470,0.29,SMB,80,121,79704,0.355,0,7.52,16.61,9.42,2.462,6,27,0,11,1.05,0,1,0.848,Benign
SEC-LOG-102471,4.58,UDP,443,4487,566943,0.318,0,84.82,47.82,7.71,3.504,8,40,0,343,8.76,0,1,0.345,DDoS
SEC-LOG-102472,0.1,DNS,53,4445,642559,0.516,0,72.65,48.7,1.09,2.517,7,50,0,335,13.83,0,1,0.078,DDoS
SEC-LOG-102473,3.26,HTTPS,80,121,1573,0.629,2,24.31,38.5,8.31,4.278,12,80,4,14,1.09,0,4,0.129,Phishing
SEC-LOG-102474,11.8,SSH,8080,116,76031,0.931,1,74.9,66.65,0.65,4.402,23,18,1,10,0.94,0,17,0.389,Malware
SEC-LOG-102475,12.04,SMB,443,119,44736,0.43,0,73.84,94.7,335.91,7.777,5,15,4,11,1.14,0,96,0.324,Ransomware
SEC-LOG-102476,9.63,TCP,443,116,59890,0.621,0,24.93,27.39,1.54,2.109,2,27,0,12,0.96,0,1,0.961,Benign
SEC-LOG-102477,16.3,SMB,445,128,43938,0.687,0,96.6,62.3,324.92,7.972,6,29,1,8,0.89,0,74,0.139,Ransomware
SEC-LOG-102478,0.19,TCP,53,107,34443,0.578,0,27.11,46.26,9.29,2.444,4,36,0,5,0.9,0,3,0.894,Benign
SEC-LOG-102479,3.98,SMB,8080,130,82622,0.619,0,75.81,90.72,243.05,7.179,5,36,4,7,0.9,1,73,0.123,Ransomware
SEC-LOG-102480,2.52,TCP,443,122,47591,0.375,0,12.33,22.7,3.53,3.891,2,31,0,8,0.96,0,1,0.82,Benign
SEC-LOG-102481,2.77,SMB,445,138,47347,0.45,1,84.05,71.26,151.44,7.231,6,13,2,8,0.89,1,79,0.278,Ransomware
SEC-LOG-102482,4.18,HTTP,443,4579,672478,0.654,0,85.34,30.01,3.36,3.357,4,29,0,322,10.36,0,1,0.126,DDoS
SEC-LOG-102483,6.37,HTTPS,80,139,76452,0.647,0,28.01,20.74,8.96,3.156,3,14,0,5,1.07,0,1,0.916,Benign
SEC-LOG-102484,29.1,HTTPS,3389,95,67227,0.716,1,49.67,54.43,9.2,4.006,33,26,2,8,0.92,0,22,0.292,Malware
SEC-LOG-102485,3.26,UDP,80,4491,747531,0.672,0,83.48,43.33,7.53,2.388,8,30,0,339,10.7,0,3,0.327,DDoS
SEC-LOG-102486,12.29,HTTP,4444,103,56199,0.749,1,54.28,79.24,2.61,2.016,20,10,1,6,0.98,0,21,0.364,Malware
SEC-LOG-102487,7.57,SMB,445,112,31397,0.437,0,82.04,62.63,274.88,7.692,9,26,2,7,0.91,1,85,0.374,Ransomware
SEC-LOG-102488,25.04,SSH,8080,128,70679,0.792,0,38.02,47.35,3.73,3.669,29,53,1,7,1.08,1,17,0.259,Malware
SEC-LOG-102489,29.65,HTTPS,443,122,49205,0.473,0,19.49,34.4,3.63,3.037,7,39,0,7,0.92,0,4,0.834,Benign
SEC-LOG-102490,2.18,TCP,3389,109,54375,0.527,0,27.86,27.64,8.18,3.706,6,35,0,7,0.99,0,2,0.99,Benign
SEC-LOG-102491,10.34,UDP,80,120,81875,0.407,0,18.19,25.33,4.49,2.3,8,51,0,8,1.02,0,3,0.916,Benign
SEC-LOG-102492,10.09,SMB,139,120,26941,0.504,0,98.65,65.27,169.66,7.871,7,34,2,5,1.03,1,76,0.467,Ransomware
SEC-LOG-102493,43.63,HTTPS,443,120,65312,0.427,0,5.68,49.61,2.72,4.322,5,46,0,6,1.03,0,2,0.838,Benign
SEC-LOG-102494,48.72,DNS,8080,125,85074,0.814,0,49.25,40.58,2.83,3.554,20,32,1,9,0.99,0,14,0.403,Malware
SEC-LOG-102495,3.96,HTTPS,4444,119,72375,0.616,0,34.41,77.68,6.23,4.409,30,43,3,6,0.86,1,17,0.347,Malware
SEC-LOG-102496,4.38,TCP,4444,118,26595,0.724,1,41.66,42.21,4.59,3.928,22,13,1,9,1.09,0,18,0.106,Malware
SEC-LOG-102497,18.18,TCP,443,116,32129,0.405,0,82.46,93.53,268.46,7.752,3,45,2,8,1.03,1,84,0.246,Ransomware
SEC-LOG-102498,2.05,UDP,53,4505,440854,0.48,0,89.42,15.44,3.13,4.369,5,38,0,351,3.57,0,3,0.131,DDoS
SEC-LOG-102499,18.27,HTTPS,53,137,87032,0.671,3,32.83,45.58,7.57,3.225,30,35,4,11,0.91,0,17,0.191,Malware
SEC-LOG-102500,8.7,HTTPS,443,121,69481,0.695,0,74.41,63.66,220.13,6.889,11,59,2,5,1.09,1,70,0.37,Ransomware
SEC-LOG-102501,13.88,SMB,445,123,76101,0.343,0,74.53,85.29,239.98,7.608,4,30,1,3,1.14,1,65,0.324,Ransomware
SEC-LOG-102502,9.63,HTTPS,8080,113,37876,0.685,0,43.26,80.95,5.1,3.299,17,15,2,7,0.99,0,16,0.279,Malware
SEC-LOG-102503,2.48,DNS,8080,4437,370135,0.304,1,81.02,29.16,6.84,3.561,6,42,0,364,13.46,0,1,0.053,DDoS
SEC-LOG-102504,48.88,TCP,443,134,106440,0.643,0,10.94,21.78,5.43,4.231,4,45,0,9,0.93,0,2,0.836,Benign
SEC-LOG-102505,103.31,TCP,443,117,90240,0.648,0,17.87,26.8,4.61,2.047,7,43,0,9,0.86,0,3,0.808,Benign
SEC-LOG-102506,17.19,TCP,139,123,60113,0.317,0,86.18,81.89,153.89,7.384,6,48,2,8,1.1,1,89,0.123,Ransomware
SEC-LOG-102507,6.05,HTTPS,8080,128,73207,0.678,5,57.76,40.66,1.1,4.435,29,29,2,10,1.03,1,25,0.151,Malware
SEC-LOG-102508,3.29,HTTPS,443,120,82881,0.496,0,93.73,82.21,89.63,7.844,4,36,1,9,1.1,1,65,0.304,Ransomware
SEC-LOG-102509,30.57,HTTPS,8080,117,60401,0.545,0,86.48,70.54,130.28,6.96,5,22,4,8,0.99,0,94,0.107,Ransomware
SEC-LOG-102510,6.94,HTTPS,443,144,82693,0.689,0,26.62,27.37,3.36,3.393,5,41,0,7,0.93,0,2,0.948,Benign
SEC-LOG-102511,90.34,SMB,139,147,55476,0.367,1,80.65,83.53,236.77,7.008,2,39,1,8,0.93,1,86,0.28,Ransomware
SEC-LOG-102512,0.24,TCP,22,120,26359,0.626,5,34.4,43.42,6.04,3.494,26,54,1,13,0.98,1,17,0.124,Malware
SEC-LOG-102513,7.48,TCP,22,122,25801,0.619,0,63.94,84.14,6.66,2.867,32,35,4,8,0.98,1,15,0.302,Malware
SEC-LOG-102514,16.13,HTTP,80,114,3400,0.489,6,25.65,36.62,1.44,3.58,19,79,3,9,1.01,0,3,0.166,Phishing
SEC-LOG-102515,0.37,UDP,22,4503,913798,0.426,0,91.21,29.85,0.9,3.2,7,32,0,341,13.75,0,2,0.297,DDoS
SEC-LOG-102516,18.23,SSH,443,109,65843,0.471,0,12.12,33.56,9.72,3.712,5,38,0,9,1.15,0,5,0.81,Benign
SEC-LOG-102517,1.02,DNS,443,129,84704,0.702,1,71.92,44.55,9.19,4.497,29,23,4,5,0.96,1,25,0.365,Malware
SEC-LOG-102518,5.63,HTTP,8080,114,3188,0.517,2,18.45,19.5,1.65,3.67,15,63,3,11,1.11,0,1,0.056,Phishing
SEC-LOG-102519,17.06,HTTPS,443,108,2444,0.69,2,9.04,35.08,2.06,3.658,18,85,3,6,0.86,0,1,0.084,Phishing
SEC-LOG-102520,5.78,HTTPS,443,124,2701,0.526,6,6.64,47.71,9.88,2.761,10,56,6,8,0.89,0,4,0.343,Phishing
SEC-LOG-102521,0.86,SMB,53,112,70243,0.338,0,25.67,19.06,2.19,4.342,4,36,0,9,0.86,0,3,0.911,Benign
SEC-LOG-102522,9.6,DNS,443,118,32517,0.529,0,5.54,36.64,6.72,4.454,6,26,0,5,0.88,0,1,0.971,Benign
SEC-LOG-102523,11.68,HTTPS,443,130,65304,0.423,0,30.29,48.08,3.4,4.313,5,53,0,7,0.91,0,2,0.911,Benign
SEC-LOG-102524,0.76,SMB,443,130,74348,0.392,0,86.6,77.53,309.58,7.791,0,44,1,7,1.07,1,79,0.422,Ransomware
SEC-LOG-102525,1.81,DNS,53,131,40661,0.529,0,17.02,48.21,2.89,2.629,3,36,0,8,0.91,0,2,0.839,Benign
SEC-LOG-102526,8.62,UDP,443,128,78506,0.352,0,23.78,23.85,7.19,2.334,5,43,0,5,0.96,0,4,0.895,Benign
SEC-LOG-102527,4.53,DNS,443,4605,1118139,0.557,0,75.08,26.35,7.99,4.083,2,35,0,338,6.86,0,1,0.323,DDoS
SEC-LOG-102528,13.54,SSH,53,104,73480,0.319,0,26.0,45.85,9.78,4.092,10,62,0,4,0.97,0,3,0.948,Benign
SEC-LOG-102529,0.85,TCP,443,4477,736179,0.462,0,72.95,39.92,6.89,3.582,4,33,0,380,3.98,0,3,0.35,DDoS
SEC-LOG-102530,3.13,HTTPS,443,121,1693,0.565,6,9.49,34.68,5.75,2.659,8,49,4,9,1.06,0,1,0.396,Phishing
SEC-LOG-102531,25.14,SMB,139,121,87754,0.611,0,95.23,66.7,264.61,7.047,7,17,2,7,1.02,1,85,0.245,Ransomware
SEC-LOG-102532,1.27,HTTP,8443,139,75689,0.562,0,27.14,16.42,5.08,2.891,2,27,0,6,1.08,0,1,0.894,Benign
SEC-LOG-102533,16.55,FTP,80,105,36538,0.306,0,23.03,38.48,8.05,3.864,5,56,0,11,1.05,0,0,0.98,Benign
SEC-LOG-102534,5.03,HTTP,80,112,7997,0.665,1,5.93,30.21,8.43,2.986,10,120,4,7,1.11,0,2,0.361,Phishing
SEC-LOG-102535,12.07,SMB,139,105,74247,0.41,0,72.78,61.82,213.09,7.002,4,42,4,8,1.01,1,82,0.213,Ransomware
SEC-LOG-102536,7.17,HTTPS,8080,132,1933,0.537,1,18.87,34.21,4.48,3.969,12,78,2,5,1.03,0,3,0.336,Phishing
SEC-LOG-102537,16.1,HTTPS,53,154,76059,0.391,0,30.57,28.92,7.19,3.327,3,40,0,5,0.99,0,1,0.816,Benign
SEC-LOG-102538,11.8,TCP,445,123,25507,0.681,0,83.46,62.22,98.96,7.447,5,32,4,13,0.9,1,102,0.464,Ransomware
SEC-LOG-102539,36.9,TCP,445,124,56581,0.348,0,71.95,68.18,203.65,7.626,4,33,2,4,1.09,0,94,0.447,Ransomware
SEC-LOG-102540,7.1,HTTP,80,110,5895,0.689,1,21.4,47.22,5.98,3.998,15,140,6,10,1.02,0,5,0.343,Phishing
SEC-LOG-102541,18.32,SMB,445,117,48423,0.521,0,95.51,67.07,294.51,6.815,3,52,1,3,1.09,1,106,0.209,Ransomware
SEC-LOG-102542,28.33,HTTPS,443,123,40205,0.607,0,85.88,85.1,219.76,7.067,2,30,1,9,0.87,1,101,0.389,Ransomware
SEC-LOG-102543,16.91,HTTPS,80,118,1907,0.565,1,22.03,41.23,5.26,4.088,7,77,3,6,1.07,0,2,0.337,Phishing
SEC-LOG-102544,11.1,TCP,80,124,77695,0.355,0,30.2,24.97,5.7,2.373,4,48,0,7,0.99,0,0,0.939,Benign
SEC-LOG-102545,18.95,HTTP,8080,133,75896,0.65,0,65.71,80.76,9.04,4.237,32,29,2,6,0.9,1,28,0.301,Malware
SEC-LOG-102546,1.19,TCP,8080,121,56485,0.633,0,24.1,37.13,6.54,2.585,2,45,0,8,0.94,0,1,0.96,Benign
SEC-LOG-102547,15.28,HTTP,8080,112,85676,0.69,1,42.54,49.79,2.02,2.656,28,36,3,8,1.12,1,14,0.261,Malware
SEC-LOG-102548,2.94,HTTP,8080,119,74768,0.932,1,41.23,51.83,4.69,2.434,41,20,4,8,1.09,0,11,0.434,Malware
SEC-LOG-102549,9.74,HTTP,53,122,40810,0.465,0,15.02,48.02,6.69,3.9,1,10,0,6,1.11,0,1,0.902,Benign
SEC-LOG-102550,20.2,UDP,53,127,28148,0.321,0,28.8,21.68,2.49,2.195,4,25,0,7,1.09,0,0,0.989,Benign
SEC-LOG-102551,3.19,SMB,80,133,60920,0.591,0,23.83,23.63,7.52,3.741,1,32,0,4,0.96,0,2,0.975,Benign
SEC-LOG-102552,13.74,SMB,443,111,42619,0.407,0,78.62,85.2,126.13,7.388,3,29,2,3,1.01,1,96,0.247,Ransomware
SEC-LOG-102553,4.48,TCP,53,4460,1043094,0.582,0,93.93,47.14,1.03,2.183,4,34,0,357,10.72,0,2,0.315,DDoS
SEC-LOG-102554,23.21,HTTP,443,121,49560,0.469,0,33.81,31.2,8.03,2.348,4,49,0,10,0.91,0,0,0.832,Benign
SEC-LOG-102555,2.51,UDP,8080,4550,479069,0.448,1,87.67,37.6,8.89,2.284,4,10,0,340,7.65,0,3,0.115,DDoS
SEC-LOG-102556,19.02,HTTPS,8080,113,65403,0.935,1,46.18,41.7,0.55,4.225,21,28,2,8,0.96,1,13,0.2,Malware
SEC-LOG-102557,3.47,HTTP,8080,110,69993,0.374,0,7.4,31.83,3.7,4.127,7,33,0,10,0.98,0,5,0.967,Benign
SEC-LOG-102558,69.74,SMB,80,123,28050,0.602,0,20.97,35.98,0.94,2.912,2,47,0,10,1.04,0,0,0.919,Benign
SEC-LOG-102559,7.02,HTTPS,3389,108,45532,0.75,0,41.82,67.61,6.83,2.427,23,36,2,14,1.02,0,18,0.432,Malware
SEC-LOG-102560,23.23,SMB,445,115,72733,0.425,0,79.79,72.89,215.23,7.329,9,49,2,9,0.92,1,86,0.499,Ransomware
SEC-LOG-102561,5.45,HTTPS,443,107,4842,0.464,6,19.34,42.36,0.94,3.228,16,75,3,12,0.89,0,2,0.398,Phishing
SEC-LOG-102562,0.96,SMB,80,133,27123,0.379,0,34.24,40.08,2.08,4.163,7,36,0,5,0.98,0,2,0.936,Benign
SEC-LOG-102563,55.46,HTTPS,80,133,60184,0.615,0,15.48,26.27,3.94,4.44,5,41,0,6,1.1,0,2,0.931,Benign
SEC-LOG-102564,17.39,DNS,443,97,66883,0.848,1,33.37,72.46,5.52,3.349,17,41,2,10,0.87,1,15,0.267,Malware
SEC-LOG-102565,7.11,HTTP,8080,111,84235,0.336,0,23.39,35.72,1.76,3.893,2,27,0,9,1.07,0,1,0.869,Benign
SEC-LOG-102566,20.57,DNS,443,143,94459,0.551,0,22.65,16.98,0.79,4.095,2,39,0,13,0.97,0,4,0.958,Benign
SEC-LOG-102567,0.8,HTTPS,443,114,90469,0.608,0,12.84,39.69,3.11,3.527,7,37,0,10,1.07,0,3,0.881,Benign
SEC-LOG-102568,29.19,HTTPS,139,141,68825,0.603,0,73.57,77.49,225.2,6.875,5,34,2,5,1.07,1,81,0.171,Ransomware
SEC-LOG-102569,0.26,UDP,443,4520,550239,0.619,0,78.81,30.26,5.49,4.404,8,37,0,366,10.04,0,3,0.193,DDoS
SEC-LOG-102570,12.49,HTTPS,22,111,77062,0.767,1,52.02,49.38,4.7,4.009,29,50,2,8,0.86,1,16,0.114,Malware
SEC-LOG-102571,2.64,TCP,443,4468,382776,0.645,0,86.87,43.15,2.06,4.003,7,17,0,359,11.77,0,2,0.211,DDoS
SEC-LOG-102572,11.52,HTTP,80,113,73110,0.556,1,33.29,44.06,3.02,4.003,1,14,0,10,1.1,0,3,0.883,Benign
SEC-LOG-102573,13.9,DNS,22,105,75822,0.663,0,62.31,57.49,5.83,2.962,21,25,1,10,0.97,1,21,0.104,Malware
SEC-LOG-102574,4.87,HTTP,3389,138,101663,0.317,0,20.91,46.53,6.87,4.066,6,17,0,12,1.12,0,2,0.832,Benign
SEC-LOG-102575,8.6,HTTP,443,120,2034,0.502,4,10.96,36.34,4.59,2.369,14,45,3,4,1.09,0,2,0.334,Phishing
SEC-LOG-102576,2.79,TCP,8080,4476,658836,0.67,0,74.58,34.75,3.89,4.429,5,20,0,363,4.61,0,2,0.134,DDoS
SEC-LOG-102577,15.86,HTTPS,443,131,7725,0.511,4,28.62,18.29,2.32,2.703,13,81,2,4,0.87,0,4,0.279,Phishing
SEC-LOG-102578,30.15,TCP,80,111,45222,0.498,0,34.23,25.07,0.78,2.536,6,45,0,6,1.02,0,5,0.858,Benign
SEC-LOG-102579,2.8,HTTPS,443,115,5536,0.316,1,26.02,44.03,8.13,2.692,18,119,3,10,1.09,0,4,0.06,Phishing
SEC-LOG-102580,21.75,FTP,25,143,90323,0.679,1,13.36,23.12,4.4,4.339,4,24,0,8,1.04,0,0,0.886,Benign
SEC-LOG-102581,0.66,SMB,139,129,41187,0.467,0,89.14,64.23,102.72,7.577,6,22,1,11,1.08,1,93,0.257,Ransomware
SEC-LOG-102582,15.65,DNS,8080,124,35897,0.736,0,60.82,75.83,3.11,2.546,29,56,1,10,0.93,1,27,0.267,Malware
SEC-LOG-102583,9.12,DNS,8080,110,65249,0.928,0,69.96,71.71,5.66,2.258,20,10,4,9,1.1,1,21,0.36,Malware
SEC-LOG-102584,7.09,HTTPS,4444,123,40228,0.907,3,32.75,76.63,9.22,3.993,24,31,3,7,1.11,1,22,0.317,Malware
SEC-LOG-102585,16.58,HTTPS,80,118,7270,0.446,6,13.38,26.23,1.83,2.032,16,130,2,7,1.15,0,0,0.217,Phishing
SEC-LOG-102586,25.27,HTTPS,443,117,60536,0.495,0,14.31,36.84,9.61,4.205,3,49,0,9,1.09,0,1,0.803,Benign
SEC-LOG-102587,5.74,HTTPS,443,119,1791,0.417,1,12.78,18.65,0.8,2.465,16,97,4,5,0.99,0,5,0.063,Phishing
SEC-LOG-102588,11.48,HTTPS,8080,113,66684,0.447,0,33.99,18.92,2.28,3.345,6,41,0,4,1.09,0,2,0.934,Benign
SEC-LOG-102589,6.12,HTTP,443,114,4533,0.534,2,10.04,24.77,7.55,2.535,17,121,3,4,1.04,0,1,0.253,Phishing
SEC-LOG-102590,5.24,TCP,445,112,33773,0.589,0,70.37,63.78,332.59,7.649,4,63,2,8,0.86,1,92,0.478,Ransomware
SEC-LOG-102591,13.82,SMB,445,106,29146,0.462,0,74.44,65.92,267.19,7.572,5,38,4,7,0.85,1,89,0.21,Ransomware
SEC-LOG-102592,12.27,HTTPS,4444,128,55010,0.752,0,74.22,58.33,4.85,2.944,22,44,3,10,1.06,0,20,0.3,Malware
SEC-LOG-102593,7.16,TCP,53,120,54146,0.623,0,39.28,65.97,3.86,3.962,19,48,3,4,1.11,1,14,0.258,Malware
SEC-LOG-102594,21.37,SMB,80,138,60006,0.652,0,8.65,27.33,6.3,4.466,4,46,0,15,1.15,0,0,0.922,Benign
SEC-LOG-102595,1.5,TCP,443,133,43658,0.326,0,75.22,84.06,193.28,6.975,6,39,2,9,1.12,1,85,0.121,Ransomware
SEC-LOG-102596,2.04,TCP,80,117,43749,0.688,0,20.7,18.44,6.17,2.011,4,28,0,10,1.0,0,5,0.929,Benign
SEC-LOG-102597,26.72,TCP,443,128,72748,0.739,1,42.57,73.29,1.71,2.678,34,23,1,5,1.11,1,16,0.357,Malware
SEC-LOG-102598,1.57,TCP,22,122,79539,0.336,0,14.63,47.31,2.33,3.94,5,26,0,5,1.07,0,3,0.831,Benign
SEC-LOG-102599,18.99,DNS,53,108,52790,0.541,0,22.83,34.02,2.56,3.023,9,49,0,6,1.14,0,0,0.891,Benign
SEC-LOG-102600,11.95,HTTP,443,128,6465,0.417,6,25.02,24.5,6.74,2.365,11,146,3,10,0.91,0,2,0.32,Phishing
SEC-LOG-102601,2.47,UDP,80,130,51298,0.685,0,26.37,33.93,7.56,2.382,3,38,0,6,1.12,0,4,0.825,Benign
SEC-LOG-102602,13.12,HTTP,8080,119,2972,0.308,4,26.6,49.88,1.5,2.029,10,106,4,9,1.13,0,1,0.37,Phishing
SEC-LOG-102603,7.8,HTTPS,443,121,85674,0.641,0,32.99,16.94,9.84,3.16,2,42,0,11,0.98,0,5,0.836,Benign
SEC-LOG-102604,16.17,FTP,80,112,75399,0.355,0,29.99,20.27,1.09,2.142,1,42,0,10,1.07,0,2,0.805,Benign
SEC-LOG-102605,3.87,HTTP,4444,142,88739,0.897,5,51.59,77.84,8.63,2.174,32,44,2,11,0.89,0,20,0.182,Malware
SEC-LOG-102606,13.46,TCP,443,100,20387,0.339,0,14.72,26.58,2.32,2.262,4,37,0,8,0.93,0,1,0.938,Benign
SEC-LOG-102607,33.93,TCP,443,105,54302,0.571,0,15.15,29.68,1.43,4.303,8,22,0,5,1.04,0,1,0.99,Benign
SEC-LOG-102608,11.96,HTTP,443,122,6702,0.467,1,27.83,16.79,6.04,2.288,18,102,3,4,0.9,0,2,0.319,Phishing
SEC-LOG-102609,14.11,TCP,80,126,83583,0.38,0,32.49,21.82,4.64,4.102,3,10,0,7,1.14,0,1,0.901,Benign
SEC-LOG-102610,5.97,TCP,445,144,49708,0.433,0,77.16,78.17,309.24,6.985,3,38,4,11,1.01,1,82,0.474,Ransomware
SEC-LOG-102611,0.9,UDP,22,119,94903,0.403,0,29.75,40.52,9.58,2.526,5,39,0,8,0.86,0,3,0.886,Benign
SEC-LOG-102612,13.45,HTTP,80,127,75216,0.556,0,7.76,44.12,3.19,2.954,5,11,0,5,1.01,0,3,0.953,Benign
SEC-LOG-102613,10.98,HTTPS,443,117,7819,0.545,1,30.46,37.51,3.38,2.493,8,100,4,7,0.85,0,1,0.355,Phishing
SEC-LOG-102614,29.31,DNS,53,117,55518,0.322,0,34.15,42.66,3.15,4.096,4,40,0,8,1.11,0,2,0.947,Benign
SEC-LOG-102615,38.83,FTP,443,111,68822,0.403,1,25.55,26.14,5.34,3.904,3,38,0,6,1.12,0,1,0.917,Benign
SEC-LOG-102616,82.98,TCP,8080,121,74755,0.545,0,15.01,49.56,8.18,4.049,2,25,0,6,1.15,0,0,0.833,Benign
SEC-LOG-102617,47.87,SMB,8080,115,25906,0.641,0,9.59,22.83,2.66,3.757,1,35,0,8,1.1,0,0,0.871,Benign
SEC-LOG-102618,19.72,SMB,8080,106,22344,0.341,0,73.89,76.99,201.22,7.778,6,50,2,10,0.94,1,83,0.468,Ransomware
SEC-LOG-102619,10.81,HTTPS,445,110,43065,0.443,0,19.3,15.07,0.59,4.078,5,27,0,4,0.96,0,1,0.833,Benign
SEC-LOG-102620,8.38,HTTPS,445,113,68913,0.331,0,72.66,71.6,159.95,7.539,5,35,2,9,1.15,1,75,0.235,Ransomware
SEC-LOG-102621,21.53,HTTPS,445,96,55136,0.397,0,80.63,92.84,281.32,7.519,5,41,2,9,0.93,1,80,0.215,Ransomware
SEC-LOG-102622,5.69,DNS,3389,122,59927,0.9,1,72.81,60.32,6.07,2.032,25,23,4,12,0.93,1,13,0.299,Malware
SEC-LOG-102623,4.18,TCP,53,4559,770274,0.586,0,68.33,15.86,1.36,2.981,5,38,0,358,9.52,0,4,0.154,DDoS
SEC-LOG-102624,0.96,TCP,22,119,24981,0.569,0,28.33,32.96,6.02,2.424,4,56,0,8,1.15,0,2,0.95,Benign
SEC-LOG-102625,4.23,TCP,53,4563,484075,0.624,0,66.11,38.4,3.59,2.189,5,36,0,345,11.0,0,0,0.151,DDoS
SEC-LOG-102626,32.58,HTTP,21,112,50535,0.388,0,33.35,28.79,2.0,3.384,5,16,0,10,0.91,0,0,0.828,Benign
SEC-LOG-102627,18.27,HTTP,443,131,3897,0.323,1,21.34,19.26,8.69,3.295,18,73,6,8,1.13,0,2,0.391,Phishing
SEC-LOG-102628,43.86,HTTP,8080,121,40141,0.928,3,41.36,64.09,1.53,3.228,29,44,3,8,1.08,1,15,0.214,Malware
SEC-LOG-102629,17.73,TCP,8080,107,73648,0.471,0,19.38,37.54,3.69,2.144,4,48,0,6,0.93,0,0,0.948,Benign
SEC-LOG-102630,19.58,HTTP,443,123,1569,0.348,4,8.12,26.23,8.22,2.366,11,93,6,9,1.07,0,3,0.178,Phishing
SEC-LOG-102631,3.22,HTTPS,80,143,2745,0.559,1,6.62,34.73,7.14,2.409,17,64,2,6,1.09,0,2,0.234,Phishing
SEC-LOG-102632,25.23,UDP,443,119,56662,0.361,0,12.36,17.91,3.96,3.522,4,53,0,3,0.89,0,0,0.86,Benign
SEC-LOG-102633,11.31,TCP,443,142,55759,0.579,0,7.16,36.66,7.5,3.286,6,18,0,8,0.95,0,2,0.804,Benign
SEC-LOG-102634,15.98,HTTP,80,120,4083,0.611,2,34.83,25.21,6.16,4.394,12,104,3,8,0.92,0,1,0.397,Phishing
SEC-LOG-102635,8.09,HTTP,443,123,3124,0.385,1,33.16,19.81,7.91,4.285,4,99,3,8,0.85,0,5,0.176,Phishing
SEC-LOG-102636,3.69,UDP,53,4500,401266,0.363,0,69.51,34.99,7.39,2.06,4,25,0,361,13.22,0,2,0.242,DDoS
SEC-LOG-102637,16.22,SMB,139,124,25355,0.499,0,80.06,62.86,138.04,7.888,8,19,2,14,1.06,1,87,0.188,Ransomware
SEC-LOG-102638,2.42,DNS,443,4494,780414,0.444,0,77.08,15.2,9.39,4.435,2,59,0,360,8.13,0,5,0.146,DDoS
SEC-LOG-102639,9.04,HTTP,8080,122,7479,0.663,2,10.25,38.12,6.25,3.787,14,120,2,5,1.06,0,1,0.193,Phishing
SEC-LOG-102640,6.13,TCP,443,142,29484,0.374,0,23.79,49.11,7.66,2.987,2,39,0,4,0.98,0,3,0.876,Benign
SEC-LOG-102641,24.73,DNS,53,113,78071,0.31,0,7.92,45.3,4.8,2.243,5,30,0,13,1.05,0,4,0.868,Benign
SEC-LOG-102642,2.39,HTTPS,445,99,32445,0.694,0,84.9,65.86,314.4,7.411,6,51,2,12,1.03,1,76,0.21,Ransomware
SEC-LOG-102643,14.55,HTTPS,8080,109,7614,0.427,4,8.05,25.25,7.34,3.345,16,107,3,13,0.98,0,1,0.334,Phishing
SEC-LOG-102644,5.58,TCP,443,138,43312,0.617,0,27.74,38.47,8.84,2.118,2,38,0,10,0.99,0,3,0.967,Benign
SEC-LOG-102645,0.49,UDP,22,122,35309,0.566,0,26.01,22.81,3.71,3.426,3,41,0,15,0.97,0,0,0.912,Benign
SEC-LOG-102646,0.39,HTTP,53,4491,597273,0.597,0,68.47,29.97,6.76,2.115,2,25,0,364,13.47,0,2,0.341,DDoS
SEC-LOG-102647,39.73,HTTP,4444,121,31055,0.8,0,35.28,56.74,4.23,3.742,27,30,2,8,1.0,0,13,0.145,Malware
SEC-LOG-102648,18.71,HTTPS,3389,128,97410,0.75,0,71.51,40.48,4.25,2.002,25,32,2,4,1.08,1,15,0.114,Malware
SEC-LOG-102649,3.17,HTTPS,4444,118,49090,0.718,1,57.32,52.99,9.93,3.429,29,43,3,4,0.99,1,16,0.37,Malware
SEC-LOG-102650,10.95,TCP,443,97,59624,0.691,0,31.71,21.36,9.57,2.722,6,21,0,5,1.05,0,3,0.978,Benign
SEC-LOG-102651,6.42,HTTP,53,112,25855,0.689,0,6.13,38.61,2.42,2.146,8,72,0,7,0.94,0,0,0.803,Benign
SEC-LOG-102652,35.77,DNS,443,145,44752,0.652,0,20.67,32.48,4.68,2.824,7,37,0,7,1.13,0,1,0.973,Benign
SEC-LOG-102653,11.96,TCP,3389,136,31869,0.674,0,9.17,30.39,1.51,3.463,5,33,0,10,0.91,0,1,0.92,Benign
SEC-LOG-102654,17.63,TCP,443,116,23272,0.698,0,73.38,72.4,296.77,6.959,4,53,4,7,1.1,0,90,0.216,Ransomware
SEC-LOG-102655,23.71,HTTP,8080,109,47757,0.938,0,32.13,68.84,4.71,2.363,22,21,1,9,1.12,1,13,0.286,Malware
SEC-LOG-102656,0.26,HTTPS,443,118,88731,0.528,0,89.14,64.12,182.16,6.968,3,13,4,9,0.96,0,69,0.142,Ransomware
SEC-LOG-102657,22.2,TCP,445,133,38977,0.526,0,87.83,61.76,262.41,7.359,5,49,2,8,0.87,1,110,0.443,Ransomware
SEC-LOG-102658,23.3,SMB,443,120,43311,0.583,0,31.0,33.23,9.31,2.027,9,40,0,4,1.11,0,4,0.893,Benign
SEC-LOG-102659,7.46,DNS,80,116,3744,0.334,2,31.18,37.4,2.12,4.255,23,90,6,8,0.95,0,1,0.142,Phishing
SEC-LOG-102660,1.38,HTTP,3389,118,81396,0.789,3,64.87,73.61,0.51,3.078,31,34,1,6,0.95,1,21,0.392,Malware
SEC-LOG-102661,3.99,SMB,139,146,55565,0.388,0,77.45,80.21,288.12,7.223,5,23,2,8,1.05,1,84,0.297,Ransomware
SEC-LOG-102662,5.09,TCP,21,111,32900,0.385,0,29.91,32.34,4.53,3.431,8,29,0,10,1.05,0,2,0.855,Benign
SEC-LOG-102663,14.93,HTTP,80,127,2745,0.67,1,19.57,33.9,1.39,3.662,16,107,3,11,1.06,0,5,0.202,Phishing
SEC-LOG-102664,7.02,HTTPS,80,130,7018,0.615,2,11.81,16.28,9.06,4.333,19,71,3,6,0.92,0,1,0.141,Phishing
SEC-LOG-102665,2.55,TCP,443,128,59887,0.488,0,9.52,24.62,2.38,2.903,4,43,0,8,1.12,0,2,0.943,Benign
SEC-LOG-102666,8.86,UDP,80,126,47642,0.565,1,9.46,23.84,9.86,3.543,2,10,0,9,0.96,0,0,0.87,Benign
SEC-LOG-102667,18.06,HTTP,80,133,5345,0.519,6,21.9,45.89,0.78,3.973,19,71,2,11,0.98,0,2,0.319,Phishing
SEC-LOG-102668,9.44,HTTPS,8080,127,1609,0.549,2,23.33,17.48,7.7,3.675,16,89,3,3,0.91,0,4,0.271,Phishing
SEC-LOG-102669,0.33,HTTPS,8080,117,43792,0.33,1,32.55,23.97,9.39,4.19,3,37,0,8,1.09,0,5,0.837,Benign
SEC-LOG-102670,18.69,HTTPS,443,128,1873,0.575,1,5.01,40.05,3.05,3.111,17,109,3,8,1.07,0,0,0.082,Phishing
SEC-LOG-102671,9.88,HTTP,3389,110,23445,0.403,0,13.1,32.39,0.61,4.27,5,55,0,12,1.02,0,1,0.821,Benign
SEC-LOG-102672,16.84,HTTP,443,118,7737,0.643,1,31.47,30.29,4.85,3.708,16,96,3,7,1.09,0,1,0.107,Phishing
SEC-LOG-102673,8.97,TCP,443,134,63904,0.484,0,30.3,26.61,5.01,2.907,7,10,0,9,1.0,0,4,0.917,Benign
SEC-LOG-102674,3.86,TCP,139,138,107361,0.37,0,96.64,77.82,167.56,7.313,4,40,4,17,1.14,1,87,0.449,Ransomware
SEC-LOG-102675,23.7,SSH,443,121,31642,0.521,0,10.15,36.49,8.71,3.313,5,34,0,12,0.94,0,1,0.914,Benign
SEC-LOG-102676,20.45,HTTPS,80,142,95916,0.604,0,29.97,49.08,1.49,2.317,2,58,0,10,1.15,0,0,0.863,Benign
SEC-LOG-102677,0.14,HTTPS,21,112,61729,0.65,0,20.04,23.7,0.9,4.406,4,37,0,10,0.97,0,1,0.887,Benign
SEC-LOG-102678,11.23,DNS,80,118,54108,0.501,0,24.6,15.28,1.29,3.901,7,31,0,6,1.13,0,0,1.0,Benign
SEC-LOG-102679,21.3,SSH,4444,133,100726,0.729,3,48.48,58.38,3.47,3.025,23,46,4,11,1.09,0,12,0.291,Malware
SEC-LOG-102680,7.94,FTP,80,128,62829,0.678,0,31.63,18.11,5.8,3.73,7,23,0,6,0.95,0,3,0.912,Benign
SEC-LOG-102681,18.27,HTTPS,445,109,73424,0.536,0,93.08,62.5,223.79,7.443,7,68,1,12,1.06,1,101,0.295,Ransomware
SEC-LOG-102682,7.36,HTTPS,443,115,27780,0.613,0,21.36,35.49,2.92,4.368,3,48,0,5,0.98,0,1,0.826,Benign
SEC-LOG-102683,8.21,DNS,53,105,45162,0.687,0,32.34,25.64,6.26,3.163,5,22,0,8,0.96,0,3,0.829,Benign
SEC-LOG-102684,18.19,HTTPS,8080,143,48256,0.524,0,30.98,42.29,1.72,3.425,8,54,0,3,0.88,0,2,0.897,Benign
SEC-LOG-102685,20.39,TCP,443,111,59309,0.453,0,25.26,38.24,7.69,3.244,5,56,0,11,0.89,0,0,0.83,Benign
SEC-LOG-102686,3.32,UDP,8080,107,58716,0.333,0,31.04,33.53,5.58,2.681,7,34,0,4,0.96,0,2,0.952,Benign
SEC-LOG-102687,0.4,HTTPS,8080,109,33978,0.689,0,48.85,82.56,6.59,2.943,33,50,1,9,0.99,1,24,0.446,Malware
SEC-LOG-102688,9.4,SSH,8080,123,61977,0.883,0,53.54,79.85,3.05,2.62,25,19,1,5,1.04,0,14,0.394,Malware
SEC-LOG-102689,34.21,DNS,443,97,27636,0.618,0,35.68,79.53,6.32,2.886,30,42,1,7,0.94,0,22,0.412,Malware
SEC-LOG-102690,6.27,HTTP,8080,130,33734,0.918,1,59.55,51.96,1.71,3.748,28,25,2,4,1.08,1,23,0.433,Malware
SEC-LOG-102691,1.26,HTTPS,4444,132,103323,0.618,0,61.45,48.7,9.37,2.388,31,24,2,4,0.99,0,14,0.12,Malware
SEC-LOG-102692,8.33,HTTP,80,136,90575,0.582,0,23.08,37.98,1.67,4.21,5,24,0,8,0.91,0,1,0.982,Benign
SEC-LOG-102693,18.73,SSH,8080,107,34019,0.85,3,69.61,61.78,9.37,2.94,26,26,2,7,1.14,0,20,0.149,Malware
SEC-LOG-102694,0.78,UDP,443,4431,1093362,0.46,1,80.2,32.69,2.06,2.658,4,32,0,337,13.09,0,0,0.318,DDoS
SEC-LOG-102695,27.62,DNS,8080,129,39100,0.92,0,50.43,78.52,0.79,3.251,18,57,1,6,0.9,0,22,0.291,Malware
SEC-LOG-102696,9.42,HTTP,80,113,7580,0.611,2,11.93,43.47,9.22,2.808,13,78,4,3,1.01,0,4,0.262,Phishing
SEC-LOG-102697,51.8,TCP,445,112,59807,0.354,0,19.87,22.53,9.99,3.023,5,37,0,6,1.13,0,2,0.996,Benign
SEC-LOG-102698,42.77,TCP,443,119,92201,0.542,1,86.75,77.37,278.78,7.851,9,22,2,8,1.1,0,82,0.128,Ransomware
SEC-LOG-102699,10.92,TCP,443,111,84329,0.682,0,81.8,73.41,342.18,7.578,7,29,2,4,0.93,1,72,0.363,Ransomware
SEC-LOG-102700,0.77,HTTPS,4444,103,76450,0.783,0,71.55,51.24,3.23,2.255,17,45,1,7,0.9,1,19,0.404,Malware
SEC-LOG-102701,4.53,DNS,8080,4519,805998,0.477,0,93.77,25.6,8.63,3.658,5,17,0,367,4.57,0,0,0.274,DDoS
SEC-LOG-102702,6.31,HTTP,80,119,33126,0.437,0,10.62,40.5,4.9,3.492,4,55,0,11,1.02,0,0,0.998,Benign
SEC-LOG-102703,4.91,DNS,443,113,28126,0.502,2,11.25,42.73,3.76,2.023,10,32,0,11,0.98,0,1,0.975,Benign
SEC-LOG-102704,49.76,TCP,139,132,64871,0.533,0,86.5,68.88,232.6,7.87,4,37,2,8,1.05,1,84,0.436,Ransomware
SEC-LOG-102705,3.34,SMB,139,129,94538,0.433,0,73.83,76.94,255.38,7.865,2,33,1,8,1.04,1,85,0.36,Ransomware
SEC-LOG-102706,15.51,TCP,21,133,94411,0.662,0,26.73,41.03,5.88,4.123,4,40,0,6,0.9,0,0,0.899,Benign
SEC-LOG-102707,44.83,UDP,53,124,55443,0.61,0,8.63,31.09,5.73,3.329,8,25,0,10,1.07,0,2,0.982,Benign
SEC-LOG-102708,5.56,TCP,53,110,85903,0.382,0,33.74,41.71,9.85,4.189,7,28,0,12,0.92,0,1,0.889,Benign
SEC-LOG-102709,13.9,HTTPS,80,121,64848,0.416,0,31.25,18.91,9.7,2.535,8,50,0,7,1.07,0,2,0.904,Benign
SEC-LOG-102710,3.53,HTTPS,139,118,29183,0.589,0,77.48,76.81,341.98,7.602,9,37,1,7,1.07,1,90,0.327,Ransomware
SEC-LOG-102711,1.84,HTTPS,443,120,40241,0.667,1,48.96,58.13,6.6,2.901,21,37,3,9,0.86,0,19,0.449,Malware
SEC-LOG-102712,6.86,UDP,21,130,55117,0.446,0,33.82,37.96,2.59,2.303,4,41,0,11,1.11,0,2,0.85,Benign
SEC-LOG-102713,14.15,UDP,80,132,55074,0.471,0,21.45,45.17,2.93,3.712,3,47,0,5,0.9,0,2,0.809,Benign
SEC-LOG-102714,3.42,HTTPS,80,113,79405,0.35,0,23.66,48.29,6.46,3.691,4,17,0,10,0.91,0,4,0.971,Benign
SEC-LOG-102715,10.31,SMB,443,126,25499,0.681,1,27.21,44.11,3.42,3.153,3,12,0,7,1.04,0,2,0.957,Benign
SEC-LOG-102716,11.16,HTTPS,443,127,4365,0.688,1,18.91,20.99,1.35,3.261,15,95,2,11,1.1,0,1,0.174,Phishing
SEC-LOG-102717,2.23,TCP,53,4523,482591,0.658,0,94.68,45.65,7.75,4.048,4,53,0,352,9.03,0,2,0.346,DDoS
SEC-LOG-102718,2.65,SMB,139,117,50161,0.362,1,75.25,62.34,216.85,7.041,4,44,4,11,0.94,0,69,0.274,Ransomware
SEC-LOG-102719,20.6,UDP,80,133,43670,0.356,0,26.99,47.79,8.81,3.032,6,33,0,6,0.92,0,4,0.822,Benign
SEC-LOG-102720,7.51,SMB,139,126,96514,0.313,0,91.52,66.01,171.63,6.86,1,36,4,12,0.99,1,79,0.298,Ransomware
SEC-LOG-102721,1.88,HTTPS,139,114,36936,0.402,0,92.29,69.69,194.33,7.975,4,15,1,6,1.13,1,87,0.232,Ransomware
SEC-LOG-102722,23.14,SMB,443,123,42272,0.585,0,71.91,78.77,127.1,6.862,5,33,2,5,0.97,1,86,0.109,Ransomware
SEC-LOG-102723,3.45,DNS,443,101,75212,0.622,0,66.21,55.88,0.61,4.238,19,26,1,10,1.13,1,20,0.238,Malware
SEC-LOG-102724,4.71,HTTPS,80,129,39789,0.567,0,7.64,36.74,6.64,3.113,6,59,0,7,1.02,0,0,0.851,Benign
SEC-LOG-102725,9.18,HTTP,80,109,62156,0.388,0,34.66,17.34,7.56,4.288,3,38,0,7,0.94,0,2,0.851,Benign
SEC-LOG-102726,6.36,TCP,445,116,44005,0.51,0,21.52,23.61,6.73,4.081,7,47,0,8,1.13,0,2,0.864,Benign
SEC-LOG-102727,12.64,TCP,21,118,80928,0.613,0,32.51,17.8,8.11,2.46,5,49,0,7,0.94,0,0,0.854,Benign
SEC-LOG-102728,34.03,HTTP,443,135,101286,0.387,0,10.61,38.86,1.1,4.148,4,14,0,6,1.08,0,3,0.839,Benign
SEC-LOG-102729,9.49,DNS,3389,117,86117,0.678,0,40.08,48.13,7.39,4.154,27,28,1,8,1.14,0,14,0.356,Malware
SEC-LOG-102730,9.07,HTTP,443,122,3934,0.547,1,17.17,15.9,1.9,3.28,18,82,2,13,0.9,0,2,0.151,Phishing
SEC-LOG-102731,1.52,HTTP,8080,120,75883,0.74,0,74.74,61.24,9.84,3.524,28,57,1,9,0.87,0,17,0.224,Malware
SEC-LOG-102732,8.54,DNS,443,119,61418,0.319,0,27.71,48.55,4.14,4.405,3,27,0,3,0.87,0,1,0.951,Benign
SEC-LOG-102733,4.55,UDP,443,4509,1040196,0.603,0,87.19,19.1,3.52,2.746,3,38,0,362,14.45,0,2,0.081,DDoS
SEC-LOG-102734,4.48,DNS,80,4494,1006958,0.673,0,81.15,35.47,3.34,2.808,7,33,0,322,6.51,0,2,0.228,DDoS
SEC-LOG-102735,12.28,TCP,445,103,64549,0.682,0,75.46,77.13,337.38,7.259,5,35,2,6,1.14,0,93,0.308,Ransomware
SEC-LOG-102736,2.01,DNS,8080,4543,865564,0.527,0,91.95,18.44,2.65,2.731,10,27,0,378,4.04,0,4,0.312,DDoS
SEC-LOG-102737,23.58,HTTPS,4444,117,88920,0.873,0,40.53,46.04,2.21,2.106,26,16,3,9,1.02,1,15,0.152,Malware
SEC-LOG-102738,1.91,TCP,8080,4557,925248,0.514,0,76.1,44.54,9.65,3.202,6,34,0,348,4.97,0,3,0.099,DDoS
SEC-LOG-102739,16.69,HTTP,443,97,44724,0.685,0,20.16,19.19,9.16,2.972,4,22,0,4,0.98,0,1,0.823,Benign
SEC-LOG-102740,7.57,UDP,53,120,88068,0.313,0,17.1,46.27,7.26,3.426,4,31,0,8,1.12,0,1,0.842,Benign
SEC-LOG-102741,2.71,HTTPS,443,110,22887,0.663,0,20.12,33.02,6.6,2.527,3,45,0,3,1.11,0,0,0.811,Benign
SEC-LOG-102742,0.2,TCP,22,136,32065,0.476,0,19.44,30.04,6.22,4.252,7,18,0,4,1.01,0,0,0.989,Benign
SEC-LOG-102743,3.0,HTTP,3389,116,37889,0.511,0,28.11,23.17,4.62,2.201,4,23,0,10,0.96,0,4,0.896,Benign
SEC-LOG-102744,15.93,HTTPS,443,131,3795,0.592,2,11.99,37.28,6.57,2.277,18,131,2,13,0.87,0,1,0.375,Phishing
SEC-LOG-102745,14.12,TCP,8080,123,60378,0.53,0,95.9,83.2,269.59,7.561,3,35,2,11,0.87,1,77,0.431,Ransomware
SEC-LOG-102746,1.29,HTTPS,8080,130,94825,0.61,0,46.3,46.59,6.63,4.321,27,35,1,10,0.98,1,19,0.285,Malware
SEC-LOG-102747,37.45,HTTP,80,117,28306,0.437,0,15.0,46.49,9.48,4.227,5,19,0,8,0.86,0,3,0.861,Benign
SEC-LOG-102748,30.21,SMB,445,136,70314,0.519,0,74.84,83.48,134.06,7.828,9,48,1,12,0.92,1,96,0.339,Ransomware
SEC-LOG-102749,17.37,DNS,443,122,5416,0.534,2,16.7,45.29,6.61,4.011,17,60,3,15,0.91,0,5,0.063,Phishing
SEC-LOG-102750,1.2,TCP,443,134,48208,0.521,0,8.35,31.43,8.24,3.661,6,28,0,6,0.87,0,2,0.858,Benign
SEC-LOG-102751,5.52,HTTP,443,111,2091,0.469,2,16.69,29.28,1.88,4.213,14,136,3,9,1.14,0,4,0.302,Phishing
SEC-LOG-102752,4.81,UDP,443,104,59405,0.603,0,31.12,30.46,3.84,2.102,7,35,0,9,1.12,0,0,0.975,Benign
SEC-LOG-102753,14.9,HTTPS,443,123,57478,0.45,0,22.69,36.89,3.47,3.622,3,42,0,8,0.86,0,1,0.873,Benign
SEC-LOG-102754,0.22,DNS,53,4385,540782,0.589,0,74.55,49.23,2.0,3.411,5,58,0,384,4.67,0,2,0.144,DDoS
SEC-LOG-102755,10.88,TCP,445,121,41820,0.305,0,7.03,17.29,7.42,2.463,7,41,0,8,1.04,0,2,0.929,Benign
SEC-LOG-102756,65.07,DNS,3389,119,32769,0.689,0,49.97,79.39,5.93,2.989,23,45,1,6,0.97,0,20,0.329,Malware
SEC-LOG-102757,23.29,SMB,443,135,93719,0.301,0,76.38,83.82,337.65,7.822,4,55,2,7,0.9,1,76,0.3,Ransomware
SEC-LOG-102758,15.94,HTTPS,80,108,6242,0.504,6,6.97,26.85,2.82,3.007,11,87,2,2,1.02,0,2,0.21,Phishing
SEC-LOG-102759,46.62,TCP,80,108,49900,0.695,0,21.91,26.11,3.0,3.198,8,38,0,3,1.1,0,3,0.868,Benign
SEC-LOG-102760,12.28,HTTP,21,119,28448,0.528,0,10.27,29.63,7.18,3.801,5,37,0,6,0.9,0,1,0.829,Benign
SEC-LOG-102761,8.48,HTTP,445,123,40885,0.649,0,14.25,20.54,6.03,2.177,2,33,0,5,1.07,0,1,0.801,Benign
SEC-LOG-102762,14.62,HTTPS,80,108,7929,0.624,2,28.71,45.34,5.5,4.079,20,121,2,7,1.09,0,2,0.228,Phishing
SEC-LOG-102763,27.82,HTTP,443,115,83583,0.712,3,62.64,79.51,6.69,4.291,32,24,1,6,0.94,1,22,0.408,Malware
SEC-LOG-102764,17.81,TCP,443,129,41338,0.655,0,28.79,23.06,8.35,3.27,2,36,0,9,1.03,0,2,0.828,Benign
SEC-LOG-102765,0.24,TCP,80,4478,621658,0.578,0,81.54,17.47,5.24,3.063,3,37,0,356,8.14,0,1,0.312,DDoS
SEC-LOG-102766,0.8,HTTP,3389,112,81224,0.937,0,56.69,57.06,6.01,3.956,23,36,4,6,1.05,1,15,0.307,Malware
SEC-LOG-102767,8.38,TCP,80,120,49267,0.564,0,27.89,39.16,3.59,4.015,5,23,0,8,1.02,0,4,0.868,Benign
SEC-LOG-102768,2.08,DNS,8080,107,27529,0.88,3,66.57,43.03,8.34,4.158,25,46,4,12,0.97,0,13,0.256,Malware
SEC-LOG-102769,14.96,HTTPS,80,111,4876,0.672,6,7.63,41.7,2.86,3.871,7,84,2,7,1.11,0,2,0.117,Phishing
SEC-LOG-102770,1.53,UDP,22,121,61935,0.568,0,20.6,49.82,3.11,4.053,10,31,0,5,1.11,0,2,0.949,Benign
SEC-LOG-102771,18.49,HTTPS,8443,140,79649,0.596,0,30.07,34.41,6.51,3.059,4,36,0,7,1.07,0,4,0.946,Benign
SEC-LOG-102772,14.43,HTTPS,445,99,63764,0.382,0,86.79,82.94,196.6,7.613,5,51,2,8,1.12,1,83,0.438,Ransomware
SEC-LOG-102773,11.74,HTTP,443,98,24664,0.642,0,37.95,55.49,3.63,2.764,23,44,4,10,1.02,1,16,0.208,Malware
SEC-LOG-102774,4.15,HTTP,4444,123,53649,0.668,3,62.14,55.49,4.43,3.921,23,34,1,6,1.05,1,27,0.326,Malware
SEC-LOG-102775,21.55,DNS,3389,127,61667,0.622,0,63.0,43.89,8.44,4.314,19,56,2,4,1.07,1,14,0.402,Malware
SEC-LOG-102776,2.72,UDP,443,132,35065,0.668,0,14.64,16.93,1.61,2.473,2,28,0,9,0.91,0,1,0.81,Benign
SEC-LOG-102777,7.01,UDP,21,126,72115,0.522,0,12.53,27.54,5.75,2.579,5,38,0,15,0.91,0,1,0.933,Benign
SEC-LOG-102778,6.13,TCP,3389,111,74283,0.612,1,31.57,62.96,9.26,3.55,24,36,2,10,1.1,1,16,0.259,Malware
SEC-LOG-102779,6.99,HTTP,22,97,65529,0.557,0,27.88,26.72,2.55,3.787,4,38,0,5,1.01,0,4,0.927,Benign
SEC-LOG-102780,1.92,HTTPS,8080,127,38656,0.349,0,15.49,36.73,7.59,2.348,7,41,0,11,1.13,0,1,0.867,Benign
SEC-LOG-102781,1.8,HTTPS,445,131,79764,0.524,0,85.79,94.92,170.02,7.165,2,23,4,2,0.91,1,81,0.432,Ransomware
SEC-LOG-102782,0.81,DNS,443,4507,476116,0.459,0,73.21,40.59,3.57,3.48,6,15,0,337,12.68,0,1,0.055,DDoS
SEC-LOG-102783,17.71,TCP,139,114,51955,0.611,0,72.82,67.76,326.65,7.617,6,27,1,7,0.96,1,59,0.217,Ransomware
SEC-LOG-102784,1.6,TCP,445,136,57146,0.413,0,99.14,86.63,196.45,7.195,1,30,1,12,1.12,1,70,0.286,Ransomware
SEC-LOG-102785,47.29,TCP,443,131,62626,0.504,1,32.55,30.02,9.38,2.224,4,45,0,9,0.92,0,4,0.851,Benign
SEC-LOG-102786,0.16,TCP,80,4487,971949,0.394,0,79.74,31.38,7.3,3.626,3,40,0,348,12.47,0,3,0.227,DDoS
SEC-LOG-102787,103.67,HTTP,443,144,57345,0.322,0,34.43,46.49,4.81,3.785,6,39,0,6,0.87,0,3,0.996,Benign
SEC-LOG-102788,4.23,TCP,80,4476,1012039,0.397,0,65.16,28.73,6.45,3.351,2,32,0,341,8.67,0,2,0.274,DDoS
SEC-LOG-102789,0.24,DNS,443,4428,620791,0.527,0,84.55,23.92,3.27,2.807,7,40,0,373,11.79,0,4,0.174,DDoS
SEC-LOG-102790,2.94,HTTP,443,112,3770,0.415,4,28.76,28.91,9.43,3.852,22,102,3,8,1.12,0,0,0.072,Phishing
SEC-LOG-102791,2.29,UDP,80,4432,415626,0.693,0,68.33,30.47,2.15,3.378,2,55,0,361,6.19,0,1,0.157,DDoS
SEC-LOG-102792,15.81,SSH,8080,132,94332,0.843,1,36.66,79.58,2.11,2.224,27,33,2,6,0.89,1,17,0.139,Malware
SEC-LOG-102793,32.65,HTTP,443,127,37834,0.379,0,22.76,39.98,1.91,4.011,5,31,0,10,1.04,0,0,0.92,Benign
SEC-LOG-102794,8.39,TCP,3389,115,56897,0.908,0,47.02,72.52,3.52,4.257,21,24,3,10,1.02,0,13,0.305,Malware
SEC-LOG-102795,5.24,SSH,443,131,60012,0.677,3,43.46,66.97,3.56,2.845,30,19,2,13,0.87,1,9,0.33,Malware
SEC-LOG-102796,14.17,DNS,80,125,33735,0.413,0,29.61,20.11,1.06,2.212,4,57,0,6,1.15,0,3,0.984,Benign
SEC-LOG-102797,7.29,HTTPS,80,126,4061,0.51,1,13.07,15.37,4.31,4.313,12,134,6,9,1.02,0,0,0.273,Phishing
SEC-LOG-102798,4.46,TCP,22,4554,710110,0.357,0,83.24,31.91,7.14,2.472,3,21,0,354,3.66,0,3,0.318,DDoS
SEC-LOG-102799,22.18,DNS,80,110,53700,0.496,0,33.78,34.89,0.92,3.107,3,31,0,13,0.92,0,1,0.983,Benign
SEC-LOG-102800,11.77,TCP,443,131,71425,0.579,0,91.54,77.37,176.54,7.626,4,25,2,9,1.1,1,95,0.117,Ransomware
SEC-LOG-102801,4.01,TCP,443,4540,1080580,0.656,0,76.95,31.23,3.4,4.3,3,37,0,341,10.02,0,1,0.345,DDoS
SEC-LOG-102802,0.09,HTTP,443,4494,527955,0.696,0,66.33,21.55,8.24,3.433,2,31,0,361,14.43,0,3,0.151,DDoS
SEC-LOG-102803,0.83,UDP,80,4471,966271,0.461,1,91.77,48.0,8.19,2.818,7,56,0,310,8.84,0,0,0.124,DDoS
SEC-LOG-102804,11.87,HTTP,8080,105,68201,0.879,0,41.14,64.93,6.85,3.059,24,42,2,4,1.06,1,14,0.224,Malware
SEC-LOG-102805,0.55,TCP,80,4412,797013,0.398,0,69.24,38.68,6.32,4.082,4,46,0,332,5.09,0,2,0.289,DDoS
SEC-LOG-102806,0.96,TCP,445,106,30207,0.699,0,83.08,84.68,235.44,7.546,4,28,1,5,1.15,1,89,0.397,Ransomware
SEC-LOG-102807,10.04,HTTPS,443,109,48226,0.427,0,32.36,21.68,0.92,3.857,6,32,0,8,1.06,0,3,0.947,Benign
SEC-LOG-102808,18.03,HTTP,4444,127,80238,0.806,1,35.93,77.96,5.96,3.563,27,50,1,6,1.11,1,24,0.112,Malware
SEC-LOG-102809,19.06,HTTP,80,137,2312,0.396,2,16.04,36.49,8.91,2.921,11,45,4,7,1.14,0,1,0.107,Phishing
SEC-LOG-102810,28.04,TCP,443,105,70103,0.684,0,14.36,37.34,6.14,3.476,6,33,0,4,0.94,0,1,0.891,Benign
SEC-LOG-102811,4.05,HTTPS,443,124,2540,0.539,1,34.27,27.22,7.42,3.104,23,113,3,6,0.94,0,2,0.115,Phishing
SEC-LOG-102812,18.39,HTTP,80,123,5411,0.523,2,16.18,18.35,6.99,3.495,10,77,4,8,0.85,0,3,0.279,Phishing
SEC-LOG-102813,5.31,HTTPS,443,121,86539,0.314,0,8.96,17.12,1.42,2.276,4,22,0,7,0.98,0,3,0.909,Benign
SEC-LOG-102814,54.54,SSH,4444,122,38356,0.674,0,31.46,49.69,1.99,3.585,31,34,1,6,1.03,0,17,0.164,Malware
SEC-LOG-102815,15.91,TCP,139,122,66811,0.442,0,88.2,83.41,338.11,7.385,4,28,1,8,1.09,1,83,0.153,Ransomware
SEC-LOG-102816,18.36,HTTPS,4444,144,86860,0.684,3,56.09,40.68,9.8,4.238,29,39,3,8,0.95,1,17,0.313,Malware
SEC-LOG-102817,9.43,UDP,53,118,45600,0.508,1,14.0,16.92,3.48,3.79,4,51,0,8,0.87,0,1,0.935,Benign
SEC-LOG-102818,0.64,TCP,3389,112,50784,0.676,0,22.61,26.32,8.34,3.761,4,38,0,6,1.06,0,5,0.971,Benign
SEC-LOG-102819,5.41,HTTP,443,142,56827,0.492,0,20.2,33.46,1.08,4.243,4,32,0,5,1.01,0,1,0.89,Benign
SEC-LOG-102820,1.68,TCP,443,4484,567286,0.371,0,72.05,24.38,7.53,2.222,6,12,0,356,14.59,0,1,0.306,DDoS
SEC-LOG-102821,4.79,HTTP,80,115,36431,0.587,2,5.96,42.97,5.36,2.29,5,41,0,9,1.12,0,1,0.895,Benign
SEC-LOG-102822,3.67,HTTP,80,129,7697,0.634,1,6.39,30.31,7.36,2.659,14,67,2,8,1.07,0,2,0.39,Phishing
SEC-LOG-102823,6.84,HTTPS,445,131,43511,0.665,0,30.21,43.72,5.4,2.16,2,32,0,4,0.91,0,3,0.959,Benign
SEC-LOG-102824,18.42,SSH,445,108,34712,0.572,1,32.07,47.79,6.0,2.371,6,22,0,9,1.14,0,2,0.809,Benign
SEC-LOG-102825,7.47,TCP,443,103,31275,0.502,1,73.59,70.9,340.2,7.45,5,41,2,8,0.98,0,89,0.127,Ransomware
SEC-LOG-102826,11.78,HTTP,80,129,4699,0.347,4,27.09,42.07,6.83,3.038,24,89,2,5,1.02,0,1,0.162,Phishing
SEC-LOG-102827,14.06,TCP,445,107,34371,0.585,0,27.96,46.82,5.42,4.274,4,38,0,2,1.12,0,1,0.81,Benign
SEC-LOG-102828,64.83,DNS,8080,130,37727,0.815,3,68.99,59.44,5.92,2.862,29,24,2,11,0.96,1,7,0.422,Malware
SEC-LOG-102829,7.84,HTTP,80,129,88406,0.413,0,29.12,44.89,2.48,2.93,2,24,0,9,1.12,0,3,0.866,Benign
SEC-LOG-102830,58.49,HTTPS,4444,101,43087,0.904,0,62.73,56.84,3.03,4.389,19,26,2,7,1.02,1,22,0.424,Malware
SEC-LOG-102831,10.34,HTTP,443,139,3960,0.617,2,34.46,23.55,6.43,2.066,16,62,2,6,1.02,0,3,0.242,Phishing
SEC-LOG-102832,4.34,SSH,443,131,99318,0.459,0,10.41,38.35,6.74,3.23,5,10,0,11,1.1,0,1,0.865,Benign
SEC-LOG-102833,3.66,HTTP,445,132,104419,0.685,0,22.3,21.25,6.63,4.248,2,57,0,8,0.88,0,1,0.858,Benign
SEC-LOG-102834,2.82,TCP,80,132,92772,0.407,0,32.63,41.48,7.8,3.716,1,51,0,7,0.97,0,4,0.829,Benign
SEC-LOG-102835,2.83,UDP,53,4583,725433,0.302,0,82.31,18.8,1.1,3.62,7,25,0,350,6.28,0,0,0.128,DDoS
SEC-LOG-102836,4.05,TCP,80,4499,860541,0.546,1,84.07,45.66,2.96,3.611,7,28,0,345,5.5,0,1,0.179,DDoS
SEC-LOG-102837,12.13,HTTP,80,111,78039,0.529,0,13.73,28.31,8.56,2.129,7,34,0,11,1.08,0,1,0.968,Benign
SEC-LOG-102838,12.53,SMB,445,132,75829,0.456,0,86.69,70.53,149.44,7.361,2,36,2,9,1.1,1,90,0.258,Ransomware
SEC-LOG-102839,6.58,UDP,443,142,28891,0.477,0,32.48,40.53,8.7,3.845,3,42,0,6,0.86,0,2,0.968,Benign
SEC-LOG-102840,7.32,HTTPS,80,127,97739,0.47,0,17.8,49.07,4.61,3.75,8,44,0,11,1.08,0,5,0.873,Benign
SEC-LOG-102841,11.91,TCP,139,126,43036,0.336,0,76.13,84.34,222.26,6.996,8,42,2,10,0.96,1,91,0.39,Ransomware
SEC-LOG-102842,3.34,UDP,80,4491,1052546,0.576,0,81.39,19.93,2.31,3.203,3,33,0,362,10.3,0,2,0.342,DDoS
SEC-LOG-102843,3.99,UDP,443,4364,721185,0.511,0,90.99,32.07,3.13,2.734,2,24,0,367,8.89,0,2,0.065,DDoS
SEC-LOG-102844,17.66,DNS,443,132,34417,0.871,3,50.57,42.41,9.22,4.105,22,26,1,11,1.03,0,14,0.176,Malware
SEC-LOG-102845,25.29,DNS,8080,121,50479,0.301,0,16.21,20.39,7.26,2.67,3,23,0,7,0.9,0,0,0.834,Benign
SEC-LOG-102846,2.62,SMB,139,112,75376,0.391,0,93.82,67.51,339.28,7.451,11,56,1,6,1.07,1,80,0.122,Ransomware
SEC-LOG-102847,13.51,TCP,22,129,45289,0.34,0,18.58,48.83,3.6,4.128,6,55,0,6,0.9,0,0,0.812,Benign
SEC-LOG-102848,12.52,HTTPS,443,112,65184,0.899,5,56.48,40.45,4.59,2.917,25,30,1,7,1.02,0,16,0.147,Malware
SEC-LOG-102849,24.77,DNS,8080,110,75093,0.591,0,31.95,28.94,3.89,2.368,3,40,0,5,0.86,0,3,0.935,Benign
SEC-LOG-102850,16.56,HTTP,443,131,2871,0.578,2,15.31,30.73,4.64,2.291,19,104,4,9,0.93,0,1,0.251,Phishing
SEC-LOG-102851,26.5,UDP,443,119,68777,0.64,0,26.49,34.45,0.72,3.795,5,18,0,3,0.88,0,1,0.928,Benign
SEC-LOG-102852,5.34,DNS,80,129,38613,0.572,0,24.65,40.43,6.62,2.908,7,37,0,4,1.1,0,1,0.877,Benign
SEC-LOG-102853,4.46,TCP,80,4636,1044065,0.418,0,85.66,39.85,4.47,4.223,6,10,0,331,11.47,0,1,0.222,DDoS
SEC-LOG-102854,38.83,HTTP,8080,110,51099,0.346,0,29.28,17.16,7.58,2.235,3,32,0,6,1.09,0,3,0.86,Benign
SEC-LOG-102855,6.58,TCP,8080,117,24117,0.685,0,50.34,67.83,9.01,3.407,24,18,2,7,1.05,0,15,0.346,Malware
SEC-LOG-102856,0.83,HTTPS,8080,96,23959,0.595,0,9.6,16.43,0.73,3.829,4,17,0,9,1.04,0,1,0.813,Benign
SEC-LOG-102857,6.13,UDP,443,122,65271,0.417,0,12.55,46.29,2.2,3.583,5,10,0,9,1.02,0,2,0.819,Benign
SEC-LOG-102858,17.62,TCP,443,113,25247,0.456,0,20.48,45.83,2.71,3.533,3,36,0,9,0.86,0,2,0.894,Benign
SEC-LOG-102859,43.38,UDP,53,113,39953,0.597,0,9.2,27.58,0.76,2.122,6,22,0,2,0.92,0,1,0.834,Benign
SEC-LOG-102860,2.74,SMB,8080,121,30918,0.656,1,96.5,84.0,158.33,7.748,6,12,2,9,1.12,1,86,0.467,Ransomware
SEC-LOG-102861,16.0,HTTP,53,106,44685,0.446,1,19.28,34.51,6.45,3.064,4,43,0,4,1.14,0,1,0.994,Benign
SEC-LOG-102862,4.42,DNS,8080,4488,1097122,0.576,0,71.46,19.0,5.32,3.822,7,37,0,346,4.58,0,5,0.168,DDoS
SEC-LOG-102863,2.28,DNS,3389,144,70095,0.912,3,39.59,47.46,8.28,2.014,26,35,4,8,0.88,1,14,0.112,Malware
SEC-LOG-102864,13.54,HTTPS,22,119,64871,0.81,0,41.81,77.65,7.15,2.533,22,46,4,5,1.04,1,18,0.164,Malware
SEC-LOG-102865,13.61,TCP,22,114,51942,0.651,5,69.56,63.52,8.2,3.715,24,39,1,8,0.94,1,19,0.341,Malware
SEC-LOG-102866,0.22,TCP,22,114,50152,0.711,3,71.65,82.85,2.92,4.209,28,37,1,4,0.87,1,15,0.168,Malware
SEC-LOG-102867,11.66,TCP,443,127,85455,0.302,0,84.42,60.06,283.63,7.617,3,20,2,8,1.05,0,76,0.164,Ransomware
SEC-LOG-102868,11.53,DNS,443,135,75878,0.516,0,28.68,26.84,6.13,3.139,6,33,0,10,0.88,0,4,0.805,Benign
SEC-LOG-102869,2.67,UDP,80,111,31895,0.556,0,14.17,35.95,8.01,3.002,3,19,0,3,1.0,0,3,0.974,Benign
SEC-LOG-102870,1.25,HTTPS,139,130,100172,0.615,0,85.78,69.27,204.31,7.26,5,39,2,6,1.05,1,80,0.305,Ransomware
SEC-LOG-102871,4.67,TCP,80,4533,530209,0.339,0,92.95,15.59,5.88,3.71,3,39,0,346,12.39,0,5,0.341,DDoS
SEC-LOG-102872,7.25,SMB,8080,115,81215,0.361,0,86.93,86.51,286.42,6.965,6,38,4,3,0.99,1,98,0.282,Ransomware
SEC-LOG-102873,23.56,DNS,443,126,75058,0.936,0,32.08,78.07,7.71,3.009,21,29,3,5,1.09,0,15,0.255,Malware
SEC-LOG-102874,11.26,SMB,445,134,36585,0.639,0,79.52,68.13,81.67,7.406,5,38,2,12,1.05,1,91,0.226,Ransomware
SEC-LOG-102875,19.5,HTTPS,8080,139,66669,0.716,0,51.28,78.6,6.08,3.787,19,33,1,10,1.04,0,13,0.316,Malware
SEC-LOG-102876,42.3,HTTP,8080,100,41727,0.911,0,45.61,77.36,3.23,3.709,31,17,3,5,1.07,0,12,0.14,Malware
SEC-LOG-102877,22.76,TCP,22,114,79809,0.402,0,21.87,20.21,4.64,2.018,2,44,0,9,1.08,0,2,0.93,Benign
SEC-LOG-102878,16.51,DNS,443,121,29319,0.659,5,54.58,40.37,7.0,3.218,33,34,2,2,0.98,1,25,0.341,Malware
SEC-LOG-102879,10.43,HTTP,53,132,67000,0.576,0,12.84,41.24,8.62,2.59,3,27,0,10,1.06,0,3,0.82,Benign
SEC-LOG-102880,4.23,SSH,3389,116,34226,0.366,0,19.72,38.73,8.73,3.811,5,51,0,7,0.96,0,0,0.876,Benign
SEC-LOG-102881,3.64,HTTPS,445,122,50174,0.411,0,98.06,80.43,111.42,7.26,4,16,1,5,1.03,1,105,0.306,Ransomware
SEC-LOG-102882,4.16,HTTPS,80,113,26563,0.325,0,5.84,16.35,2.73,2.947,5,38,0,5,1.08,0,1,0.909,Benign
SEC-LOG-102883,18.07,TCP,80,117,92373,0.424,0,22.6,47.67,2.66,2.577,7,36,0,5,1.03,0,2,0.907,Benign
SEC-LOG-102884,5.23,TCP,80,103,78731,0.556,0,21.96,32.74,3.81,2.513,4,26,0,7,0.96,0,5,0.808,Benign
SEC-LOG-102885,2.78,TCP,443,4489,510860,0.626,0,89.31,44.84,5.18,2.307,5,35,0,355,6.73,0,0,0.112,DDoS
SEC-LOG-102886,11.89,TCP,8080,132,97220,0.86,0,59.52,66.59,0.68,3.69,28,35,1,8,1.05,1,11,0.254,Malware
SEC-LOG-102887,10.12,DNS,4444,130,53256,0.675,3,69.37,49.93,0.58,3.368,22,34,3,8,1.11,1,21,0.3,Malware
SEC-LOG-102888,8.34,SMB,445,143,75554,0.526,0,84.26,82.41,113.41,7.19,8,10,1,10,0.88,1,84,0.264,Ransomware
SEC-LOG-102889,10.89,SMB,8080,113,60431,0.642,0,78.96,86.23,248.11,7.502,3,44,1,5,1.06,0,86,0.295,Ransomware
SEC-LOG-102890,3.83,UDP,443,124,79651,0.664,0,20.36,22.91,0.66,4.478,5,52,0,4,0.95,0,4,0.806,Benign
SEC-LOG-102891,15.79,DNS,80,120,3243,0.36,6,14.94,26.0,1.23,4.309,12,75,3,12,1.03,0,3,0.281,Phishing
SEC-LOG-102892,6.12,TCP,8080,131,38134,0.39,0,84.8,61.28,349.26,7.267,3,54,2,9,0.9,1,74,0.224,Ransomware
SEC-LOG-102893,7.28,HTTP,80,124,3258,0.559,2,25.78,36.08,2.78,2.065,15,108,2,3,1.07,0,1,0.358,Phishing
SEC-LOG-102894,3.69,HTTP,443,123,38328,0.688,0,11.9,49.71,6.72,2.768,3,35,0,13,0.96,0,4,0.852,Benign
SEC-LOG-102895,16.57,SMB,139,140,84883,0.498,0,85.16,73.84,275.06,7.638,3,25,2,6,1.11,1,85,0.358,Ransomware
SEC-LOG-102896,3.45,TCP,8080,115,57386,0.795,1,69.68,72.8,7.78,4.374,22,34,2,11,0.9,1,17,0.176,Malware
SEC-LOG-102897,4.35,UDP,80,119,92245,0.314,0,29.71,40.81,5.38,3.129,3,13,0,5,0.97,0,2,0.903,Benign
SEC-LOG-102898,22.15,HTTP,8080,128,45477,0.827,0,69.52,63.9,9.13,2.117,28,28,2,9,0.95,0,13,0.179,Malware
SEC-LOG-102899,11.44,TCP,53,107,31767,0.377,0,6.69,34.85,7.22,4.243,7,37,0,9,1.01,0,0,0.917,Benign
SEC-LOG-102900,17.91,SMB,80,101,52170,0.534,0,22.46,24.6,9.61,2.403,4,45,0,9,0.85,0,2,0.823,Benign
SEC-LOG-102901,15.99,SMB,445,125,74328,0.662,0,89.89,91.09,132.65,6.988,7,33,1,10,1.12,1,93,0.136,Ransomware
SEC-LOG-102902,0.12,TCP,22,125,68181,0.593,0,22.07,27.14,5.57,2.485,6,20,0,9,1.02,0,2,0.836,Benign
SEC-LOG-102903,0.4,TCP,22,116,75508,0.649,3,39.53,45.64,2.0,2.48,24,12,4,11,0.99,1,17,0.128,Malware
SEC-LOG-102904,34.45,TCP,443,122,34733,0.651,1,72.93,45.02,1.83,2.45,21,40,1,11,1.1,0,19,0.155,Malware
SEC-LOG-102905,3.88,HTTP,443,128,31641,0.472,0,29.77,36.97,8.92,3.378,2,35,0,5,0.86,0,4,0.976,Benign
SEC-LOG-102906,0.72,TCP,443,4510,986209,0.679,0,65.25,21.84,3.12,3.693,4,43,0,373,6.83,0,2,0.324,DDoS
SEC-LOG-102907,58.27,TCP,80,133,37177,0.428,0,23.84,34.87,6.0,2.607,6,16,0,5,1.09,0,2,0.942,Benign
SEC-LOG-102908,5.56,HTTP,80,117,45381,0.33,0,23.3,38.84,9.12,2.937,5,20,0,6,1.07,0,3,0.949,Benign
SEC-LOG-102909,2.0,HTTP,443,128,65447,0.575,0,29.18,32.13,1.27,3.495,1,26,0,6,1.13,0,0,0.966,Benign
SEC-LOG-102910,13.76,TCP,21,111,32723,0.35,0,34.18,35.36,1.69,4.0,6,17,0,8,1.13,0,3,0.894,Benign
SEC-LOG-102911,36.43,DNS,53,115,38663,0.383,0,23.52,18.3,4.98,3.696,5,50,0,10,0.88,0,1,0.876,Benign
SEC-LOG-102912,15.57,HTTPS,80,120,4353,0.599,4,9.31,22.01,7.4,2.426,7,84,2,7,0.91,0,1,0.15,Phishing
SEC-LOG-102913,1.15,UDP,80,4396,749357,0.633,0,77.04,26.25,8.98,3.679,4,32,0,396,7.89,0,3,0.17,DDoS
SEC-LOG-102914,37.5,UDP,443,137,99728,0.607,0,14.89,23.02,4.84,3.277,7,41,0,7,1.12,0,2,0.923,Benign
SEC-LOG-102915,4.91,HTTP,80,128,4849,0.49,1,13.66,45.3,1.6,2.933,24,60,3,7,1.01,0,2,0.247,Phishing
SEC-LOG-102916,5.5,HTTPS,443,94,2579,0.694,2,6.55,45.67,1.55,3.139,18,61,3,9,1.11,0,3,0.328,Phishing
SEC-LOG-102917,65.41,TCP,445,130,65172,0.418,0,79.01,78.04,296.71,7.452,3,35,2,6,0.91,1,80,0.226,Ransomware
SEC-LOG-102918,3.68,TCP,8080,124,25529,0.606,1,65.68,66.69,1.99,4.338,26,21,1,6,1.07,1,16,0.159,Malware
SEC-LOG-102919,1.64,UDP,22,108,55716,0.333,1,16.15,41.83,4.65,2.31,3,32,0,7,1.13,0,1,0.809,Benign
SEC-LOG-102920,6.33,HTTP,443,130,55792,0.388,0,31.81,29.23,7.34,3.223,4,14,0,13,1.01,0,7,0.966,Benign
SEC-LOG-102921,3.37,HTTP,443,115,6094,0.389,2,5.82,47.71,8.58,3.647,17,105,6,6,1.05,0,4,0.162,Phishing
SEC-LOG-102922,7.45,SMB,445,94,51429,0.599,0,73.14,70.09,201.9,7.035,4,27,2,9,0.91,1,67,0.353,Ransomware
SEC-LOG-102923,66.49,HTTP,80,127,57977,0.409,0,25.21,15.0,3.93,2.982,1,32,0,6,1.03,0,2,0.973,Benign
SEC-LOG-102924,19.28,HTTP,22,130,63822,0.541,0,34.98,42.03,6.83,4.078,4,15,0,12,1.1,0,1,0.873,Benign
SEC-LOG-102925,2.65,TCP,443,4486,424109,0.682,0,68.26,39.8,0.76,2.731,5,35,0,355,13.71,0,3,0.105,DDoS
SEC-LOG-102926,4.21,TCP,139,118,38655,0.657,0,80.43,73.89,284.22,6.874,4,36,2,5,0.93,1,88,0.431,Ransomware
SEC-LOG-102927,3.16,TCP,53,4475,584228,0.368,1,70.5,46.84,5.37,3.89,9,18,0,359,14.29,0,1,0.249,DDoS
SEC-LOG-102928,2.03,TCP,443,131,88844,0.508,0,81.07,62.54,295.31,7.177,2,29,2,5,0.98,1,83,0.219,Ransomware
SEC-LOG-102929,43.63,SSH,443,124,72288,0.526,0,33.84,20.73,6.93,3.64,3,37,0,9,0.95,0,2,0.915,Benign
SEC-LOG-102930,13.51,HTTP,8080,125,74038,0.673,0,53.09,50.85,6.91,2.37,34,17,3,7,0.99,0,29,0.171,Malware
SEC-LOG-102931,3.42,HTTPS,80,124,5093,0.485,4,15.6,33.12,2.2,3.232,20,107,3,10,0.97,0,1,0.11,Phishing
SEC-LOG-102932,16.83,DNS,53,116,63633,0.394,0,30.7,43.36,2.25,2.958,8,27,0,7,1.07,0,1,0.986,Benign
SEC-LOG-102933,3.37,HTTP,4444,111,82108,0.923,0,54.37,72.7,4.06,2.795,19,28,2,16,1.08,0,19,0.256,Malware
SEC-LOG-102934,12.43,HTTP,443,115,7823,0.379,1,19.92,34.4,2.53,3.057,16,92,2,9,0.88,0,2,0.073,Phishing
SEC-LOG-102935,13.22,HTTP,443,132,47158,0.583,0,23.32,19.53,8.11,2.777,8,47,0,5,1.1,0,1,0.999,Benign
SEC-LOG-102936,30.72,SMB,445,98,44638,0.509,0,95.77,63.58,238.56,6.913,2,34,1,10,1.08,0,86,0.446,Ransomware
SEC-LOG-102937,15.75,TCP,443,126,87149,0.893,1,33.44,45.44,2.76,2.492,13,16,2,10,1.06,0,15,0.257,Malware
SEC-LOG-102938,2.9,TCP,53,4552,433437,0.659,0,90.91,25.79,6.1,3.73,3,23,0,302,8.56,0,2,0.346,DDoS
SEC-LOG-102939,0.4,DNS,443,134,53058,0.525,0,7.23,15.14,9.63,4.145,8,44,0,4,0.91,0,2,0.85,Benign
SEC-LOG-102940,23.95,UDP,80,124,65348,0.435,0,18.3,35.96,3.39,3.114,2,44,0,8,1.08,0,2,0.928,Benign
SEC-LOG-102941,5.58,HTTPS,443,115,1784,0.69,4,30.55,46.47,6.98,3.186,12,119,3,10,1.0,0,4,0.389,Phishing
SEC-LOG-102942,11.7,TCP,80,96,31708,0.325,0,8.02,25.83,6.63,2.269,3,19,0,9,1.0,0,3,0.962,Benign
SEC-LOG-102943,3.43,HTTP,80,121,4523,0.442,1,7.61,26.04,2.5,4.242,7,120,2,8,0.89,0,4,0.187,Phishing
SEC-LOG-102944,13.37,TCP,8080,113,23054,0.587,0,85.46,72.36,112.74,7.254,4,30,1,10,0.98,1,72,0.391,Ransomware
SEC-LOG-102945,14.12,DNS,445,104,65851,0.442,0,9.15,49.0,1.55,3.706,8,33,0,14,0.88,0,7,0.844,Benign
SEC-LOG-102946,1.81,HTTP,443,115,65166,0.762,0,74.24,70.32,8.34,3.389,26,50,4,10,0.99,0,17,0.409,Malware
SEC-LOG-102947,27.76,HTTPS,22,113,83527,0.712,1,59.09,63.89,8.33,4.276,32,30,2,12,1.13,1,16,0.439,Malware
SEC-LOG-102948,3.37,DNS,21,123,77437,0.698,0,27.29,35.51,3.76,3.222,4,14,0,3,0.88,0,3,0.934,Benign
SEC-LOG-102949,3.13,HTTP,443,4581,459737,0.362,0,65.14,40.57,5.98,3.965,13,14,0,364,4.85,0,2,0.076,DDoS
SEC-LOG-102950,21.78,HTTPS,139,116,71848,0.623,0,83.22,90.63,154.95,7.037,3,29,2,7,0.97,0,80,0.38,Ransomware
SEC-LOG-102951,18.26,HTTPS,443,136,7764,0.659,2,34.29,27.33,4.11,2.482,8,109,4,8,0.88,0,0,0.263,Phishing
SEC-LOG-102952,4.31,HTTP,8080,115,5498,0.663,1,11.95,31.44,3.87,2.807,15,70,2,8,1.1,0,2,0.25,Phishing
SEC-LOG-102953,1.19,SSH,4444,116,90459,0.788,0,48.55,52.69,6.58,2.283,24,35,1,6,1.06,1,27,0.213,Malware
SEC-LOG-102954,2.2,UDP,80,4446,623730,0.595,0,74.56,26.08,8.24,2.233,2,49,0,351,4.07,0,1,0.111,DDoS
SEC-LOG-102955,3.54,HTTP,80,119,6656,0.486,4,23.09,26.59,3.03,3.026,18,89,3,12,0.9,0,3,0.081,Phishing
SEC-LOG-102956,15.91,HTTP,80,123,4044,0.596,4,26.47,28.42,4.38,3.363,16,87,3,13,0.91,0,2,0.279,Phishing
SEC-LOG-102957,9.98,HTTPS,139,103,75551,0.425,0,77.14,74.19,142.45,7.226,7,38,1,2,0.92,1,91,0.306,Ransomware
SEC-LOG-102958,16.7,HTTP,443,111,76700,0.401,0,13.21,20.02,9.61,2.92,11,30,0,8,1.02,0,3,0.901,Benign
SEC-LOG-102959,7.1,SMB,443,124,31642,0.502,0,82.9,69.62,335.29,7.326,6,45,1,3,1.05,1,80,0.476,Ransomware
SEC-LOG-102960,15.06,TCP,80,124,88883,0.532,0,24.95,17.89,7.7,2.764,2,28,0,13,0.87,0,1,0.922,Benign
SEC-LOG-102961,11.8,HTTP,445,121,53877,0.393,0,7.59,45.79,7.86,2.929,4,48,0,10,0.93,0,1,0.864,Benign
SEC-LOG-102962,4.54,TCP,443,115,66417,0.672,0,27.42,38.35,6.6,3.021,5,57,0,6,1.13,0,4,0.849,Benign
SEC-LOG-102963,2.28,UDP,80,4575,479261,0.415,0,93.18,39.79,3.06,3.49,7,39,0,371,12.42,0,2,0.092,DDoS
SEC-LOG-102964,10.27,HTTPS,445,116,26342,0.683,0,86.29,60.35,174.28,7.312,7,41,1,7,1.0,1,94,0.272,Ransomware
SEC-LOG-102965,7.76,HTTP,80,120,4008,0.622,4,31.05,41.62,1.8,4.172,19,91,6,8,1.12,0,1,0.105,Phishing
SEC-LOG-102966,10.27,HTTPS,443,149,3583,0.593,2,10.31,15.91,0.88,2.608,12,126,2,6,0.88,0,2,0.325,Phishing
SEC-LOG-102967,0.95,DNS,53,135,64008,0.818,5,42.12,68.94,7.93,2.145,21,24,2,15,1.13,0,19,0.231,Malware
SEC-LOG-102968,4.14,UDP,443,4523,1072426,0.469,1,72.25,42.19,9.35,3.932,4,37,0,338,7.01,0,0,0.266,DDoS
SEC-LOG-102969,5.38,SSH,8080,115,78008,0.841,1,38.45,66.01,9.17,3.929,29,21,2,8,1.12,1,17,0.103,Malware
SEC-LOG-102970,48.6,TCP,80,121,48906,0.538,0,6.49,16.86,5.26,2.263,7,37,0,11,0.85,0,4,0.933,Benign
SEC-LOG-102971,9.55,TCP,80,113,34794,0.547,1,26.06,33.3,5.62,3.436,6,45,0,5,1.06,0,0,0.925,Benign
SEC-LOG-102972,17.53,SMB,445,112,37186,0.633,0,85.39,65.62,120.97,7.097,7,36,2,10,1.02,1,79,0.379,Ransomware
SEC-LOG-102973,9.67,HTTP,80,117,5187,0.563,4,10.61,38.1,3.87,3.273,21,116,2,6,1.03,0,6,0.331,Phishing
SEC-LOG-102974,1.82,UDP,443,118,89952,0.417,0,27.29,36.98,1.18,2.113,2,26,0,6,0.98,0,2,0.875,Benign
SEC-LOG-102975,32.19,HTTP,443,136,79208,0.302,0,24.52,46.85,4.82,4.393,3,27,0,5,1.06,0,2,0.935,Benign
SEC-LOG-102976,34.07,TCP,445,126,97275,0.537,0,99.4,76.93,254.91,7.095,6,38,1,9,1.01,1,92,0.239,Ransomware
SEC-LOG-102977,0.85,HTTP,22,117,39323,0.503,0,14.25,27.52,2.66,3.195,4,34,0,7,0.86,0,1,0.857,Benign
SEC-LOG-102978,17.18,HTTPS,443,107,5072,0.362,1,19.36,23.77,5.51,2.404,14,89,4,9,1.11,0,2,0.297,Phishing
SEC-LOG-102979,2.25,UDP,53,4474,950064,0.303,0,88.03,25.48,5.77,2.611,6,24,0,360,7.46,0,3,0.186,DDoS
SEC-LOG-102980,8.34,TCP,8080,113,36527,0.937,0,37.94,56.53,6.64,3.313,27,11,3,8,1.09,1,16,0.183,Malware
SEC-LOG-102981,4.08,HTTP,3389,115,51100,0.599,1,30.7,20.02,9.53,3.839,6,46,0,7,0.88,0,2,0.985,Benign
SEC-LOG-102982,4.65,DNS,443,111,1619,0.472,1,7.53,47.92,7.96,4.002,15,49,3,7,0.88,0,1,0.395,Phishing
SEC-LOG-102983,1.82,TCP,139,129,43828,0.447,0,83.83,60.36,224.47,7.923,5,49,2,10,0.98,0,72,0.448,Ransomware
SEC-LOG-102984,6.18,TCP,8080,117,93491,0.777,0,60.11,65.46,2.44,2.257,28,46,3,7,1.03,1,15,0.251,Malware
SEC-LOG-102985,4.94,TCP,53,4528,791173,0.313,0,75.64,15.99,8.37,4.096,0,38,0,357,13.43,0,1,0.139,DDoS
SEC-LOG-102986,35.87,DNS,443,131,26271,0.589,0,31.33,32.2,7.67,4.119,3,40,0,9,1.01,0,1,0.904,Benign
SEC-LOG-102987,23.36,TCP,8080,130,56079,0.839,0,63.02,78.08,6.49,2.622,32,52,3,9,0.86,1,17,0.149,Malware
SEC-LOG-102988,14.06,HTTPS,443,109,6314,0.528,4,12.61,31.89,6.61,3.685,15,128,3,5,1.0,0,2,0.163,Phishing
SEC-LOG-102989,11.77,TCP,443,132,62806,0.689,1,82.2,68.55,309.18,7.446,5,14,1,7,0.92,1,80,0.106,Ransomware
SEC-LOG-102990,1.69,TCP,3389,131,54650,0.315,0,24.94,47.29,3.43,2.651,5,52,0,9,0.93,0,6,0.921,Benign
SEC-LOG-102991,6.16,TCP,443,98,63277,0.341,0,85.31,92.68,199.64,7.689,4,31,4,8,1.02,1,91,0.26,Ransomware
SEC-LOG-102992,8.11,TCP,8080,112,40956,0.658,0,49.58,46.53,8.89,2.027,27,19,3,10,1.01,0,22,0.425,Malware
SEC-LOG-102993,32.7,TCP,53,110,46304,0.443,1,8.99,16.18,7.94,3.919,7,23,0,9,0.93,0,2,0.884,Benign
SEC-LOG-102994,12.06,HTTP,53,122,52693,0.687,0,15.57,47.3,4.69,4.39,7,42,0,6,0.96,0,1,0.911,Benign
SEC-LOG-102995,27.3,TCP,139,115,91653,0.344,0,91.24,89.97,282.83,7.473,5,41,4,11,0.92,0,84,0.193,Ransomware
SEC-LOG-102996,4.94,HTTPS,25,98,68399,0.303,0,33.56,33.62,6.18,2.283,5,53,0,8,0.9,0,0,0.923,Benign
SEC-LOG-102997,17.28,TCP,445,111,81983,0.548,0,9.58,28.34,2.33,4.373,6,14,0,8,1.01,0,1,0.801,Benign
SEC-LOG-102998,2.19,HTTPS,80,120,40874,0.532,0,6.5,17.55,7.42,3.088,3,19,0,6,1.04,0,2,0.969,Benign
SEC-LOG-102999,15.36,HTTPS,139,120,75818,0.62,0,78.54,82.05,257.47,6.975,5,21,4,4,0.92,1,65,0.124,Ransomware
SEC-LOG-103000,17.35,HTTPS,443,120,4942,0.429,6,32.79,19.49,4.73,2.047,14,71,3,8,1.02,0,4,0.071,Phishing
SEC-LOG-103001,29.91,SMB,445,104,28864,0.375,0,80.94,68.67,147.96,7.237,2,36,2,6,1.11,0,75,0.268,Ransomware
SEC-LOG-103002,11.49,TCP,80,125,80663,0.504,0,16.93,33.76,1.2,3.76,7,33,0,5,1.1,0,3,0.873,Benign
SEC-LOG-103003,14.28,HTTP,443,125,6599,0.497,4,25.44,16.32,3.15,4.084,11,112,3,3,1.04,0,3,0.238,Phishing
SEC-LOG-103004,13.84,HTTP,8080,114,23159,0.661,3,38.24,63.31,2.8,2.326,26,60,3,11,1.07,1,18,0.233,Malware
SEC-LOG-103005,3.34,SMB,139,124,50891,0.437,0,88.68,88.15,115.14,7.619,4,63,2,12,0.97,1,78,0.254,Ransomware
SEC-LOG-103006,2.06,DNS,53,4522,368308,0.61,0,85.64,40.85,6.55,2.169,7,30,0,349,4.38,0,2,0.168,DDoS
SEC-LOG-103007,19.06,HTTPS,8080,117,54740,0.616,0,16.21,16.22,1.81,3.16,4,33,0,7,0.98,0,1,0.924,Benign
SEC-LOG-103008,11.76,HTTPS,443,110,4429,0.686,2,31.1,39.45,4.48,2.108,18,121,3,6,0.93,0,1,0.117,Phishing
SEC-LOG-103009,22.48,TCP,3389,101,66791,0.503,0,28.45,27.52,5.16,3.186,1,34,0,5,0.93,0,3,0.829,Benign
SEC-LOG-103010,0.68,TCP,8080,113,72714,0.727,0,69.45,84.6,7.14,3.685,17,35,1,9,1.02,1,23,0.167,Malware
SEC-LOG-103011,5.05,TCP,53,138,32286,0.326,0,10.83,22.81,1.65,3.721,5,31,0,3,0.94,0,2,0.811,Benign
SEC-LOG-103012,22.27,HTTP,8080,125,93428,0.307,0,27.2,43.92,6.31,2.909,6,27,0,12,1.09,0,1,0.978,Benign
SEC-LOG-103013,47.65,HTTPS,443,123,67253,0.549,0,30.94,28.7,1.99,4.439,9,27,0,5,0.91,0,4,0.803,Benign
SEC-LOG-103014,11.0,HTTPS,443,108,6551,0.377,2,16.11,27.9,5.4,4.404,12,110,2,8,1.04,0,2,0.148,Phishing
SEC-LOG-103015,71.51,DNS,53,112,36834,0.609,0,34.94,20.24,6.75,2.948,5,38,0,5,0.88,0,0,0.847,Benign
SEC-LOG-103016,14.19,HTTPS,443,95,3177,0.545,6,9.17,18.27,4.04,2.474,12,116,4,11,1.14,0,2,0.077,Phishing
SEC-LOG-103017,2.81,HTTP,8080,116,47044,0.742,0,53.01,61.95,1.08,3.916,14,22,1,7,0.99,1,23,0.409,Malware
SEC-LOG-103018,0.84,UDP,8080,121,89947,0.685,0,33.35,39.35,1.94,3.734,10,25,0,10,0.98,0,0,0.876,Benign
SEC-LOG-103019,49.36,SMB,139,110,80750,0.636,0,86.16,83.83,270.53,7.831,3,51,4,8,1.09,1,88,0.414,Ransomware
SEC-LOG-103020,34.1,DNS,22,131,34051,0.564,0,7.32,34.71,8.8,2.153,7,32,0,10,0.97,0,5,0.907,Benign
SEC-LOG-103021,7.91,TCP,8080,131,87505,0.789,3,31.58,78.29,9.37,3.415,24,44,2,6,0.92,0,21,0.222,Malware
SEC-LOG-103022,17.77,HTTPS,443,117,5295,0.672,2,10.68,47.36,1.61,4.046,18,110,2,13,1.15,0,3,0.093,Phishing
SEC-LOG-103023,29.51,HTTP,80,132,69548,0.326,0,16.66,24.53,5.33,3.99,3,34,0,6,1.12,0,3,0.806,Benign
SEC-LOG-103024,2.45,HTTPS,445,146,107825,0.403,0,15.0,18.73,4.06,2.775,7,35,0,8,0.86,0,1,0.979,Benign
SEC-LOG-103025,6.97,HTTPS,443,111,57122,0.601,1,28.07,47.91,9.8,2.803,7,14,0,7,1.11,0,1,0.875,Benign
SEC-LOG-103026,1.01,DNS,443,4575,1013480,0.561,0,78.39,21.67,1.8,3.861,6,40,0,348,10.15,0,1,0.061,DDoS
SEC-LOG-103027,16.5,HTTP,443,110,3187,0.472,1,22.21,16.45,6.55,2.749,15,121,6,14,0.99,0,0,0.057,Phishing
SEC-LOG-103028,5.36,HTTPS,8080,123,6193,0.509,4,30.83,26.57,4.66,4.178,12,118,3,7,1.1,0,1,0.175,Phishing
SEC-LOG-103029,11.61,HTTP,80,127,7934,0.661,2,24.28,41.25,8.55,2.104,19,110,4,17,1.01,0,2,0.232,Phishing
SEC-LOG-103030,11.0,DNS,53,132,51655,0.358,0,6.75,45.04,5.66,4.466,5,27,0,9,1.01,0,2,0.91,Benign
SEC-LOG-103031,15.88,HTTP,8080,133,73497,0.709,1,56.01,84.37,1.0,4.484,23,22,3,9,0.93,1,22,0.342,Malware
SEC-LOG-103032,8.88,HTTPS,139,139,105993,0.635,0,72.18,82.76,86.75,7.63,2,52,4,7,1.12,1,66,0.121,Ransomware
SEC-LOG-103033,1.43,TCP,443,141,86193,0.421,0,17.98,42.14,1.43,2.149,1,40,0,11,0.86,0,1,0.993,Benign
SEC-LOG-103034,4.72,UDP,80,112,52209,0.451,0,34.29,25.09,3.38,2.926,8,32,0,2,0.98,0,2,0.891,Benign
SEC-LOG-103035,21.86,HTTP,53,104,45601,0.479,1,26.07,26.94,8.7,2.217,5,18,0,8,1.12,0,1,0.881,Benign
SEC-LOG-103036,12.64,HTTPS,4444,113,43593,0.825,0,47.01,65.33,9.7,2.41,27,14,1,7,0.89,0,21,0.395,Malware
SEC-LOG-103037,4.92,TCP,22,4479,455783,0.519,0,65.22,20.57,9.93,3.491,7,29,0,339,13.76,0,3,0.097,DDoS
SEC-LOG-103038,5.04,DNS,445,131,35933,0.535,0,20.16,21.6,7.64,3.012,4,44,0,7,1.07,0,3,0.879,Benign
SEC-LOG-103039,2.02,SSH,8080,111,63408,0.803,0,50.96,73.66,5.72,4.05,22,33,2,10,1.13,0,22,0.306,Malware
SEC-LOG-103040,20.74,UDP,22,99,66434,0.491,0,33.5,30.19,3.83,3.584,5,55,0,7,1.07,0,1,0.98,Benign
SEC-LOG-103041,2.53,TCP,80,4488,494513,0.647,0,86.17,30.64,9.74,2.155,3,31,0,355,8.18,0,6,0.272,DDoS
SEC-LOG-103042,55.71,HTTP,8443,99,20733,0.582,0,5.96,16.12,4.84,2.959,3,34,0,10,1.1,0,0,0.863,Benign
SEC-LOG-103043,40.09,HTTP,443,98,65614,0.729,0,52.4,55.61,8.87,3.036,32,45,2,4,0.95,0,12,0.207,Malware
SEC-LOG-103044,18.35,HTTP,443,123,7811,0.603,2,15.23,30.62,2.23,4.415,12,101,4,9,0.87,0,5,0.15,Phishing
SEC-LOG-103045,11.13,HTTP,443,107,1754,0.575,2,27.69,35.42,2.91,2.302,8,73,3,9,1.04,0,2,0.374,Phishing
SEC-LOG-103046,10.06,HTTP,53,117,59284,0.726,0,71.17,58.01,1.59,4.395,23,52,3,7,0.91,1,20,0.373,Malware
SEC-LOG-103047,46.76,HTTP,80,124,35267,0.591,0,24.16,16.66,7.57,2.137,5,48,0,5,1.12,0,0,0.995,Benign
SEC-LOG-103048,9.2,HTTPS,8443,112,41282,0.408,0,29.1,40.6,9.61,2.358,4,26,0,5,1.13,0,1,0.913,Benign
SEC-LOG-103049,20.82,HTTP,53,111,31643,0.313,0,29.34,19.51,6.21,4.074,6,38,0,8,0.99,0,1,0.942,Benign
SEC-LOG-103050,13.62,TCP,25,131,49887,0.611,0,19.8,27.51,8.57,3.056,5,17,0,10,0.98,0,1,0.85,Benign
SEC-LOG-103051,14.58,HTTPS,8080,107,45324,0.94,0,73.31,56.78,3.33,2.334,20,14,3,6,0.99,1,21,0.174,Malware
SEC-LOG-103052,3.88,HTTPS,443,109,31818,0.351,1,19.24,44.31,1.03,3.46,10,39,0,9,1.02,0,1,0.901,Benign
SEC-LOG-103053,17.54,HTTPS,80,114,24136,0.393,0,26.7,20.59,3.56,3.869,8,55,0,6,0.97,0,3,0.849,Benign
SEC-LOG-103054,4.91,HTTP,443,110,2463,0.649,4,22.99,43.92,9.79,4.35,20,89,2,3,0.97,0,1,0.14,Phishing
SEC-LOG-103055,2.04,UDP,8080,4458,718315,0.631,0,78.2,49.05,5.44,2.614,4,30,0,331,9.89,0,3,0.215,DDoS
SEC-LOG-103056,4.0,HTTPS,443,111,4115,0.627,2,5.66,39.35,8.69,2.659,16,98,4,8,1.1,0,1,0.235,Phishing
SEC-LOG-103057,9.0,HTTPS,443,115,63699,0.568,0,31.45,40.26,1.36,2.559,5,33,0,8,0.92,0,0,0.803,Benign
SEC-LOG-103058,4.37,TCP,443,120,63940,0.626,0,6.88,22.52,2.73,4.008,10,39,0,6,0.96,0,2,0.947,Benign
SEC-LOG-103059,3.81,DNS,53,4438,529366,0.488,0,90.07,27.51,4.43,2.138,4,18,0,350,3.51,0,4,0.05,DDoS
SEC-LOG-103060,3.9,TCP,443,105,21703,0.396,2,22.12,15.31,1.72,2.48,10,37,0,7,1.14,0,1,0.95,Benign
SEC-LOG-103061,12.32,UDP,53,122,72995,0.621,1,26.22,25.62,3.61,2.78,10,30,0,14,1.03,0,0,0.924,Benign
SEC-LOG-103062,1.74,SSH,3389,113,76640,0.654,5,68.13,45.12,4.75,2.597,17,42,2,7,0.99,0,33,0.155,Malware
SEC-LOG-103063,10.38,HTTP,443,143,4719,0.326,1,34.67,30.95,6.63,3.344,18,45,2,6,1.13,0,0,0.334,Phishing
SEC-LOG-103064,13.53,HTTPS,443,117,4537,0.353,1,25.98,49.77,6.95,2.213,24,117,4,9,0.95,0,2,0.208,Phishing
SEC-LOG-103065,0.36,HTTP,443,111,31191,0.53,0,11.99,22.03,7.0,3.537,5,28,0,6,1.02,0,1,0.944,Benign
SEC-LOG-103066,10.78,SMB,443,107,26019,0.48,0,16.32,47.63,3.7,3.39,5,45,0,8,0.85,0,2,0.881,Benign
SEC-LOG-103067,3.25,UDP,443,4501,1119962,0.312,0,82.78,20.61,2.41,4.492,4,48,0,321,8.05,0,1,0.248,DDoS
SEC-LOG-103068,28.79,TCP,443,113,26381,0.436,1,19.18,44.5,1.8,4.145,5,48,0,7,0.94,0,0,0.844,Benign
SEC-LOG-103069,6.27,HTTPS,443,90,3969,0.584,4,7.35,20.18,3.16,3.251,10,80,3,5,0.99,0,1,0.241,Phishing
SEC-LOG-103070,11.66,HTTPS,8080,135,7988,0.508,2,9.04,44.18,3.77,2.381,14,93,4,12,1.1,0,3,0.169,Phishing
SEC-LOG-103071,3.09,HTTP,80,123,7807,0.452,2,23.78,16.18,6.57,4.036,20,45,6,3,0.97,0,0,0.209,Phishing
SEC-LOG-103072,18.42,DNS,53,109,27267,0.305,0,32.61,38.76,6.53,3.479,3,35,0,12,1.07,0,1,0.836,Benign
SEC-LOG-103073,34.82,HTTP,443,107,51483,0.502,0,30.44,29.61,7.1,2.336,5,32,0,16,1.0,0,6,0.878,Benign
SEC-LOG-103074,5.49,HTTPS,4444,108,66940,0.94,3,51.6,76.33,8.78,2.953,28,15,1,5,1.04,1,18,0.261,Malware
SEC-LOG-103075,4.23,TCP,445,116,80134,0.667,0,77.65,64.82,288.21,7.617,5,43,2,10,1.0,1,99,0.412,Ransomware
SEC-LOG-103076,0.16,TCP,53,4376,934380,0.623,0,76.03,27.41,5.47,3.1,6,24,0,331,6.07,0,3,0.246,DDoS
SEC-LOG-103077,2.65,DNS,8443,112,29045,0.521,1,25.44,30.77,9.71,2.6,4,27,0,7,0.85,0,1,0.826,Benign
SEC-LOG-103078,32.33,TCP,443,121,53745,0.509,1,11.66,18.32,9.88,3.234,4,50,0,5,1.07,0,1,0.99,Benign
SEC-LOG-103079,0.7,TCP,8080,4398,552234,0.432,0,83.01,48.91,5.14,3.325,5,35,0,348,11.8,0,2,0.331,DDoS
SEC-LOG-103080,5.07,HTTP,443,111,6560,0.409,6,21.11,36.7,1.02,3.664,9,75,3,11,0.86,0,5,0.256,Phishing
SEC-LOG-103081,8.83,SMB,139,144,82573,0.54,0,95.51,84.31,144.31,7.24,5,28,2,5,1.08,0,80,0.351,Ransomware
SEC-LOG-103082,78.71,HTTP,80,116,39764,0.301,0,11.88,27.41,8.7,2.893,7,15,0,5,0.91,0,2,0.999,Benign
SEC-LOG-103083,4.43,TCP,4444,95,33411,0.721,5,63.27,64.82,4.3,3.121,28,23,2,8,1.15,0,12,0.374,Malware
SEC-LOG-103084,12.27,HTTPS,443,122,2958,0.691,6,17.87,17.6,3.58,2.804,14,113,6,13,0.9,0,1,0.22,Phishing
SEC-LOG-103085,18.07,HTTP,80,121,6547,0.315,4,33.81,24.14,7.57,2.959,15,57,4,10,0.91,0,1,0.136,Phishing
SEC-LOG-103086,7.29,HTTP,443,117,44067,0.854,0,49.99,74.29,2.55,3.322,18,26,2,6,1.09,1,22,0.307,Malware
SEC-LOG-103087,34.09,DNS,443,117,48987,0.376,0,32.57,22.64,9.86,4.016,6,45,0,5,0.96,0,4,0.805,Benign
SEC-LOG-103088,6.76,DNS,4444,108,58888,0.654,0,35.18,67.1,9.18,2.367,24,36,1,8,1.02,0,24,0.407,Malware
SEC-LOG-103089,16.22,UDP,443,134,47269,0.645,0,13.58,24.68,6.98,3.767,2,15,0,8,0.89,0,0,0.946,Benign
SEC-LOG-103090,8.08,HTTPS,4444,103,62253,0.772,0,33.1,79.39,8.55,3.358,28,43,3,8,0.86,0,17,0.299,Malware
SEC-LOG-103091,1.43,TCP,8080,4536,459603,0.314,0,92.02,47.17,7.24,4.21,4,22,0,363,11.54,0,0,0.311,DDoS
SEC-LOG-103092,8.03,TCP,53,113,58576,0.552,0,25.88,23.36,9.23,3.736,2,38,0,9,1.05,0,3,0.847,Benign
SEC-LOG-103093,14.66,HTTPS,443,126,70947,0.505,0,96.46,73.67,189.83,7.914,5,43,1,8,0.89,1,94,0.417,Ransomware
SEC-LOG-103094,29.43,TCP,80,151,117802,0.347,0,5.62,19.08,8.29,2.926,7,21,0,8,1.13,0,2,0.967,Benign
SEC-LOG-103095,18.23,HTTP,80,102,7225,0.554,2,18.75,37.35,3.86,3.869,16,82,4,5,0.92,0,3,0.156,Phishing
SEC-LOG-103096,3.81,TCP,53,4592,771815,0.643,0,89.24,41.32,1.24,2.723,10,53,0,375,11.3,0,2,0.237,DDoS
SEC-LOG-103097,3.96,UDP,443,137,85902,0.388,0,10.68,23.23,2.6,2.253,13,25,0,17,0.88,0,3,0.85,Benign
SEC-LOG-103098,15.04,HTTP,445,101,41358,0.573,0,20.65,48.51,7.69,3.218,6,37,0,7,0.98,0,3,0.824,Benign
SEC-LOG-103099,3.56,HTTPS,8080,100,70983,0.675,0,45.99,53.31,3.6,4.015,27,33,1,7,1.01,0,21,0.128,Malware
SEC-LOG-103100,22.62,TCP,80,141,61993,0.329,1,15.38,41.81,6.73,3.007,2,34,0,8,0.96,0,3,0.872,Benign
SEC-LOG-103101,2.83,HTTPS,8080,135,6973,0.69,6,28.3,26.51,4.33,4.002,8,90,4,7,1.15,0,0,0.062,Phishing
SEC-LOG-103102,0.68,TCP,80,4302,922093,0.446,0,72.63,43.92,4.08,3.393,4,29,0,353,14.94,0,2,0.139,DDoS
SEC-LOG-103103,22.59,HTTPS,443,117,69879,0.869,0,71.37,83.09,7.89,3.427,34,30,1,5,1.03,0,20,0.284,Malware
SEC-LOG-103104,5.49,TCP,8080,135,50528,0.337,0,5.32,25.24,7.79,3.173,6,22,0,6,1.06,0,0,0.972,Benign
SEC-LOG-103105,27.27,HTTPS,443,138,35738,0.779,1,52.74,79.43,6.91,3.18,27,45,1,7,1.09,1,17,0.314,Malware
SEC-LOG-103106,18.77,DNS,443,105,5401,0.461,4,26.0,28.4,3.41,4.425,15,115,3,7,0.91,0,4,0.243,Phishing
SEC-LOG-103107,15.06,HTTPS,445,127,43537,0.605,0,23.44,18.15,6.18,2.026,2,41,0,9,1.06,0,4,0.896,Benign
SEC-LOG-103108,16.79,DNS,8080,110,83998,0.884,0,64.12,40.42,4.37,4.079,21,36,2,9,0.88,1,20,0.189,Malware
SEC-LOG-103109,13.5,HTTPS,80,104,6278,0.647,1,30.65,25.39,9.57,4.082,13,125,3,7,1.13,0,3,0.228,Phishing
SEC-LOG-103110,18.41,HTTP,443,110,4063,0.351,4,10.14,21.91,0.55,3.102,18,132,4,9,1.15,0,2,0.151,Phishing
SEC-LOG-103111,7.36,HTTP,443,142,77845,0.463,0,28.32,34.24,7.69,4.413,3,22,0,8,1.14,0,3,0.969,Benign
SEC-LOG-103112,16.12,HTTP,443,121,3887,0.308,2,9.42,32.63,2.83,4.244,10,113,2,5,1.06,0,2,0.396,Phishing
SEC-LOG-103113,20.6,HTTPS,443,118,62529,0.505,0,18.79,23.24,7.69,3.247,4,43,0,3,0.86,0,2,0.914,Benign
SEC-LOG-103114,9.14,DNS,53,142,103160,0.663,0,15.31,18.06,1.1,3.168,5,31,0,8,1.05,0,5,0.944,Benign
SEC-LOG-103115,10.04,HTTPS,139,104,45990,0.417,0,86.07,73.56,120.6,7.041,8,48,2,9,0.92,1,69,0.376,Ransomware
SEC-LOG-103116,13.11,HTTP,443,121,6880,0.447,1,11.67,41.21,1.36,2.678,10,78,3,6,1.07,0,1,0.258,Phishing
SEC-LOG-103117,30.85,DNS,53,104,67299,0.384,0,26.9,49.59,4.13,2.109,3,38,0,5,1.09,0,1,0.96,Benign
SEC-LOG-103118,18.96,TCP,80,102,38607,0.501,0,16.69,29.12,7.67,2.698,8,21,0,10,0.92,0,2,0.83,Benign
SEC-LOG-103119,28.54,HTTP,80,128,79525,0.382,0,33.85,18.73,3.16,4.404,8,39,0,7,1.08,0,0,0.972,Benign
SEC-LOG-103120,5.99,TCP,53,120,53711,0.421,0,18.18,40.95,9.51,2.449,5,54,0,7,1.12,0,2,0.811,Benign
SEC-LOG-103121,11.04,DNS,80,132,91638,0.345,0,15.89,39.25,1.58,2.704,7,35,0,7,0.99,0,3,0.884,Benign
SEC-LOG-103122,32.55,SMB,443,124,92092,0.666,0,10.36,19.79,7.82,3.048,4,38,0,6,1.04,0,2,0.872,Benign
SEC-LOG-103123,33.83,HTTP,8080,130,48246,0.805,1,33.99,77.14,3.28,4.063,19,26,1,11,0.89,1,21,0.411,Malware
SEC-LOG-103124,2.63,HTTP,443,123,3407,0.647,2,8.47,36.72,6.39,2.223,20,101,4,8,0.92,0,1,0.273,Phishing
SEC-LOG-103125,11.94,HTTP,443,115,1657,0.693,1,25.09,22.03,1.65,3.65,18,130,3,13,0.93,0,1,0.356,Phishing
SEC-LOG-103126,17.12,HTTP,80,133,5510,0.607,4,29.04,36.06,1.94,3.918,12,86,3,13,0.95,0,1,0.115,Phishing
SEC-LOG-103127,1.53,TCP,443,113,84233,0.337,0,12.52,33.59,4.85,3.388,3,32,0,12,1.02,0,2,0.993,Benign
SEC-LOG-103128,3.7,HTTP,53,4531,695866,0.523,0,81.13,49.85,9.12,3.229,6,21,0,361,4.0,0,0,0.276,DDoS
SEC-LOG-103129,2.29,SMB,8080,123,48009,0.669,0,97.03,67.52,124.55,7.021,4,50,4,7,1.0,1,70,0.412,Ransomware
SEC-LOG-103130,0.89,HTTPS,445,141,47007,0.668,0,92.58,78.9,305.41,7.289,7,45,4,12,0.96,0,93,0.167,Ransomware
SEC-LOG-103131,1.79,SMB,443,125,75295,0.542,0,76.45,84.66,341.39,7.636,9,46,1,14,1.06,1,83,0.279,Ransomware
SEC-LOG-103132,3.73,UDP,22,4587,1104771,0.317,0,90.65,19.75,4.7,3.848,4,35,0,351,6.11,0,2,0.132,DDoS
SEC-LOG-103133,15.29,SSH,22,96,58763,0.614,1,59.71,61.77,4.31,3.225,25,29,4,9,1.11,0,12,0.292,Malware
SEC-LOG-103134,5.8,FTP,8443,116,60044,0.589,0,6.41,17.75,3.63,3.628,6,25,0,6,0.97,0,1,0.857,Benign
SEC-LOG-103135,2.48,HTTPS,80,102,4872,0.331,6,9.94,30.16,8.72,2.931,10,85,2,5,0.91,0,3,0.305,Phishing
SEC-LOG-103136,13.76,HTTP,443,122,2551,0.612,2,13.27,46.09,4.83,3.979,15,105,3,4,1.1,0,3,0.221,Phishing
SEC-LOG-103137,4.99,HTTPS,443,131,3030,0.374,1,15.09,44.31,3.45,4.466,19,126,2,9,1.06,0,0,0.093,Phishing
SEC-LOG-103138,21.99,HTTP,8080,104,33974,0.701,3,57.35,74.86,9.29,2.192,21,42,2,7,1.12,0,19,0.382,Malware
SEC-LOG-103139,10.96,UDP,445,115,38143,0.686,1,16.64,24.2,9.92,2.543,8,37,0,6,1.12,0,1,0.928,Benign
SEC-LOG-103140,0.26,TCP,443,106,42715,0.488,0,10.4,28.3,2.09,3.103,6,10,0,8,1.02,0,2,0.963,Benign
SEC-LOG-103141,4.03,TCP,22,4495,455157,0.468,0,66.1,44.28,4.68,4.222,4,65,0,368,9.8,0,0,0.293,DDoS
SEC-LOG-103142,15.1,HTTPS,53,125,32984,0.768,1,67.11,59.45,6.4,4.171,17,26,2,10,0.96,1,19,0.446,Malware
SEC-LOG-103143,10.72,HTTP,3389,109,40819,0.913,0,34.36,45.49,3.18,3.348,23,55,2,6,0.86,0,20,0.236,Malware
SEC-LOG-103144,14.87,DNS,443,111,41205,0.45,0,5.21,36.58,4.16,3.568,7,34,0,15,1.0,0,2,0.99,Benign
SEC-LOG-103145,0.43,HTTP,443,107,34183,0.314,0,29.86,45.44,6.38,2.846,6,41,0,3,1.11,0,4,0.983,Benign
SEC-LOG-103146,12.1,SMB,443,115,69890,0.679,0,90.88,77.63,247.39,7.77,5,29,1,7,1.0,1,99,0.487,Ransomware
SEC-LOG-103147,14.67,HTTP,80,123,5205,0.699,2,20.01,33.18,1.7,4.434,19,79,3,5,1.04,0,1,0.124,Phishing
SEC-LOG-103148,32.25,TCP,139,128,63999,0.374,0,76.84,80.43,108.72,6.848,4,27,4,5,1.05,0,101,0.348,Ransomware
SEC-LOG-103149,0.4,DNS,4444,106,52719,0.924,1,31.87,54.78,9.44,2.687,35,55,3,9,1.07,1,23,0.41,Malware
SEC-LOG-103150,17.5,HTTP,80,119,7405,0.325,4,17.53,17.13,8.54,2.115,13,73,2,7,0.99,0,2,0.06,Phishing
SEC-LOG-103151,22.59,TCP,443,113,44615,0.393,0,10.4,25.2,8.94,2.715,5,12,0,10,0.87,0,1,0.931,Benign
SEC-LOG-103152,7.1,HTTPS,443,117,4075,0.306,4,13.17,42.65,7.64,3.816,10,54,4,10,0.86,0,1,0.134,Phishing
SEC-LOG-103153,3.91,HTTPS,8080,108,44971,0.73,0,55.77,66.53,1.08,2.631,24,53,1,13,0.9,0,15,0.406,Malware
SEC-LOG-103154,9.62,TCP,8080,113,27287,0.742,0,41.59,60.67,0.96,4.1,22,36,1,7,1.01,1,20,0.366,Malware
SEC-LOG-103155,4.87,HTTPS,8080,121,4713,0.541,1,9.12,26.95,2.03,2.942,18,113,3,11,0.87,0,3,0.305,Phishing
SEC-LOG-103156,2.51,DNS,8080,4577,852843,0.564,1,94.82,38.38,4.87,3.028,3,22,0,339,4.87,0,1,0.153,DDoS
SEC-LOG-103157,7.34,DNS,3389,133,31444,0.41,0,24.98,24.11,8.15,3.272,7,27,0,7,0.88,0,1,0.894,Benign
SEC-LOG-103158,17.22,HTTPS,445,108,25196,0.607,0,71.05,88.97,239.41,7.03,5,29,4,9,1.03,1,91,0.251,Ransomware
SEC-LOG-103159,2.08,HTTP,53,135,103445,0.696,0,7.8,34.76,6.96,2.947,9,50,0,6,1.05,0,2,0.883,Benign
SEC-LOG-103160,60.22,TCP,4444,98,33732,0.664,5,57.21,82.03,9.66,3.347,27,20,2,13,0.99,0,25,0.449,Malware
SEC-LOG-103161,2.95,TCP,80,137,69795,0.386,0,25.49,26.52,8.06,2.134,1,24,0,12,0.92,0,3,0.91,Benign
SEC-LOG-103162,67.2,HTTPS,80,120,88859,0.343,0,27.08,38.01,1.27,2.147,6,43,0,4,1.14,0,1,0.819,Benign
SEC-LOG-103163,11.26,SSH,53,123,50088,0.683,3,32.94,84.3,3.65,2.471,24,51,1,9,0.95,1,20,0.243,Malware
SEC-LOG-103164,3.18,HTTPS,80,125,32785,0.614,0,6.69,33.71,9.25,2.457,5,42,0,5,1.0,0,0,0.891,Benign
SEC-LOG-103165,2.53,HTTP,53,115,50154,0.924,0,68.46,69.24,6.08,3.891,29,25,2,4,1.11,1,19,0.171,Malware
SEC-LOG-103166,3.77,TCP,53,4429,625214,0.625,0,74.37,19.32,6.62,3.174,3,22,0,355,13.75,0,5,0.207,DDoS
SEC-LOG-103167,37.3,TCP,80,117,44645,0.69,0,8.97,43.74,2.13,2.967,2,49,0,8,1.04,0,0,0.926,Benign
SEC-LOG-103168,11.34,SMB,139,119,46430,0.448,1,80.54,89.21,132.46,7.186,12,30,2,7,0.88,1,84,0.466,Ransomware
SEC-LOG-103169,38.22,HTTPS,8080,116,56773,0.759,1,37.39,74.34,6.77,3.917,20,15,1,7,0.96,1,22,0.168,Malware
SEC-LOG-103170,2.14,HTTP,8080,134,1959,0.49,2,25.09,18.09,5.29,2.102,21,114,4,9,1.1,0,0,0.167,Phishing
SEC-LOG-103171,10.12,DNS,8080,96,31895,0.513,0,18.45,28.76,3.57,2.808,6,25,0,12,1.07,0,3,0.906,Benign
SEC-LOG-103172,2.93,UDP,53,119,31393,0.477,0,10.15,38.89,3.39,3.565,7,22,0,5,1.04,0,5,0.93,Benign
SEC-LOG-103173,4.74,HTTP,80,120,84840,0.342,0,30.94,16.69,9.4,2.175,1,40,0,4,1.12,0,3,0.999,Benign
SEC-LOG-103174,35.93,TCP,443,108,31653,0.483,0,27.63,43.85,2.99,2.118,5,53,0,8,0.96,0,1,0.98,Benign
SEC-LOG-103175,13.14,UDP,443,122,33857,0.493,0,21.42,27.71,8.42,4.365,4,34,0,2,0.94,0,2,0.985,Benign
SEC-LOG-103176,2.54,HTTPS,80,126,5067,0.49,2,16.77,22.24,8.01,2.332,13,104,3,16,0.88,0,2,0.119,Phishing
SEC-LOG-103177,27.92,SMB,139,120,90751,0.605,0,70.71,90.42,189.19,7.237,4,43,2,11,0.88,1,99,0.218,Ransomware
SEC-LOG-103178,2.71,TCP,445,116,73853,0.643,0,96.07,74.05,169.74,7.383,4,36,2,7,1.08,0,71,0.276,Ransomware
SEC-LOG-103179,14.91,HTTPS,8080,128,3490,0.644,2,9.0,41.45,1.68,2.88,8,58,3,5,1.0,0,1,0.054,Phishing
SEC-LOG-103180,49.34,UDP,443,121,94948,0.656,0,9.02,26.02,7.5,3.195,5,50,0,12,1.02,0,0,0.879,Benign
SEC-LOG-103181,6.72,SSH,443,128,78017,0.423,0,30.68,17.36,5.96,3.837,7,10,0,9,0.93,0,2,0.973,Benign
SEC-LOG-103182,34.36,SSH,445,123,39845,0.469,0,14.69,28.87,2.11,3.838,8,26,0,8,0.96,0,1,0.913,Benign
SEC-LOG-103183,30.0,HTTPS,80,117,76100,0.438,0,23.58,18.21,2.15,2.011,8,13,0,5,0.88,0,2,0.824,Benign
SEC-LOG-103184,6.59,HTTPS,8080,111,83444,0.949,1,41.37,66.65,7.66,3.884,30,27,2,6,1.13,0,26,0.17,Malware
SEC-LOG-103185,2.19,HTTP,443,125,39758,0.762,0,32.58,63.35,7.56,4.002,34,27,1,8,1.13,0,22,0.171,Malware
SEC-LOG-103186,0.56,HTTP,8080,111,24661,0.604,0,27.31,25.47,5.88,4.164,6,28,0,8,1.1,0,3,0.992,Benign
SEC-LOG-103187,1.65,UDP,443,112,67719,0.654,0,28.9,42.96,6.97,2.95,5,27,0,11,0.86,0,2,0.884,Benign
SEC-LOG-103188,16.92,TCP,139,105,28420,0.412,1,89.42,64.7,83.65,7.257,3,28,1,9,0.96,1,103,0.11,Ransomware
SEC-LOG-103189,33.63,SMB,443,127,97408,0.34,0,83.49,86.3,267.77,7.938,7,40,1,5,1.13,1,85,0.251,Ransomware
SEC-LOG-103190,11.07,UDP,80,124,34202,0.324,0,23.41,21.99,9.48,3.435,4,15,0,6,1.13,0,1,0.816,Benign
SEC-LOG-103191,2.28,TCP,80,4608,728785,0.549,1,80.96,31.75,8.72,3.581,1,33,0,354,11.56,0,2,0.326,DDoS
SEC-LOG-103192,2.43,DNS,80,4461,625241,0.318,0,86.59,44.19,5.15,3.413,6,45,0,356,11.2,0,0,0.273,DDoS
SEC-LOG-103193,0.55,TCP,8080,128,81393,0.385,0,22.78,48.14,2.84,3.315,10,38,0,5,0.86,0,0,0.856,Benign
SEC-LOG-103194,10.78,TCP,443,123,79979,0.47,0,14.66,41.25,1.18,3.287,6,44,0,18,0.92,0,1,0.897,Benign
SEC-LOG-103195,0.57,TCP,8080,111,69686,0.793,0,55.46,51.26,1.11,3.765,28,40,1,8,1.09,1,16,0.126,Malware
SEC-LOG-103196,0.13,TCP,80,4485,747645,0.366,0,82.79,36.2,5.99,2.48,3,27,0,355,10.28,0,5,0.349,DDoS
SEC-LOG-103197,8.75,HTTPS,443,140,48194,0.607,0,78.2,64.26,96.28,7.232,7,32,2,7,0.97,0,73,0.304,Ransomware
SEC-LOG-103198,2.87,SMB,3389,162,81065,0.488,0,7.2,44.05,4.6,3.713,6,31,0,9,1.04,0,2,0.873,Benign
SEC-LOG-103199,22.73,HTTPS,445,114,34952,0.542,0,24.68,40.84,2.65,4.449,4,53,0,6,1.02,0,3,0.926,Benign
SEC-LOG-103200,1.43,DNS,4444,105,71851,0.907,5,47.99,43.49,9.22,3.133,29,52,4,7,1.12,0,23,0.123,Malware
SEC-LOG-103201,0.98,SSH,4444,112,54095,0.859,0,30.68,74.0,7.65,2.31,23,27,3,7,1.1,0,14,0.145,Malware
SEC-LOG-103202,5.16,TCP,443,125,71335,0.538,0,14.19,27.18,6.65,4.089,3,45,0,4,0.91,0,3,0.897,Benign
SEC-LOG-103203,5.41,SMB,443,123,48975,0.681,0,86.55,81.2,175.94,7.923,7,28,1,8,0.85,1,84,0.418,Ransomware
SEC-LOG-103204,18.02,HTTPS,80,89,6853,0.627,6,23.57,18.54,0.57,4.453,17,80,6,10,0.94,0,0,0.12,Phishing
SEC-LOG-103205,31.66,HTTPS,443,117,39599,0.356,1,81.64,79.13,252.23,6.968,8,64,1,14,1.0,1,94,0.174,Ransomware
SEC-LOG-103206,32.83,TCP,445,117,75893,0.513,0,86.44,91.57,149.21,7.905,3,34,2,9,0.94,1,76,0.384,Ransomware
SEC-LOG-103207,18.36,HTTPS,80,113,4599,0.417,2,26.26,37.91,8.89,3.837,6,112,3,9,1.02,0,5,0.318,Phishing
SEC-LOG-103208,31.09,SSH,443,113,31597,0.691,0,35.76,67.53,3.85,2.422,24,31,3,8,1.12,1,21,0.309,Malware
SEC-LOG-103209,2.24,HTTP,443,130,7523,0.611,4,18.64,44.26,3.73,3.018,15,121,3,5,1.14,0,1,0.362,Phishing
SEC-LOG-103210,15.8,TCP,80,126,67883,0.533,0,21.74,40.96,5.6,2.508,7,49,0,4,0.94,0,1,0.819,Benign
SEC-LOG-103211,12.22,HTTP,80,121,2794,0.321,2,27.38,32.77,6.21,3.692,14,132,4,10,1.11,0,2,0.247,Phishing
SEC-LOG-103212,26.08,HTTPS,443,142,85624,0.686,0,7.87,17.56,7.3,3.825,8,21,0,10,0.98,0,1,0.983,Benign
SEC-LOG-103213,4.56,HTTP,80,133,4373,0.582,2,11.78,45.11,2.97,3.198,13,67,4,4,1.04,0,3,0.157,Phishing
SEC-LOG-103214,4.01,TCP,443,118,40281,0.584,0,17.61,16.71,4.97,3.021,3,34,0,11,0.87,0,0,0.846,Benign
SEC-LOG-103215,7.85,TCP,21,112,74793,0.654,0,31.3,31.29,3.76,3.338,3,40,0,12,1.07,0,2,0.917,Benign
SEC-LOG-103216,21.91,HTTPS,53,122,41249,0.322,0,23.98,27.17,5.91,4.214,6,17,0,13,1.14,0,1,0.808,Benign
SEC-LOG-103217,8.26,UDP,443,113,54865,0.47,0,30.47,28.2,2.21,2.077,3,34,0,7,1.02,0,3,0.95,Benign
SEC-LOG-103218,10.45,HTTP,443,123,6278,0.662,4,34.8,33.74,6.46,2.477,14,120,4,5,1.1,0,2,0.262,Phishing
SEC-LOG-103219,15.07,HTTPS,80,116,3674,0.311,2,33.57,40.28,7.6,2.915,15,133,2,8,0.86,0,0,0.266,Phishing
SEC-LOG-103220,8.37,HTTP,4444,103,77614,0.661,0,36.17,72.52,1.35,3.748,23,26,1,12,1.01,1,17,0.15,Malware
SEC-LOG-103221,10.13,UDP,443,105,83480,0.407,0,16.09,43.51,6.2,4.076,4,42,0,10,0.96,0,2,0.946,Benign
SEC-LOG-103222,0.62,DNS,8080,132,72912,0.459,0,26.75,42.49,4.49,3.193,7,46,0,8,0.9,0,2,0.91,Benign
SEC-LOG-103223,16.46,UDP,443,98,32245,0.527,0,33.23,31.57,4.22,3.979,3,34,0,4,0.95,0,3,0.984,Benign
SEC-LOG-103224,5.39,UDP,80,101,67324,0.304,1,5.21,24.32,9.07,2.344,6,27,0,6,1.15,0,2,0.872,Benign
SEC-LOG-103225,5.61,SMB,139,140,47906,0.476,0,86.72,69.47,229.96,7.461,4,43,2,10,1.02,1,97,0.159,Ransomware
SEC-LOG-103226,0.71,UDP,443,134,67224,0.649,0,15.54,20.75,3.48,2.982,6,18,0,10,0.98,0,3,0.954,Benign
SEC-LOG-103227,10.48,TCP,443,135,84949,0.532,0,5.12,29.47,3.34,2.639,4,21,0,8,0.96,0,4,0.868,Benign
SEC-LOG-103228,8.45,TCP,80,120,29030,0.688,0,14.42,20.19,5.78,3.34,5,57,0,6,0.99,0,1,0.967,Benign
SEC-LOG-103229,10.85,HTTP,443,107,76175,0.678,0,26.66,36.6,7.51,2.671,6,42,0,12,1.09,0,0,0.844,Benign
SEC-LOG-103230,50.34,DNS,8080,126,90592,0.864,0,35.51,46.94,7.84,3.243,27,13,1,5,0.87,1,19,0.125,Malware
SEC-LOG-103231,15.76,HTTP,80,131,5561,0.657,1,5.96,40.8,6.47,4.364,11,54,4,5,0.9,0,2,0.369,Phishing
SEC-LOG-103232,9.69,UDP,80,121,73405,0.613,0,23.25,44.6,6.97,3.42,6,36,0,7,1.12,0,1,0.816,Benign
SEC-LOG-103233,1.11,DNS,443,115,60399,0.324,0,7.51,48.92,5.99,2.735,8,44,0,4,0.91,0,1,0.932,Benign
SEC-LOG-103234,15.82,FTP,22,121,80575,0.699,0,9.22,44.54,1.01,2.373,5,40,0,1,1.11,0,2,0.951,Benign
SEC-LOG-103235,5.0,FTP,53,123,55752,0.309,1,9.61,42.37,3.14,3.427,5,38,0,6,0.95,0,6,0.855,Benign
SEC-LOG-103236,42.55,UDP,53,128,55952,0.366,0,21.55,25.07,5.05,3.333,5,45,0,11,1.01,0,4,0.819,Benign
SEC-LOG-103237,1.69,UDP,22,4461,776639,0.452,0,80.93,26.92,1.44,3.965,5,36,0,314,12.35,0,4,0.179,DDoS
SEC-LOG-103238,12.93,HTTPS,443,141,2122,0.449,2,21.67,33.87,2.79,3.232,23,78,3,10,1.15,0,1,0.136,Phishing
SEC-LOG-103239,1.12,TCP,443,128,45066,0.605,1,51.87,56.62,2.27,2.286,15,28,2,8,1.05,1,16,0.362,Malware
SEC-LOG-103240,0.68,SSH,53,99,26078,0.94,0,63.97,72.76,5.82,4.424,29,10,2,9,0.96,0,16,0.37,Malware
SEC-LOG-103241,27.91,HTTPS,53,121,79622,0.828,3,65.04,81.49,5.16,2.124,20,36,3,12,0.94,1,14,0.122,Malware
SEC-LOG-103242,6.64,HTTPS,4444,127,53613,0.621,3,70.6,46.63,5.78,2.815,22,40,3,12,0.9,0,19,0.424,Malware
SEC-LOG-103243,3.73,DNS,443,117,6587,0.541,1,30.18,46.06,4.13,2.164,17,67,3,13,0.88,0,0,0.103,Phishing
SEC-LOG-103244,10.9,HTTP,80,118,7170,0.568,4,29.3,18.89,8.34,3.629,16,62,2,8,0.91,0,1,0.284,Phishing
SEC-LOG-103245,4.2,SMB,443,121,58996,0.593,0,24.03,43.07,0.77,3.219,2,25,0,10,0.98,0,2,0.935,Benign
SEC-LOG-103246,5.81,HTTP,8080,119,66599,0.655,0,72.55,78.6,8.3,2.456,26,50,1,9,0.87,0,13,0.257,Malware
SEC-LOG-103247,27.18,HTTPS,443,119,31400,0.897,0,73.71,47.13,4.1,3.087,24,31,2,15,1.08,0,20,0.44,Malware
SEC-LOG-103248,25.65,SMB,139,125,75469,0.593,0,72.41,70.07,156.49,7.895,7,10,2,12,1.15,1,100,0.172,Ransomware
SEC-LOG-103249,13.9,HTTPS,80,127,3446,0.402,6,10.82,41.57,4.19,2.887,11,114,3,10,0.91,0,2,0.079,Phishing
SEC-LOG-103250,7.96,HTTP,4444,111,67427,0.877,0,59.8,62.54,9.6,2.374,15,33,3,5,0.91,0,17,0.129,Malware
SEC-LOG-103251,12.87,FTP,8443,121,31115,0.543,0,28.16,49.03,8.46,2.594,2,45,0,6,0.9,0,0,0.891,Benign
SEC-LOG-103252,19.65,HTTPS,443,129,7085,0.431,6,19.66,35.53,6.3,2.755,7,101,2,10,1.07,0,1,0.343,Phishing
SEC-LOG-103253,4.3,HTTPS,80,103,72057,0.651,0,11.38,26.28,9.13,3.852,3,25,0,8,1.14,0,3,0.916,Benign
SEC-LOG-103254,2.56,TCP,22,120,72903,0.614,0,9.81,36.56,0.58,2.092,4,58,0,7,1.05,0,0,0.918,Benign
SEC-LOG-103255,3.12,TCP,8080,106,66266,0.34,0,27.1,26.82,2.52,4.302,6,54,0,7,0.94,0,0,0.841,Benign
SEC-LOG-103256,16.03,HTTP,8080,116,5559,0.458,4,24.53,47.44,2.31,3.009,10,62,2,13,1.05,0,3,0.17,Phishing
SEC-LOG-103257,7.1,TCP,443,110,79488,0.305,1,10.62,15.5,3.38,3.711,7,32,0,6,1.12,0,5,0.851,Benign
SEC-LOG-103258,11.83,HTTP,443,119,92799,0.361,0,18.32,41.43,3.94,2.183,7,47,0,9,1.14,0,0,0.988,Benign
SEC-LOG-103259,32.09,HTTPS,443,102,29655,0.377,0,87.04,82.5,326.07,7.895,8,38,4,5,0.88,1,98,0.175,Ransomware
SEC-LOG-103260,6.8,HTTPS,25,135,95904,0.471,0,33.72,33.88,6.26,4.253,4,45,0,7,1.03,0,2,0.941,Benign
SEC-LOG-103261,23.98,HTTPS,53,124,87806,0.763,0,36.24,70.02,6.1,3.315,36,36,4,10,0.9,1,14,0.186,Malware
SEC-LOG-103262,36.34,TCP,8080,125,35629,0.781,3,32.73,55.19,2.0,3.713,24,43,2,13,1.14,1,23,0.135,Malware
SEC-LOG-103263,9.77,TCP,443,117,31107,0.335,0,30.05,38.89,6.16,3.268,4,31,0,11,0.94,0,3,0.836,Benign
SEC-LOG-103264,11.06,SMB,443,110,55397,0.385,0,86.3,62.83,136.53,7.168,3,42,2,7,0.91,1,83,0.471,Ransomware
SEC-LOG-103265,54.14,UDP,22,131,65522,0.632,0,20.41,39.84,8.11,3.235,3,26,0,6,0.95,0,2,0.899,Benign
SEC-LOG-103266,3.29,HTTPS,53,120,75101,0.635,0,57.0,78.43,8.25,3.922,20,43,1,8,1.11,1,10,0.295,Malware
SEC-LOG-103267,33.05,HTTPS,4444,139,32588,0.798,0,47.17,77.86,8.51,3.068,18,33,1,6,1.0,1,20,0.116,Malware
SEC-LOG-103268,4.73,HTTPS,443,132,3960,0.64,1,23.16,15.62,0.51,3.704,15,125,2,10,1.02,0,3,0.113,Phishing
SEC-LOG-103269,2.71,HTTP,443,122,4291,0.371,4,25.74,48.83,6.32,3.579,6,86,3,11,1.05,0,1,0.357,Phishing
SEC-LOG-103270,10.53,HTTP,8443,133,85284,0.648,0,27.65,36.0,7.92,2.273,4,41,0,10,0.94,0,1,0.896,Benign
SEC-LOG-103271,20.64,SSH,443,104,66442,0.638,1,24.22,45.95,1.69,2.595,2,38,0,6,1.03,0,2,0.938,Benign
SEC-LOG-103272,17.5,HTTP,443,120,6092,0.345,4,20.95,49.51,4.63,2.398,15,61,2,10,0.93,0,2,0.147,Phishing
SEC-LOG-103273,2.12,HTTPS,4444,146,103263,0.882,0,35.85,43.17,2.86,4.139,21,19,4,12,1.01,0,10,0.285,Malware
SEC-LOG-103274,14.72,HTTPS,445,121,60313,0.359,0,94.27,94.9,132.25,7.141,5,10,1,13,0.88,1,85,0.199,Ransomware
SEC-LOG-103275,22.2,SMB,443,122,76492,0.4,0,99.06,63.63,152.16,7.488,10,42,1,10,0.85,1,92,0.294,Ransomware
SEC-LOG-103276,2.45,SMB,139,116,88924,0.453,0,97.57,89.87,120.79,7.776,8,35,1,7,0.98,1,82,0.308,Ransomware
SEC-LOG-103277,26.63,HTTP,8080,118,44852,0.757,1,35.15,74.94,3.52,4.471,25,56,2,10,0.89,1,22,0.236,Malware
SEC-LOG-103278,2.54,TCP,25,118,43371,0.428,0,22.02,44.09,5.13,2.491,10,27,0,6,1.06,0,5,0.939,Benign
SEC-LOG-103279,5.7,SMB,445,100,68431,0.553,0,99.41,82.4,98.12,7.011,6,37,1,12,1.01,1,82,0.176,Ransomware
SEC-LOG-103280,4.25,DNS,53,108,85097,0.806,1,50.82,71.0,5.14,4.077,27,34,1,10,0.99,1,15,0.353,Malware
SEC-LOG-103281,22.19,TCP,443,126,80995,0.526,0,12.59,33.07,2.18,3.069,2,16,0,11,1.15,0,0,0.986,Benign
SEC-LOG-103282,19.4,SMB,8080,137,32635,0.415,0,79.4,65.66,265.87,7.337,8,18,1,14,1.01,1,79,0.11,Ransomware
SEC-LOG-103283,16.02,SMB,445,112,39135,0.364,0,76.61,78.81,85.1,7.767,4,29,1,3,0.92,1,88,0.297,Ransomware
SEC-LOG-103284,11.14,DNS,8080,127,33918,0.813,0,49.74,75.59,2.66,3.891,15,40,3,12,1.06,0,14,0.198,Malware
SEC-LOG-103285,88.14,TCP,443,107,56423,0.642,0,24.08,37.56,5.73,2.068,2,66,0,8,1.07,0,3,0.906,Benign
SEC-LOG-103286,11.65,TCP,443,141,86481,0.535,2,29.61,47.18,6.84,3.007,4,56,0,11,1.03,0,4,0.924,Benign
SEC-LOG-103287,0.31,SMB,139,116,85598,0.666,0,79.86,60.44,261.79,6.828,3,39,1,7,1.12,1,81,0.469,Ransomware
SEC-LOG-103288,0.62,DNS,443,4391,409008,0.333,0,76.01,25.16,7.26,3.218,3,41,0,375,14.46,0,4,0.158,DDoS
SEC-LOG-103289,16.91,HTTPS,80,122,83797,0.376,0,21.29,19.14,3.52,3.91,5,36,0,11,1.11,0,1,0.995,Benign
SEC-LOG-103290,5.26,DNS,443,119,89373,0.628,0,31.31,41.6,9.45,2.989,7,17,0,9,1.1,0,2,0.959,Benign
SEC-LOG-103291,16.45,HTTPS,443,101,74147,0.685,0,86.74,88.79,123.53,7.0,7,48,2,10,1.14,1,92,0.104,Ransomware
SEC-LOG-103292,1.01,TCP,443,119,25961,0.35,0,9.24,26.91,3.43,2.54,6,13,0,8,1.08,0,4,0.829,Benign
SEC-LOG-103293,21.44,HTTPS,53,141,70547,0.716,1,51.03,72.89,4.86,2.425,25,25,2,8,0.87,0,16,0.415,Malware
SEC-LOG-103294,2.07,TCP,443,4553,413429,0.384,0,70.59,46.38,5.1,3.872,5,44,0,371,10.12,0,0,0.246,DDoS
SEC-LOG-103295,6.61,HTTPS,443,127,58602,0.656,0,19.29,32.39,3.67,4.156,2,17,0,4,0.94,0,6,0.818,Benign
SEC-LOG-103296,16.92,HTTPS,80,115,6849,0.333,4,29.77,30.64,2.56,3.886,8,75,4,7,1.12,0,0,0.22,Phishing
SEC-LOG-103297,3.34,DNS,22,107,41372,0.62,0,24.79,41.53,8.72,3.438,5,50,0,3,0.94,0,3,0.915,Benign
SEC-LOG-103298,4.29,HTTPS,443,135,106124,0.43,0,29.58,26.94,7.08,4.312,5,34,0,8,1.07,0,0,0.826,Benign
SEC-LOG-103299,10.69,TCP,139,113,62444,0.332,0,81.74,60.4,257.58,7.819,6,44,2,3,0.99,1,85,0.107,Ransomware
SEC-LOG-103300,11.54,DNS,3389,137,74476,0.923,5,32.86,45.9,7.96,3.725,22,34,1,16,1.07,1,19,0.317,Malware
SEC-LOG-103301,2.55,TCP,80,4441,395729,0.401,0,86.87,36.58,8.09,3.379,5,47,0,324,5.8,0,6,0.052,DDoS
SEC-LOG-103302,23.03,TCP,53,95,34649,0.788,0,74.48,83.82,4.5,4.371,29,45,1,10,0.96,1,22,0.252,Malware
SEC-LOG-103303,1.51,TCP,53,125,87110,0.574,0,34.67,45.67,4.15,4.264,4,30,0,15,0.98,0,3,0.877,Benign
SEC-LOG-103304,14.53,UDP,443,124,70853,0.444,0,22.68,18.56,4.96,4.195,5,19,0,12,1.07,0,3,0.83,Benign
SEC-LOG-103305,16.62,UDP,80,115,54317,0.439,0,25.06,17.57,8.24,2.273,4,21,0,11,0.97,0,0,0.931,Benign
SEC-LOG-103306,21.01,UDP,80,104,73836,0.412,0,33.25,45.5,7.12,3.988,3,42,0,13,0.98,0,2,0.818,Benign
SEC-LOG-103307,11.1,UDP,443,116,91571,0.552,0,20.36,30.7,6.08,2.387,7,53,0,9,0.88,0,3,0.809,Benign
SEC-LOG-103308,10.77,HTTPS,53,108,39010,0.33,0,15.77,33.03,5.75,4.079,3,28,0,8,1.03,0,1,0.905,Benign
SEC-LOG-103309,4.68,HTTP,22,125,63821,0.758,0,38.71,61.66,5.36,2.091,22,39,2,9,1.07,0,25,0.148,Malware
SEC-LOG-103310,15.53,HTTP,443,109,5640,0.68,2,26.09,23.02,1.11,2.027,15,103,4,5,0.88,0,0,0.098,Phishing
SEC-LOG-103311,9.93,HTTP,443,130,6374,0.61,2,15.71,45.61,8.73,4.315,18,119,4,9,1.07,0,1,0.252,Phishing
SEC-LOG-103312,2.58,HTTPS,8080,146,3736,0.493,2,8.14,25.56,9.99,2.843,17,88,4,5,0.88,0,3,0.245,Phishing
SEC-LOG-103313,1.2,DNS,53,104,78315,0.338,0,10.35,19.25,4.03,3.007,7,47,0,6,1.07,0,2,0.822,Benign
SEC-LOG-103314,10.02,HTTP,8080,113,50998,0.45,1,15.48,28.62,8.55,2.025,6,30,0,6,0.94,0,0,0.967,Benign
SEC-LOG-103315,10.07,HTTP,80,118,1864,0.454,1,19.41,49.68,6.49,4.139,14,100,2,9,0.97,0,2,0.132,Phishing
SEC-LOG-103316,35.16,HTTPS,3389,119,63108,0.81,3,36.56,56.0,0.99,3.207,17,54,2,7,1.08,1,21,0.285,Malware
SEC-LOG-103317,9.99,UDP,443,100,66298,0.351,0,26.88,41.65,3.77,3.712,6,37,0,10,1.02,0,0,0.833,Benign
SEC-LOG-103318,12.27,HTTPS,443,112,26560,0.311,1,82.84,61.18,186.75,7.485,6,15,1,14,0.97,0,89,0.322,Ransomware
SEC-LOG-103319,23.04,SMB,139,120,25824,0.391,2,74.05,74.3,250.31,7.081,3,33,1,14,1.02,1,75,0.347,Ransomware
SEC-LOG-103320,5.95,TCP,443,125,75322,0.751,3,51.66,40.68,7.09,3.083,27,37,3,11,0.89,0,15,0.278,Malware
SEC-LOG-103321,19.41,HTTP,8080,138,76867,0.506,0,34.36,46.47,2.2,2.509,6,24,0,2,1.14,0,1,0.855,Benign
SEC-LOG-103322,8.38,HTTPS,445,128,51879,0.696,0,79.31,93.19,187.06,7.971,6,35,4,11,1.03,1,81,0.479,Ransomware
SEC-LOG-103323,12.88,HTTP,8080,129,40019,0.812,0,58.01,84.34,7.21,2.778,20,46,2,8,1.1,1,19,0.221,Malware
SEC-LOG-103324,3.24,SMB,139,127,41488,0.467,0,87.29,73.04,210.25,7.426,4,56,2,4,1.1,0,79,0.227,Ransomware
SEC-LOG-103325,4.11,SMB,443,110,70508,0.641,0,77.36,87.32,321.52,6.86,2,30,1,16,0.92,0,101,0.473,Ransomware
SEC-LOG-103326,6.77,HTTPS,139,117,42592,0.445,0,91.15,67.54,238.46,7.504,8,38,4,8,0.91,1,76,0.496,Ransomware
SEC-LOG-103327,2.4,HTTPS,22,122,40722,0.642,0,32.54,83.79,4.16,2.566,29,23,1,7,1.02,1,22,0.256,Malware
SEC-LOG-103328,12.99,HTTP,443,118,40793,0.316,0,11.48,40.95,1.2,3.243,5,15,0,10,0.92,0,0,0.955,Benign
SEC-LOG-103329,7.66,DNS,443,117,6148,0.452,4,31.83,40.27,7.67,3.712,13,72,2,7,0.98,0,2,0.208,Phishing
SEC-LOG-103330,17.48,HTTPS,443,94,5079,0.523,1,17.09,33.2,3.2,3.038,19,151,4,12,1.01,0,3,0.098,Phishing
SEC-LOG-103331,9.85,HTTPS,443,116,4636,0.39,6,31.49,46.88,6.35,4.346,18,86,3,9,0.96,0,1,0.231,Phishing
SEC-LOG-103332,4.5,UDP,445,111,24250,0.51,0,20.42,23.28,8.66,2.279,7,24,0,2,1.12,0,1,0.986,Benign
SEC-LOG-103333,2.9,TCP,80,122,36168,0.425,0,10.54,42.44,1.54,4.033,2,33,0,7,1.09,0,0,0.804,Benign
SEC-LOG-103334,2.68,SMB,8080,108,64412,0.554,0,76.85,62.07,186.22,7.222,5,20,2,15,1.06,1,86,0.46,Ransomware
SEC-LOG-103335,7.54,HTTPS,8080,130,3177,0.505,4,12.29,40.97,5.4,3.374,19,58,3,8,0.96,0,4,0.086,Phishing
SEC-LOG-103336,1.66,TCP,80,4407,809496,0.426,0,74.59,23.72,1.21,4.483,4,43,0,344,4.49,0,4,0.102,DDoS
SEC-LOG-103337,17.79,SMB,443,98,55513,0.626,0,92.52,79.82,227.58,7.818,6,35,1,4,1.03,1,83,0.191,Ransomware
SEC-LOG-103338,21.54,SSH,4444,126,60614,0.9,1,40.86,72.63,5.37,3.156,24,57,2,7,1.04,0,14,0.103,Malware
SEC-LOG-103339,16.77,HTTP,443,111,7219,0.521,4,22.11,33.36,1.74,3.419,15,106,3,8,0.85,0,3,0.083,Phishing
SEC-LOG-103340,14.4,HTTPS,445,107,84354,0.453,0,85.31,88.85,216.41,7.43,3,46,2,7,1.1,1,86,0.47,Ransomware
SEC-LOG-103341,6.78,TCP,4444,117,78503,0.641,1,44.91,59.86,6.95,2.736,20,32,3,10,0.95,1,26,0.412,Malware
SEC-LOG-103342,6.21,HTTPS,443,108,7325,0.313,6,30.0,36.66,9.21,2.223,19,81,3,9,0.85,0,1,0.287,Phishing
SEC-LOG-103343,17.38,TCP,53,128,99789,0.473,0,24.1,48.54,3.65,3.643,4,50,0,6,1.03,0,1,0.936,Benign
SEC-LOG-103344,1.14,DNS,53,126,75651,0.804,0,65.89,68.26,8.85,3.06,20,60,3,10,1.03,1,14,0.395,Malware
SEC-LOG-103345,6.91,HTTP,8080,124,6996,0.438,4,26.13,49.79,7.54,2.179,19,56,2,4,0.95,0,1,0.208,Phishing
SEC-LOG-103346,18.98,HTTP,443,125,61173,0.631,1,19.07,37.82,7.51,3.273,3,49,0,5,0.89,0,1,0.945,Benign
SEC-LOG-103347,3.94,HTTPS,80,117,80993,0.32,1,34.55,35.92,3.75,3.653,3,30,0,15,1.04,0,2,0.91,Benign
SEC-LOG-103348,15.39,HTTPS,443,103,48689,0.371,0,32.49,29.55,2.14,4.104,11,23,0,12,1.09,0,4,0.986,Benign
SEC-LOG-103349,3.61,DNS,53,141,109183,0.576,1,5.06,18.41,1.65,3.015,4,10,0,14,0.97,0,2,0.863,Benign
SEC-LOG-103350,12.39,TCP,443,109,81044,0.473,0,9.95,16.94,2.56,3.209,4,32,0,10,1.14,0,4,0.822,Benign
SEC-LOG-103351,16.36,DNS,8080,109,41434,0.844,0,50.52,80.26,8.66,4.462,21,21,3,10,1.01,1,10,0.385,Malware
SEC-LOG-103352,0.5,TCP,80,4423,447043,0.303,1,83.86,48.51,1.35,2.773,9,23,0,346,6.85,0,1,0.253,DDoS
SEC-LOG-103353,6.4,HTTP,443,115,54080,0.924,3,37.39,62.85,8.92,3.926,24,31,2,12,0.95,1,15,0.322,Malware
SEC-LOG-103354,14.23,UDP,443,123,68351,0.587,0,20.24,37.68,7.12,2.394,4,39,0,11,1.05,0,2,0.83,Benign
SEC-LOG-103355,1.63,SMB,443,121,75061,0.695,0,32.06,31.21,9.56,4.461,6,49,0,3,0.94,0,3,0.818,Benign
SEC-LOG-103356,4.78,HTTP,443,129,2512,0.503,6,31.17,39.09,4.39,2.916,10,115,4,8,1.07,0,0,0.348,Phishing
SEC-LOG-103357,17.33,HTTP,8080,123,43736,0.614,0,12.23,43.15,1.17,2.814,4,31,0,4,0.87,0,3,0.92,Benign
SEC-LOG-103358,3.93,TCP,443,110,33872,0.476,0,78.81,60.82,85.9,7.656,4,40,1,5,1.05,1,82,0.443,Ransomware
SEC-LOG-103359,2.32,HTTPS,80,115,4261,0.591,1,33.2,41.13,6.32,3.298,16,49,6,9,0.99,0,0,0.088,Phishing
SEC-LOG-103360,10.69,HTTPS,139,107,69326,0.512,0,87.12,90.4,88.13,7.518,3,25,2,6,1.05,1,64,0.363,Ransomware
SEC-LOG-103361,1.98,TCP,53,125,51665,0.527,0,15.74,39.36,2.89,3.391,1,39,0,10,0.86,0,2,0.948,Benign
SEC-LOG-103362,12.42,HTTPS,443,139,2802,0.653,1,16.16,26.56,1.51,2.766,17,119,3,10,1.02,0,0,0.298,Phishing
SEC-LOG-103363,15.41,UDP,443,117,47682,0.626,0,19.56,15.21,8.73,4.46,5,50,0,9,1.12,0,3,0.961,Benign
SEC-LOG-103364,3.28,TCP,80,4609,529527,0.503,0,88.54,47.65,9.85,3.892,6,39,0,369,13.48,0,4,0.236,DDoS
SEC-LOG-103365,11.79,HTTP,80,121,2321,0.677,4,20.53,26.73,8.09,2.385,14,97,2,7,1.01,0,1,0.111,Phishing
SEC-LOG-103366,0.87,DNS,80,124,73045,0.32,0,12.59,23.78,7.87,2.123,3,29,0,7,1.13,0,1,1.0,Benign
SEC-LOG-103367,8.18,HTTPS,53,114,65771,0.335,0,21.4,26.01,2.01,3.295,6,48,0,9,1.07,0,2,0.994,Benign
SEC-LOG-103368,17.91,HTTPS,443,142,59372,0.398,0,31.83,30.41,4.53,2.843,8,48,0,9,1.13,0,1,0.842,Benign
SEC-LOG-103369,10.85,HTTP,80,117,3814,0.336,6,11.59,46.86,2.29,3.461,17,93,4,5,0.93,0,2,0.395,Phishing
SEC-LOG-103370,9.16,TCP,443,105,61205,0.339,0,32.84,27.33,2.75,4.384,3,31,0,7,0.96,0,2,0.959,Benign
SEC-LOG-103371,13.92,HTTPS,4444,117,77886,0.829,3,68.11,80.28,6.99,3.641,23,17,3,8,0.86,1,12,0.328,Malware
SEC-LOG-103372,16.53,UDP,8443,109,79314,0.496,1,28.7,31.11,5.72,3.793,8,35,0,11,0.89,0,1,0.972,Benign
SEC-LOG-103373,4.99,DNS,8080,126,5445,0.67,4,33.93,42.42,2.7,2.856,16,107,3,4,0.95,0,1,0.205,Phishing
SEC-LOG-103374,19.07,HTTPS,445,120,65291,0.608,0,86.92,61.57,177.91,7.494,5,41,4,13,0.91,0,83,0.336,Ransomware
SEC-LOG-103375,8.67,SMB,443,122,33160,0.394,0,74.61,89.74,336.07,7.124,5,10,4,9,0.85,1,90,0.483,Ransomware
SEC-LOG-103376,22.83,SMB,443,108,49106,0.516,0,83.6,85.5,341.9,7.745,7,37,2,6,1.12,1,83,0.467,Ransomware
SEC-LOG-103377,8.28,DNS,443,131,57823,0.442,0,20.44,35.16,6.2,3.734,5,26,0,6,1.1,0,3,0.899,Benign
SEC-LOG-103378,30.37,SSH,25,114,81008,0.365,0,21.01,22.54,2.52,3.006,4,22,0,9,1.02,0,6,0.832,Benign
SEC-LOG-103379,7.23,HTTP,80,143,2426,0.489,6,31.0,19.42,5.66,2.354,18,68,2,8,1.08,0,2,0.302,Phishing
SEC-LOG-103380,14.18,TCP,8080,122,94995,0.418,0,16.66,19.22,6.26,3.363,1,45,0,14,1.02,0,0,0.867,Benign
SEC-LOG-103381,15.52,DNS,22,123,87700,0.722,5,37.27,75.62,6.97,2.326,31,50,1,10,1.02,1,15,0.353,Malware
SEC-LOG-103382,1.02,UDP,443,105,56903,0.306,0,30.04,37.42,2.21,3.518,14,44,0,9,0.89,0,2,0.94,Benign
SEC-LOG-103383,13.26,HTTPS,443,110,50204,0.386,0,22.61,31.91,4.95,2.722,6,53,0,9,1.14,0,2,0.825,Benign
SEC-LOG-103384,0.58,TCP,445,133,34561,0.364,0,17.27,45.26,8.85,3.141,8,43,0,8,0.98,0,3,0.92,Benign
SEC-LOG-103385,0.68,HTTPS,445,139,63405,0.328,0,76.03,77.21,179.83,7.821,2,59,2,3,0.87,1,81,0.274,Ransomware
SEC-LOG-103386,14.92,TCP,443,119,88399,0.401,0,13.04,28.66,3.86,3.864,5,62,0,12,1.02,0,4,0.83,Benign
SEC-LOG-103387,60.02,DNS,443,126,45109,0.77,0,66.53,71.71,3.44,2.509,34,41,2,9,0.92,1,12,0.24,Malware
SEC-LOG-103388,10.93,HTTP,445,127,72422,0.371,0,12.8,24.72,0.64,4.069,2,34,0,8,0.87,0,0,0.806,Benign
SEC-LOG-103389,16.31,HTTP,443,96,5449,0.566,2,28.02,20.17,4.43,2.709,21,144,4,7,1.05,0,2,0.285,Phishing
SEC-LOG-103390,0.79,TCP,443,127,97804,0.657,0,10.41,18.78,9.81,4.389,9,34,0,10,1.14,0,1,0.962,Benign
SEC-LOG-103391,1.13,HTTPS,443,150,44085,0.48,0,98.92,87.79,231.6,7.526,6,45,4,5,0.91,1,84,0.271,Ransomware
SEC-LOG-103392,12.42,HTTPS,445,109,72917,0.478,0,95.51,61.47,176.92,7.504,4,42,4,7,0.97,1,93,0.371,Ransomware
SEC-LOG-103393,42.53,HTTPS,443,117,87683,0.538,1,30.69,29.85,7.18,2.461,8,23,0,8,1.03,0,0,0.806,Benign
SEC-LOG-103394,2.69,TCP,443,4530,668365,0.57,0,88.65,43.47,9.92,2.42,4,25,0,341,5.4,0,1,0.161,DDoS
SEC-LOG-103395,3.7,DNS,80,4524,1047611,0.385,0,94.35,38.39,9.3,4.025,4,39,0,336,6.72,0,6,0.202,DDoS
SEC-LOG-103396,12.96,TCP,445,133,104127,0.654,0,96.43,61.04,329.87,7.704,7,53,1,9,1.13,1,85,0.492,Ransomware
SEC-LOG-103397,5.46,HTTPS,445,122,78553,0.33,0,72.32,83.78,275.59,7.41,6,41,4,11,0.93,1,83,0.496,Ransomware
SEC-LOG-103398,15.45,DNS,8080,112,72058,0.531,0,28.11,29.2,4.76,2.839,6,39,0,7,1.0,0,2,0.845,Benign
SEC-LOG-103399,30.23,TCP,443,119,24974,0.767,1,61.94,70.89,1.85,3.75,21,29,3,5,1.12,1,17,0.176,Malware
SEC-LOG-103400,6.39,TCP,80,112,34587,0.399,1,18.1,24.44,1.49,2.871,3,40,0,7,0.96,0,0,0.81,Benign
SEC-LOG-103401,8.04,HTTPS,80,123,30091,0.463,0,24.93,17.34,3.23,3.737,2,36,0,11,1.03,0,3,0.979,Benign
SEC-LOG-103402,0.54,UDP,53,4486,479175,0.335,0,77.66,16.99,6.3,2.05,4,27,0,378,11.75,0,3,0.294,DDoS
SEC-LOG-103403,5.8,UDP,443,129,53252,0.546,0,9.8,15.09,4.2,3.097,3,41,0,6,1.13,0,0,0.907,Benign
SEC-LOG-103404,17.08,HTTP,80,127,2732,0.582,2,10.55,40.01,3.94,3.999,17,94,4,8,1.03,0,4,0.09,Phishing
SEC-LOG-103405,7.33,TCP,445,119,35461,0.628,0,95.0,89.41,317.32,7.642,7,10,2,8,1.13,1,87,0.373,Ransomware
SEC-LOG-103406,4.56,TCP,139,104,69224,0.644,0,84.31,91.05,212.22,6.831,7,35,2,9,0.93,0,106,0.445,Ransomware
SEC-LOG-103407,1.2,DNS,22,4554,868130,0.612,0,92.52,38.43,5.12,3.073,6,54,0,346,10.39,0,1,0.204,DDoS
SEC-LOG-103408,15.57,UDP,443,124,98901,0.696,0,6.5,47.48,8.92,3.218,6,27,0,2,0.91,0,5,0.915,Benign
SEC-LOG-103409,6.87,SMB,80,126,73138,0.347,0,9.29,32.71,3.14,4.383,7,13,0,4,0.95,0,2,0.992,Benign
SEC-LOG-103410,1.58,TCP,8080,127,38868,0.765,1,60.55,69.63,2.08,3.507,27,33,1,18,1.1,1,13,0.346,Malware
SEC-LOG-103411,1.58,TCP,443,133,58654,0.57,0,13.77,44.57,9.95,3.82,2,26,0,8,1.11,0,5,0.925,Benign
SEC-LOG-103412,6.35,HTTPS,80,128,48757,0.645,0,32.37,24.05,6.35,3.255,6,14,0,10,1.15,0,0,0.925,Benign
SEC-LOG-103413,18.26,TCP,21,114,84846,0.551,0,13.7,30.39,3.37,3.094,10,24,0,8,0.88,0,0,0.968,Benign
SEC-LOG-103414,1.43,SMB,139,109,78150,0.453,0,72.08,84.26,303.5,7.109,5,44,1,14,0.85,0,80,0.222,Ransomware
SEC-LOG-103415,25.31,DNS,8080,119,60366,0.859,0,61.32,43.58,6.79,2.477,18,44,1,5,1.02,1,19,0.377,Malware
SEC-LOG-103416,5.15,TCP,443,122,51569,0.606,0,32.04,42.54,1.2,4.385,7,34,0,5,1.1,0,1,0.955,Benign
SEC-LOG-103417,9.38,HTTP,443,104,7079,0.636,6,27.8,24.34,6.39,2.214,18,102,4,7,0.98,0,4,0.069,Phishing
SEC-LOG-103418,1.84,TCP,53,105,73987,0.47,0,27.61,48.27,2.4,4.273,8,38,0,11,1.11,0,4,0.832,Benign
SEC-LOG-103419,2.6,FTP,80,122,59393,0.462,0,19.66,45.21,3.33,4.432,7,34,0,5,0.98,0,2,0.884,Benign
SEC-LOG-103420,0.84,TCP,445,138,36501,0.364,1,82.6,75.71,347.62,7.845,5,40,2,7,0.88,1,80,0.156,Ransomware
SEC-LOG-103421,14.14,HTTPS,443,117,5898,0.309,4,25.31,15.02,6.73,3.621,24,112,4,8,1.15,0,4,0.179,Phishing
SEC-LOG-103422,31.94,HTTPS,445,113,36533,0.468,0,80.12,82.48,306.29,7.03,8,15,2,2,1.01,1,80,0.467,Ransomware
SEC-LOG-103423,3.74,TCP,22,115,58256,0.399,0,18.12,22.54,3.33,2.484,6,26,0,7,0.94,0,2,0.86,Benign
SEC-LOG-103424,29.22,SMB,445,114,88334,0.492,0,88.07,89.8,186.02,7.343,5,36,4,8,1.01,1,81,0.148,Ransomware
SEC-LOG-103425,6.48,DNS,443,110,1592,0.366,1,31.17,31.19,3.62,4.306,10,75,4,5,0.91,0,1,0.327,Phishing
SEC-LOG-103426,22.23,HTTP,443,131,40692,0.801,0,38.55,42.31,4.94,3.327,25,42,2,11,1.12,1,22,0.437,Malware
SEC-LOG-103427,8.45,HTTP,443,125,7263,0.696,6,16.12,44.66,4.38,4.478,15,86,6,9,0.9,0,2,0.359,Phishing
SEC-LOG-103428,16.08,SMB,445,140,90225,0.602,0,83.81,77.56,96.91,7.964,6,36,4,8,1.03,1,94,0.185,Ransomware
SEC-LOG-103429,6.62,DNS,22,121,82568,0.928,0,62.65,57.67,1.14,2.185,21,27,3,11,1.05,0,20,0.28,Malware
SEC-LOG-103430,10.67,HTTPS,22,121,76050,0.73,0,68.15,43.96,9.69,4.073,23,25,1,7,1.15,1,21,0.223,Malware
SEC-LOG-103431,2.4,UDP,443,4435,804657,0.319,1,79.69,26.33,1.5,3.646,7,41,0,315,8.62,0,4,0.343,DDoS
SEC-LOG-103432,9.78,SMB,8080,105,24999,0.501,1,74.59,78.21,271.93,7.041,3,36,2,7,1.12,1,73,0.46,Ransomware
SEC-LOG-103433,26.81,DNS,3389,124,32536,0.778,0,55.82,63.03,6.37,4.412,32,29,1,6,0.89,1,18,0.183,Malware
SEC-LOG-103434,7.1,HTTP,443,132,6423,0.665,2,31.06,46.06,3.06,2.809,14,94,2,10,1.03,0,1,0.121,Phishing
SEC-LOG-103435,11.8,HTTPS,443,127,64751,0.369,0,28.71,30.26,3.91,2.239,5,57,0,9,1.08,0,3,0.928,Benign
SEC-LOG-103436,14.01,HTTPS,80,127,73067,0.409,1,17.83,39.69,1.32,2.008,4,27,0,2,0.91,0,4,0.877,Benign
SEC-LOG-103437,6.72,HTTP,8080,109,26263,0.741,5,57.68,70.52,5.29,4.062,26,50,2,9,1.13,0,18,0.183,Malware
SEC-LOG-103438,0.12,UDP,80,4521,815632,0.565,0,85.27,37.39,3.6,2.593,5,42,0,361,14.68,0,0,0.208,DDoS
SEC-LOG-103439,0.51,UDP,8080,4382,880555,0.365,0,84.13,45.56,3.4,3.798,4,30,0,342,13.13,0,3,0.301,DDoS
SEC-LOG-103440,4.33,SSH,443,99,34488,0.415,0,22.44,37.73,2.96,2.355,6,31,0,11,0.96,0,1,0.912,Benign
SEC-LOG-103441,1.17,HTTPS,8080,134,103608,0.651,3,74.09,45.7,3.06,2.865,27,38,4,10,0.86,1,16,0.37,Malware
SEC-LOG-103442,6.67,UDP,80,97,29851,0.421,0,10.1,42.41,7.47,4.047,6,26,0,7,1.08,0,0,0.924,Benign
SEC-LOG-103443,0.08,DNS,80,4459,762101,0.58,0,76.21,40.07,4.29,2.771,2,23,0,347,9.91,0,1,0.102,DDoS
SEC-LOG-103444,0.28,UDP,8080,4475,923578,0.578,0,80.28,27.29,4.55,3.893,6,52,0,330,4.22,0,0,0.301,DDoS
SEC-LOG-103445,15.91,HTTPS,80,121,5966,0.658,1,34.85,27.39,3.67,3.798,9,49,4,6,1.0,0,1,0.12,Phishing
SEC-LOG-103446,30.63,SMB,443,120,54224,0.69,0,76.76,84.84,216.4,6.956,6,22,1,10,1.0,0,73,0.171,Ransomware
SEC-LOG-103447,8.91,DNS,443,116,6304,0.355,2,31.24,46.7,9.08,4.288,21,70,3,11,1.07,0,5,0.326,Phishing
SEC-LOG-103448,0.57,HTTP,4444,120,62670,0.843,0,53.79,62.56,2.51,3.284,22,36,2,15,1.06,0,14,0.377,Malware
SEC-LOG-103449,5.06,HTTP,443,135,102132,0.377,1,28.34,27.46,5.93,3.363,7,22,0,9,0.96,0,2,0.853,Benign
SEC-LOG-103450,19.82,HTTPS,443,103,35361,0.829,3,34.54,83.02,6.16,2.865,24,24,4,6,1.02,1,7,0.108,Malware
SEC-LOG-103451,14.91,HTTP,443,105,5991,0.631,2,18.67,22.54,6.05,2.209,18,63,3,9,1.08,0,1,0.113,Phishing
SEC-LOG-103452,15.44,HTTPS,443,126,3065,0.41,2,9.51,26.39,4.52,3.548,20,115,6,11,1.08,0,3,0.239,Phishing
SEC-LOG-103453,39.09,DNS,443,115,90361,0.503,0,30.91,29.08,5.37,4.474,4,39,0,6,1.13,0,1,0.813,Benign
SEC-LOG-103454,1.89,DNS,443,4572,1066874,0.455,0,85.04,33.79,8.72,4.193,8,32,0,339,11.39,0,4,0.126,DDoS
SEC-LOG-103455,13.47,UDP,443,101,37527,0.374,0,10.18,29.71,0.83,3.62,6,53,0,10,0.86,0,0,0.863,Benign
SEC-LOG-103456,11.74,TCP,4444,106,78767,0.875,3,72.8,77.48,6.63,2.452,23,24,1,6,0.9,0,20,0.112,Malware
SEC-LOG-103457,17.39,HTTPS,80,104,2811,0.542,2,24.29,32.28,5.92,3.765,23,109,3,17,0.87,0,0,0.13,Phishing
SEC-LOG-103458,16.67,HTTPS,80,123,2284,0.537,6,14.58,48.92,5.9,2.869,14,117,4,12,1.13,0,0,0.115,Phishing
SEC-LOG-103459,13.73,HTTP,443,115,2452,0.679,2,28.23,34.44,7.85,2.602,14,93,3,6,1.12,0,1,0.322,Phishing
SEC-LOG-103460,84.58,TCP,445,126,89671,0.327,0,32.97,47.89,0.85,3.648,5,33,0,5,1.13,0,0,0.837,Benign
SEC-LOG-103461,7.18,TCP,443,119,33672,0.527,0,28.26,16.39,6.66,2.04,7,35,0,6,1.02,0,5,0.88,Benign
SEC-LOG-103462,7.51,HTTP,8080,129,4801,0.441,1,27.65,21.98,8.4,3.615,27,92,2,1,1.14,0,1,0.301,Phishing
SEC-LOG-103463,6.56,SSH,22,114,23801,0.872,3,65.08,44.37,9.76,2.266,18,60,3,5,0.86,1,23,0.449,Malware
SEC-LOG-103464,0.47,HTTP,8443,116,92683,0.509,0,20.09,32.8,5.01,3.468,5,33,0,4,1.12,0,1,0.99,Benign
SEC-LOG-103465,19.33,HTTPS,443,111,6984,0.571,6,10.46,43.61,7.32,3.166,14,101,6,6,1.15,0,2,0.328,Phishing
SEC-LOG-103466,10.1,SSH,8080,115,60413,0.766,1,60.77,69.14,0.65,2.179,30,31,4,5,0.93,0,17,0.286,Malware
SEC-LOG-103467,18.01,HTTPS,8080,126,6361,0.444,2,28.04,16.15,6.64,4.069,12,107,6,8,1.12,0,1,0.112,Phishing
SEC-LOG-103468,15.63,TCP,139,108,64964,0.607,0,94.74,91.24,282.21,7.078,3,31,2,8,1.03,1,78,0.149,Ransomware
SEC-LOG-103469,30.24,HTTP,443,123,32030,0.677,0,28.06,19.49,5.42,2.622,8,19,0,12,0.86,0,1,0.854,Benign
SEC-LOG-103470,4.97,UDP,443,129,72427,0.405,2,14.4,45.5,4.88,2.953,6,35,0,7,0.88,0,2,0.9,Benign
SEC-LOG-103471,9.65,TCP,443,113,66524,0.61,0,95.63,68.63,343.79,7.449,6,27,4,8,0.97,1,104,0.254,Ransomware
SEC-LOG-103472,15.77,HTTPS,80,133,7856,0.634,6,8.36,22.52,8.06,2.998,15,93,2,12,1.05,0,3,0.103,Phishing
SEC-LOG-103473,19.67,HTTP,443,133,5728,0.58,2,28.78,42.98,8.35,4.486,12,96,4,15,0.91,0,2,0.387,Phishing
SEC-LOG-103474,3.48,SMB,445,112,74319,0.383,0,87.62,86.2,185.28,7.695,5,35,2,8,1.05,1,106,0.37,Ransomware
SEC-LOG-103475,18.47,TCP,445,124,47461,0.465,0,97.84,73.87,287.25,6.893,7,13,2,7,0.99,1,72,0.37,Ransomware
SEC-LOG-103476,0.72,UDP,80,4428,612768,0.678,1,83.3,15.24,3.51,3.421,6,21,0,365,5.51,0,1,0.231,DDoS
SEC-LOG-103477,21.97,HTTP,3389,114,47837,0.691,3,45.99,68.26,8.07,2.806,26,23,2,7,1.09,1,21,0.256,Malware
SEC-LOG-103478,5.55,HTTPS,4444,103,63233,0.649,5,65.56,62.52,3.78,3.611,29,37,2,8,0.88,0,11,0.346,Malware
SEC-LOG-103479,14.66,HTTPS,443,115,23239,0.725,0,62.81,47.27,1.52,2.621,22,33,1,7,0.91,0,26,0.208,Malware
SEC-LOG-103480,5.97,HTTP,443,117,42105,0.525,0,27.07,19.67,9.61,3.308,4,38,0,4,1.03,0,2,0.8,Benign
SEC-LOG-103481,6.39,HTTP,8080,104,53795,0.656,3,35.95,83.71,5.23,3.5,23,20,1,8,1.01,0,20,0.34,Malware
SEC-LOG-103482,0.74,FTP,443,118,79948,0.472,0,12.54,44.37,6.11,2.023,9,25,0,6,1.0,0,3,0.809,Benign
SEC-LOG-103483,1.69,TCP,443,4440,843708,0.653,0,66.74,31.66,5.64,2.631,6,20,0,364,11.4,0,3,0.094,DDoS
SEC-LOG-103484,8.21,HTTP,4444,114,43418,0.945,0,52.63,66.85,7.37,3.523,31,41,2,7,1.12,0,21,0.333,Malware
SEC-LOG-103485,3.49,TCP,8080,102,61256,0.743,0,56.76,43.01,5.14,3.526,28,15,2,12,0.99,1,14,0.326,Malware
SEC-LOG-103486,3.29,UDP,80,132,56026,0.313,0,29.2,42.92,2.99,2.339,5,21,0,9,0.91,0,0,0.801,Benign
SEC-LOG-103487,19.28,HTTPS,443,143,35932,0.405,0,18.67,22.59,8.48,4.401,9,51,0,12,1.06,0,4,0.965,Benign
SEC-LOG-103488,10.38,HTTPS,443,115,72877,0.402,0,8.84,21.77,6.2,3.128,11,29,0,6,1.0,0,2,0.885,Benign
SEC-LOG-103489,2.7,HTTPS,4444,129,52102,0.604,0,56.65,82.67,9.03,2.229,17,22,1,8,1.12,0,15,0.282,Malware
SEC-LOG-103490,29.26,HTTPS,21,103,38487,0.36,0,21.65,19.56,9.02,3.29,9,49,0,7,0.95,0,0,0.997,Benign
SEC-LOG-103491,18.73,HTTPS,80,118,5589,0.578,1,12.29,32.23,2.73,2.442,17,97,2,7,1.03,0,5,0.279,Phishing
SEC-LOG-103492,6.8,TCP,445,110,33990,0.472,0,81.21,93.58,191.35,7.268,3,50,2,10,1.02,1,74,0.206,Ransomware
SEC-LOG-103493,22.76,TCP,445,141,40305,0.425,0,82.97,70.95,81.44,7.46,7,39,1,5,1.03,1,91,0.156,Ransomware
SEC-LOG-103494,10.8,HTTP,443,139,7729,0.504,4,12.47,22.68,1.11,3.14,12,75,4,5,1.04,0,3,0.382,Phishing
SEC-LOG-103495,34.84,HTTPS,80,111,55606,0.562,0,18.26,26.07,9.77,2.521,6,35,0,8,0.93,0,4,0.815,Benign
SEC-LOG-103496,41.95,HTTPS,8080,109,69427,0.416,0,89.06,70.72,89.39,7.354,1,56,2,7,0.97,1,81,0.336,Ransomware
SEC-LOG-103497,2.25,TCP,139,119,81092,0.404,0,70.26,92.13,183.92,6.926,9,42,1,3,0.91,1,84,0.361,Ransomware
SEC-LOG-103498,11.63,TCP,3389,113,29032,0.634,0,17.0,25.09,3.95,2.85,4,19,0,6,0.88,0,3,0.933,Benign
SEC-LOG-103499,15.68,HTTP,8080,112,7090,0.456,4,22.54,49.2,2.82,4.169,11,144,3,11,0.99,0,2,0.252,Phishing
SEC-LOG-103500,0.61,TCP,22,128,82015,0.532,0,7.93,49.01,9.49,4.265,1,23,0,4,0.89,0,2,0.899,Benign
SEC-LOG-103501,5.38,TCP,445,101,79958,0.304,0,85.4,70.33,169.66,7.061,8,53,2,7,0.99,1,86,0.314,Ransomware
SEC-LOG-103502,4.23,TCP,80,4467,954692,0.573,0,66.12,19.75,8.92,3.16,7,31,0,340,12.93,0,1,0.341,DDoS
SEC-LOG-103503,29.0,UDP,443,111,22948,0.421,0,17.52,39.7,1.89,3.358,8,35,0,12,0.87,0,2,0.844,Benign
SEC-LOG-103504,6.77,TCP,139,119,80103,0.537,0,84.23,85.3,169.2,7.896,4,36,4,8,0.86,1,92,0.414,Ransomware
SEC-LOG-103505,14.15,HTTP,8080,161,5543,0.67,2,9.36,42.58,3.6,2.853,16,105,3,5,0.97,0,1,0.32,Phishing
SEC-LOG-103506,1.48,DNS,443,4472,1082736,0.547,2,92.48,23.61,8.08,4.338,6,15,0,359,11.72,0,3,0.099,DDoS
SEC-LOG-103507,9.79,DNS,8080,123,76616,0.738,0,54.74,59.95,8.35,4.146,41,47,1,12,0.97,0,24,0.149,Malware
SEC-LOG-103508,26.67,SMB,443,123,45867,0.514,0,91.29,65.47,301.18,7.905,4,37,4,6,1.12,0,80,0.32,Ransomware
SEC-LOG-103509,32.7,HTTPS,445,134,91101,0.355,0,7.77,15.75,7.76,2.205,8,47,0,11,0.99,0,2,0.833,Benign
SEC-LOG-103510,7.69,TCP,443,130,81769,0.562,0,32.55,35.76,7.71,3.094,8,64,0,12,1.09,0,2,0.844,Benign
SEC-LOG-103511,9.91,TCP,53,105,44505,0.535,0,6.72,18.76,4.32,3.513,2,61,0,10,1.12,0,3,0.824,Benign
SEC-LOG-103512,2.59,HTTP,80,4473,490686,0.592,0,86.54,19.63,5.91,2.441,5,32,0,333,6.33,0,1,0.236,DDoS
SEC-LOG-103513,5.32,TCP,139,133,61776,0.396,0,76.02,81.28,333.85,7.307,6,31,1,10,0.95,1,73,0.342,Ransomware
SEC-LOG-103514,1.34,SMB,445,128,102266,0.393,0,81.07,88.68,105.45,7.823,6,38,4,8,1.11,1,93,0.333,Ransomware
SEC-LOG-103515,4.23,TCP,53,4691,734992,0.625,0,79.91,21.29,2.75,2.324,4,34,0,339,5.72,0,2,0.132,DDoS
SEC-LOG-103516,13.49,HTTP,443,115,61231,0.608,0,27.78,43.42,4.25,3.984,6,39,0,4,1.12,0,1,0.913,Benign
SEC-LOG-103517,32.69,TCP,80,133,71640,0.562,0,8.78,33.96,9.18,3.516,4,36,0,10,1.02,0,2,0.841,Benign
SEC-LOG-103518,0.33,HTTPS,22,132,58194,0.605,1,13.98,25.67,5.95,2.328,8,34,0,9,0.88,0,1,0.81,Benign
SEC-LOG-103519,7.01,UDP,443,117,54429,0.478,0,22.52,33.1,6.82,2.456,4,31,0,10,1.05,0,1,0.867,Benign
SEC-LOG-103520,14.73,TCP,80,122,78596,0.51,0,32.95,22.86,8.01,3.077,6,29,0,6,1.1,0,1,0.843,Benign
SEC-LOG-103521,18.2,HTTPS,4444,101,41780,0.662,1,73.54,67.27,3.76,4.202,24,22,2,7,1.09,1,14,0.24,Malware
SEC-LOG-103522,4.59,UDP,80,107,39370,0.48,0,14.4,25.28,4.92,2.784,4,17,0,9,1.12,0,2,0.928,Benign
SEC-LOG-103523,1.44,HTTP,443,147,52870,0.516,0,33.15,15.85,9.56,4.212,6,29,0,12,1.04,0,2,0.965,Benign
SEC-LOG-103524,16.04,UDP,53,137,76506,0.588,0,10.59,36.34,7.34,4.126,5,45,0,7,1.05,0,3,0.836,Benign
SEC-LOG-103525,2.53,HTTPS,8080,137,47689,0.643,0,17.51,18.95,4.08,2.026,6,27,0,4,1.08,0,8,0.96,Benign
SEC-LOG-103526,1.95,TCP,443,4605,485329,0.528,0,71.95,21.52,5.08,2.928,5,53,0,351,14.93,0,3,0.279,DDoS
SEC-LOG-103527,14.75,HTTPS,445,103,38221,0.535,0,91.32,78.15,216.31,7.275,4,48,1,3,1.03,1,92,0.363,Ransomware
SEC-LOG-103528,3.34,TCP,80,4415,1052435,0.646,0,72.82,16.22,6.13,3.905,8,40,0,378,6.46,0,3,0.123,DDoS
SEC-LOG-103529,4.35,DNS,22,122,66301,0.652,0,60.7,53.02,4.01,4.063,24,52,4,15,0.9,1,16,0.283,Malware
SEC-LOG-103530,19.88,HTTP,25,95,24472,0.642,0,15.27,25.55,5.4,4.189,3,30,0,5,0.91,0,2,0.936,Benign
SEC-LOG-103531,11.71,SMB,443,127,90771,0.631,0,92.84,75.35,235.31,7.245,2,30,2,8,0.87,1,104,0.187,Ransomware
SEC-LOG-103532,7.1,HTTP,8080,113,62777,0.406,0,34.03,33.44,7.88,4.104,11,50,0,6,0.92,0,5,0.838,Benign
SEC-LOG-103533,14.99,HTTP,22,138,83200,0.527,0,28.07,40.13,4.4,3.155,5,44,0,4,1.14,0,2,0.839,Benign
SEC-LOG-103534,8.35,UDP,8080,129,41839,0.581,0,15.04,36.28,5.38,2.182,8,38,0,10,1.13,0,1,0.888,Benign
SEC-LOG-103535,10.72,HTTP,443,121,83777,0.34,0,33.2,49.16,2.98,2.359,4,21,0,4,0.87,0,3,0.845,Benign
SEC-LOG-103536,1.18,TCP,8080,134,40196,0.478,0,33.07,45.87,8.22,4.373,7,28,0,9,1.02,0,4,0.85,Benign
SEC-LOG-103537,2.74,SSH,80,125,73314,0.311,0,32.11,18.52,4.54,4.262,5,56,0,7,0.9,0,6,0.888,Benign
SEC-LOG-103538,10.2,DNS,443,128,4304,0.386,4,23.02,15.29,6.31,3.388,14,68,2,12,1.01,0,3,0.384,Phishing
SEC-LOG-103539,18.45,TCP,8080,119,82093,0.561,0,20.78,26.88,5.99,4.287,6,33,0,9,1.12,0,2,0.819,Benign
SEC-LOG-103540,1.65,HTTP,443,120,43039,0.403,0,17.47,31.64,5.82,3.421,7,56,0,8,0.99,0,3,0.83,Benign
SEC-LOG-103541,6.98,SMB,443,137,79626,0.413,0,89.84,91.71,236.99,7.076,5,35,2,7,1.04,1,89,0.225,Ransomware
SEC-LOG-103542,25.77,TCP,22,120,39213,0.361,0,6.76,39.76,9.35,2.176,4,25,0,8,0.85,0,2,0.813,Benign
SEC-LOG-103543,6.5,SSH,443,129,81315,0.348,0,14.44,28.1,9.13,2.942,3,47,0,9,0.97,0,1,0.81,Benign
SEC-LOG-103544,32.39,TCP,445,112,83058,0.67,0,98.89,94.85,286.41,7.788,3,33,2,12,0.91,1,83,0.198,Ransomware
SEC-LOG-103545,7.69,TCP,22,145,93611,0.554,0,8.59,47.83,5.35,2.751,2,26,0,6,0.88,0,0,0.959,Benign
SEC-LOG-103546,15.91,HTTP,443,104,38762,0.358,0,22.15,29.1,5.08,2.367,5,40,0,6,1.13,0,0,0.937,Benign
SEC-LOG-103547,14.56,DNS,4444,122,93682,0.722,1,42.37,82.06,5.95,2.107,27,52,1,5,0.91,1,23,0.285,Malware
SEC-LOG-103548,7.16,TCP,80,115,57242,0.622,0,14.71,49.48,5.59,2.155,6,52,0,4,1.07,0,2,0.862,Benign
SEC-LOG-103549,13.87,HTTP,4444,116,56578,0.652,0,59.01,55.51,1.77,3.46,37,32,2,11,1.07,1,16,0.21,Malware
SEC-LOG-103550,36.23,HTTPS,445,121,59309,0.316,0,76.27,90.07,305.55,7.829,3,30,2,10,1.14,1,97,0.171,Ransomware
SEC-LOG-103551,9.5,TCP,80,120,84238,0.466,0,31.53,44.81,4.58,3.039,4,21,0,10,1.09,0,3,0.843,Benign
SEC-LOG-103552,16.45,DNS,4444,112,80932,0.864,1,36.24,74.36,6.2,2.889,30,59,1,6,1.12,1,7,0.377,Malware
SEC-LOG-103553,5.42,HTTP,8080,117,55807,0.834,0,65.61,73.6,3.5,3.712,20,44,2,7,0.88,1,23,0.352,Malware
SEC-LOG-103554,4.64,UDP,443,129,66030,0.337,0,14.82,47.54,9.83,2.049,6,25,0,6,0.99,0,2,0.834,Benign
SEC-LOG-103555,9.39,DNS,443,114,3191,0.545,2,6.26,35.7,9.8,2.473,11,74,4,10,0.9,0,3,0.168,Phishing
SEC-LOG-103556,16.24,HTTPS,8080,121,46711,0.327,0,24.71,23.2,2.66,2.503,7,36,0,5,0.94,0,4,0.84,Benign
SEC-LOG-103557,1.3,HTTPS,443,128,68768,0.742,3,31.97,45.93,0.99,3.227,25,10,2,6,1.0,0,14,0.34,Malware
SEC-LOG-103558,1.63,HTTPS,8080,136,90405,0.677,0,10.66,18.75,5.22,2.479,3,41,0,10,0.91,0,1,0.806,Benign
SEC-LOG-103559,5.26,DNS,3389,104,59421,0.826,1,70.39,81.18,9.54,3.455,23,41,1,14,1.09,1,21,0.298,Malware
SEC-LOG-103560,3.23,HTTP,443,141,99512,0.302,0,10.34,49.21,1.1,3.398,7,50,0,7,0.88,0,0,0.801,Benign
SEC-LOG-103561,45.32,TCP,445,119,63174,0.54,0,90.31,66.52,302.91,6.864,7,50,2,7,0.91,1,79,0.186,Ransomware
SEC-LOG-103562,5.86,HTTPS,22,119,82677,0.352,0,15.03,44.72,4.6,2.435,3,28,0,9,1.09,0,2,0.954,Benign
SEC-LOG-103563,5.63,HTTP,443,106,41197,0.652,0,62.68,54.6,6.73,2.815,23,34,3,7,1.07,1,13,0.4,Malware
SEC-LOG-103564,74.08,SSH,22,132,46771,0.747,3,58.41,44.36,2.32,4.39,20,28,1,10,1.06,0,16,0.364,Malware
SEC-LOG-103565,13.52,DNS,443,113,7008,0.678,4,33.19,39.93,2.35,2.837,12,81,6,9,0.89,0,2,0.093,Phishing
SEC-LOG-103566,8.11,HTTPS,3389,109,51725,0.898,1,32.69,48.15,3.96,2.043,22,10,2,4,0.88,1,22,0.409,Malware
SEC-LOG-103567,7.47,HTTPS,80,115,4342,0.551,4,14.58,45.69,9.36,2.338,13,73,3,10,1.11,0,0,0.176,Phishing
SEC-LOG-103568,4.33,SMB,443,101,73674,0.45,0,89.46,93.27,238.53,7.485,6,23,2,9,1.09,1,92,0.202,Ransomware
SEC-LOG-103569,3.14,TCP,139,105,65182,0.643,0,98.76,90.13,233.01,7.238,5,43,2,8,0.87,1,93,0.102,Ransomware
SEC-LOG-103570,6.27,UDP,80,103,53305,0.392,0,10.83,32.82,7.5,3.98,6,23,0,5,1.14,0,3,0.992,Benign
SEC-LOG-103571,27.13,DNS,22,122,46549,0.792,0,59.27,68.35,1.49,4.274,29,22,2,7,1.03,0,21,0.362,Malware
SEC-LOG-103572,1.29,TCP,139,119,88624,0.47,0,91.7,65.71,104.58,7.624,2,18,1,11,1.03,0,90,0.486,Ransomware
SEC-LOG-103573,4.15,UDP,443,4488,392192,0.503,0,76.08,46.72,2.32,2.948,3,28,0,337,13.97,0,2,0.132,DDoS
SEC-LOG-103574,4.8,TCP,443,110,64147,0.553,1,97.03,92.09,174.73,7.843,7,42,2,7,0.96,1,91,0.284,Ransomware
SEC-LOG-103575,78.97,HTTPS,80,119,68073,0.62,0,25.93,29.54,3.39,3.038,6,42,0,6,0.87,0,2,0.924,Benign
SEC-LOG-103576,4.12,DNS,443,123,75284,0.485,0,34.83,38.12,1.57,4.373,6,40,0,9,1.05,0,0,0.99,Benign
SEC-LOG-103577,14.94,HTTPS,4444,144,102907,0.842,3,52.72,75.32,7.84,3.43,28,59,2,7,0.87,0,16,0.216,Malware
SEC-LOG-103578,16.32,HTTP,443,122,4896,0.342,4,31.07,35.3,3.09,3.895,16,53,4,7,0.96,0,6,0.171,Phishing
SEC-LOG-103579,19.63,SSH,4444,109,73531,0.904,3,44.57,44.72,2.4,3.66,22,24,1,4,0.87,1,20,0.328,Malware
SEC-LOG-103580,10.81,HTTP,4444,127,38775,0.872,1,43.38,60.96,9.96,4.377,27,37,1,13,1.11,0,11,0.246,Malware
SEC-LOG-103581,1.07,TCP,8080,111,38721,0.656,0,82.69,81.86,260.49,7.453,2,46,4,8,1.05,1,83,0.141,Ransomware
SEC-LOG-103582,3.19,HTTPS,80,124,74677,0.628,0,13.17,27.14,7.31,2.289,5,26,0,9,1.0,0,1,0.871,Benign
SEC-LOG-103583,4.43,SMB,445,120,53043,0.585,0,87.2,91.91,238.54,7.161,5,41,1,5,0.89,1,82,0.368,Ransomware
SEC-LOG-103584,0.69,HTTP,443,128,78415,0.718,1,56.92,48.71,3.93,3.593,29,26,1,6,0.94,1,16,0.354,Malware
SEC-LOG-103585,19.37,TCP,53,129,94813,0.692,1,17.25,40.25,0.67,2.964,5,33,0,5,0.97,0,1,0.983,Benign
SEC-LOG-103586,22.68,TCP,4444,101,76868,0.792,0,56.12,46.07,9.05,2.079,23,19,3,7,1.09,1,18,0.316,Malware
SEC-LOG-103587,25.64,TCP,445,109,23394,0.486,0,85.8,69.23,102.35,7.469,5,41,2,9,0.9,1,81,0.28,Ransomware
SEC-LOG-103588,6.76,HTTPS,443,130,39895,0.383,0,25.7,35.6,5.18,3.729,7,28,0,5,0.88,0,0,0.889,Benign
SEC-LOG-103589,6.68,TCP,443,110,30604,0.497,0,21.46,32.82,4.4,3.555,5,27,0,14,1.08,0,5,0.844,Benign
SEC-LOG-103590,4.44,TCP,80,4583,754825,0.427,0,87.91,25.49,2.52,3.823,3,30,0,350,5.57,0,3,0.228,DDoS
SEC-LOG-103591,12.81,HTTPS,80,126,31080,0.453,0,15.56,40.48,1.75,2.667,7,27,0,9,1.1,0,2,0.907,Benign
SEC-LOG-103592,19.52,DNS,3389,110,60610,0.787,1,31.96,54.62,8.71,4.15,30,27,2,14,0.95,0,18,0.13,Malware
SEC-LOG-103593,7.3,HTTPS,443,131,28041,0.603,0,53.17,60.93,3.83,3.318,25,38,1,11,1.13,0,17,0.414,Malware
SEC-LOG-103594,36.16,DNS,4444,133,27749,0.782,0,41.39,46.18,3.1,2.968,16,36,2,8,1.12,0,24,0.357,Malware
SEC-LOG-103595,18.82,HTTPS,80,125,7543,0.652,1,13.09,49.27,4.1,2.303,15,127,4,8,1.08,0,1,0.169,Phishing
SEC-LOG-103596,6.68,HTTPS,80,141,51759,0.605,0,5.14,39.83,5.38,3.848,6,42,0,9,1.03,0,5,0.915,Benign
SEC-LOG-103597,13.31,TCP,443,120,59671,0.773,0,40.95,61.03,5.01,2.212,26,24,3,9,0.91,1,21,0.163,Malware
SEC-LOG-103598,7.8,HTTPS,445,116,41334,0.314,2,7.71,44.01,3.87,3.839,5,29,0,9,0.99,0,1,0.817,Benign
SEC-LOG-103599,8.78,HTTPS,443,128,2772,0.318,2,21.75,30.52,7.29,2.803,15,88,3,9,1.15,0,1,0.233,Phishing
SEC-LOG-103600,0.73,HTTPS,22,113,46564,0.632,0,32.0,37.96,9.24,4.318,2,14,0,6,0.88,0,3,0.949,Benign
SEC-LOG-103601,38.32,TCP,8080,122,73391,0.628,3,56.26,47.96,9.93,3.983,19,10,2,8,1.15,0,14,0.313,Malware
SEC-LOG-103602,13.6,SMB,443,126,78845,0.678,0,5.52,17.92,9.16,4.429,3,61,0,16,0.9,0,3,0.962,Benign
SEC-LOG-103603,0.74,HTTPS,53,149,34523,0.559,0,23.83,44.31,6.97,3.882,4,39,0,11,1.06,0,3,0.881,Benign
SEC-LOG-103604,8.15,TCP,443,132,44186,0.654,0,29.41,37.68,8.22,3.326,3,32,0,7,1.15,0,2,0.887,Benign
SEC-LOG-103605,22.59,TCP,80,122,67760,0.477,0,30.39,22.68,5.75,2.815,4,46,0,8,1.07,0,0,0.863,Benign
SEC-LOG-103606,25.12,SMB,139,135,33931,0.576,0,93.43,85.04,169.95,7.573,8,28,1,8,1.07,1,82,0.446,Ransomware
SEC-LOG-103607,48.73,HTTP,443,121,62335,0.436,0,13.31,32.27,6.81,2.201,2,34,0,5,1.12,0,3,0.848,Benign
SEC-LOG-103608,2.06,UDP,80,4530,1078037,0.354,0,67.94,29.03,5.32,2.646,4,35,0,335,7.84,0,2,0.268,DDoS
SEC-LOG-103609,2.28,TCP,443,4343,947904,0.653,0,72.94,18.21,8.28,2.933,7,36,0,387,7.36,0,3,0.33,DDoS
SEC-LOG-103610,12.19,SSH,3389,114,90552,0.746,3,68.45,69.65,4.4,2.764,26,43,3,4,1.03,0,23,0.361,Malware
SEC-LOG-103611,6.81,HTTP,443,100,24338,0.318,0,16.2,44.89,5.92,3.661,5,25,0,4,0.99,0,5,0.806,Benign
SEC-LOG-103612,13.05,HTTPS,8080,119,40391,0.573,0,23.71,16.23,7.97,3.387,3,42,0,12,1.01,0,2,0.949,Benign
SEC-LOG-103613,5.39,SMB,445,125,58646,0.667,0,90.82,87.75,264.27,6.932,2,39,2,6,0.87,1,72,0.111,Ransomware
SEC-LOG-103614,43.48,HTTP,443,121,72880,0.544,0,20.71,21.57,7.17,3.023,7,25,0,6,1.06,0,2,0.884,Benign
SEC-LOG-103615,38.67,HTTP,53,101,52106,0.416,0,11.44,29.37,1.54,2.809,2,30,0,8,1.09,0,4,0.807,Benign
SEC-LOG-103616,14.89,HTTP,53,115,51451,0.82,1,40.22,45.99,7.74,2.035,23,55,2,12,0.99,0,13,0.169,Malware
SEC-LOG-103617,2.09,HTTPS,445,120,34901,0.688,0,84.36,75.7,188.49,6.875,9,10,2,6,0.87,1,87,0.182,Ransomware
SEC-LOG-103618,43.09,TCP,8080,118,69718,0.404,0,77.76,92.4,149.62,7.472,7,26,1,12,0.93,0,63,0.253,Ransomware
SEC-LOG-103619,5.03,TCP,443,107,62986,0.664,0,23.75,21.37,4.72,2.004,5,26,0,4,1.03,0,4,0.973,Benign
SEC-LOG-103620,13.47,DNS,80,106,3577,0.397,6,11.73,22.87,8.26,3.825,15,53,2,9,0.9,0,1,0.377,Phishing
SEC-LOG-103621,17.28,TCP,80,136,107491,0.304,0,33.66,21.29,9.39,2.671,7,41,0,11,1.07,0,1,0.96,Benign
SEC-LOG-103622,18.14,TCP,445,121,32003,0.363,2,33.13,29.18,7.6,4.017,8,29,0,10,1.15,0,1,0.831,Benign
SEC-LOG-103623,3.81,SMB,443,118,92468,0.323,0,88.1,65.17,319.08,7.39,6,51,2,9,1.11,1,76,0.187,Ransomware
SEC-LOG-103624,10.78,TCP,80,111,36003,0.548,1,8.52,39.69,7.48,2.556,6,26,0,9,1.05,0,0,0.862,Benign
SEC-LOG-103625,24.88,FTP,443,136,80616,0.583,0,29.47,31.05,5.32,4.447,3,45,0,6,0.87,0,3,0.986,Benign
SEC-LOG-103626,5.25,SMB,3389,121,89360,0.536,0,33.36,29.88,3.01,2.917,3,34,0,8,1.05,0,0,0.918,Benign
SEC-LOG-103627,6.1,TCP,443,112,26423,0.678,0,71.51,71.55,201.21,7.005,7,64,1,15,1.11,1,89,0.189,Ransomware
SEC-LOG-103628,1.6,SMB,445,118,26845,0.311,0,91.12,78.39,242.09,7.953,5,35,1,10,0.98,1,81,0.422,Ransomware
SEC-LOG-103629,9.11,DNS,80,109,4572,0.54,4,18.54,19.22,9.83,3.06,12,60,3,7,0.96,0,3,0.369,Phishing
SEC-LOG-103630,47.27,SMB,139,120,75697,0.44,0,96.86,64.44,194.09,7.62,6,21,1,5,0.88,0,77,0.231,Ransomware
SEC-LOG-103631,56.96,TCP,3389,111,83086,0.697,1,29.52,35.34,5.48,2.156,6,14,0,7,0.85,0,1,0.876,Benign
SEC-LOG-103632,0.41,SSH,443,117,37363,0.727,0,46.77,82.99,7.12,4.358,18,25,2,11,0.91,1,18,0.11,Malware
SEC-LOG-103633,12.45,UDP,443,126,49012,0.396,0,28.71,22.48,5.77,2.447,4,18,0,3,0.92,0,2,0.817,Benign
SEC-LOG-103634,5.78,UDP,443,126,54487,0.492,0,15.09,49.78,9.49,2.556,8,64,0,6,0.89,0,5,0.852,Benign
SEC-LOG-103635,9.79,SSH,4444,109,81603,0.906,0,55.79,63.11,4.09,3.149,25,17,2,8,0.97,1,10,0.434,Malware
SEC-LOG-103636,3.51,HTTP,443,4456,407394,0.499,0,65.18,27.19,5.92,3.486,10,54,0,380,10.53,0,1,0.159,DDoS
SEC-LOG-103637,2.39,UDP,21,112,48769,0.683,0,19.24,49.66,1.93,2.406,4,29,0,8,0.92,0,1,0.971,Benign
SEC-LOG-103638,20.04,HTTPS,53,129,84534,0.436,1,33.13,24.55,2.94,4.147,7,34,0,11,0.87,0,2,0.995,Benign
SEC-LOG-103639,32.29,HTTPS,443,113,66011,0.588,0,21.21,26.14,7.29,3.131,9,39,0,4,0.91,0,1,0.892,Benign
SEC-LOG-103640,4.68,TCP,80,116,35742,0.57,0,18.81,36.7,5.1,4.39,5,44,0,4,1.07,0,4,0.956,Benign
SEC-LOG-103641,4.0,UDP,80,4488,495504,0.549,0,87.22,19.6,4.24,2.55,7,55,0,349,12.69,0,1,0.28,DDoS
SEC-LOG-103642,3.75,HTTP,4444,135,99013,0.864,5,65.02,41.83,6.74,3.03,24,30,3,4,0.96,0,16,0.117,Malware
SEC-LOG-103643,34.55,HTTPS,8080,111,39377,0.832,1,58.11,80.34,5.03,3.302,13,20,2,6,0.98,0,16,0.18,Malware
SEC-LOG-103644,23.2,TCP,8080,118,83298,0.544,0,94.79,67.93,148.04,7.468,4,17,2,4,0.99,1,84,0.288,Ransomware
SEC-LOG-103645,0.62,UDP,443,130,72474,0.61,0,34.91,33.16,6.95,4.077,7,36,0,9,1.13,0,1,0.939,Benign
SEC-LOG-103646,9.22,HTTPS,8080,121,24668,0.601,1,63.15,59.86,9.39,3.834,25,33,3,11,0.87,0,18,0.325,Malware
SEC-LOG-103647,1.65,HTTP,8080,133,28966,0.626,0,30.23,82.64,1.91,4.013,26,50,1,13,0.93,0,16,0.4,Malware
SEC-LOG-103648,3.28,TCP,8080,117,78229,0.715,0,35.99,66.13,8.48,4.47,21,21,2,5,0.85,0,21,0.391,Malware
SEC-LOG-103649,1.93,HTTP,53,4556,1087936,0.398,0,82.04,24.05,4.33,4.414,5,39,0,371,11.63,0,0,0.185,DDoS
SEC-LOG-103650,65.73,HTTPS,445,119,32243,0.491,0,82.49,87.21,284.05,7.505,3,29,1,9,1.08,1,80,0.344,Ransomware
SEC-LOG-103651,12.41,TCP,80,136,47550,0.513,0,12.12,48.59,6.03,3.573,2,27,0,8,0.86,0,2,0.805,Benign
SEC-LOG-103652,25.24,HTTPS,139,118,33261,0.559,0,84.55,77.16,342.83,7.031,6,34,1,3,1.0,1,85,0.132,Ransomware
SEC-LOG-103653,7.16,TCP,80,110,73037,0.507,0,11.93,37.64,6.25,2.945,5,32,0,13,0.96,0,2,0.821,Benign
SEC-LOG-103654,6.62,TCP,21,102,22773,0.304,0,15.5,15.1,8.23,2.229,1,30,0,7,0.89,0,3,0.894,Benign
SEC-LOG-103655,14.54,FTP,80,157,121431,0.412,0,7.58,24.46,6.75,2.699,3,45,0,5,1.04,0,1,0.873,Benign
SEC-LOG-103656,22.8,UDP,445,96,39166,0.458,0,23.54,39.91,9.99,2.989,3,37,0,8,1.09,0,0,0.889,Benign
SEC-LOG-103657,6.79,TCP,443,128,91837,0.636,0,53.97,83.01,9.53,2.807,30,28,2,6,0.87,1,15,0.329,Malware
SEC-LOG-103658,16.23,HTTP,443,111,6727,0.472,4,17.71,20.5,5.81,3.14,11,45,6,6,1.15,0,4,0.298,Phishing
SEC-LOG-103659,1.15,UDP,443,4591,1015901,0.619,0,91.56,40.25,6.0,3.584,3,18,0,332,11.98,0,5,0.058,DDoS
SEC-LOG-103660,7.26,HTTPS,22,115,45130,0.644,0,39.88,53.12,9.83,3.376,23,41,3,10,0.93,0,19,0.281,Malware
SEC-LOG-103661,12.69,HTTP,8080,141,98641,0.794,0,37.22,53.23,2.25,3.181,17,57,1,5,1.1,0,22,0.227,Malware
SEC-LOG-103662,1.43,HTTP,443,110,69873,0.408,0,10.7,29.89,7.84,2.031,5,41,0,6,0.93,0,1,0.804,Benign
SEC-LOG-103663,4.42,TCP,8080,119,25642,0.646,0,27.82,47.26,3.92,2.734,7,38,0,12,0.87,0,3,0.806,Benign
SEC-LOG-103664,12.7,TCP,22,117,77619,0.61,0,66.46,72.89,2.74,4.088,24,26,1,5,0.99,0,26,0.237,Malware
SEC-LOG-103665,21.79,HTTPS,8080,123,75656,0.83,0,54.29,40.7,3.63,3.976,31,23,1,8,1.14,1,13,0.419,Malware
SEC-LOG-103666,67.04,HTTPS,445,131,30449,0.446,0,86.99,71.32,276.93,7.73,8,39,4,6,1.06,1,72,0.49,Ransomware
SEC-LOG-103667,18.2,HTTPS,53,139,34852,0.587,0,6.89,48.56,6.86,2.655,4,56,0,6,1.13,0,1,0.826,Benign
SEC-LOG-103668,33.66,HTTP,443,100,65828,0.447,0,13.31,48.93,3.54,2.202,5,50,0,10,0.89,0,1,0.965,Benign
SEC-LOG-103669,1.69,SSH,8080,130,42140,0.812,0,58.34,43.1,6.73,3.542,21,33,3,5,1.06,1,14,0.171,Malware
SEC-LOG-103670,1.18,UDP,8080,118,89865,0.39,0,12.13,34.46,1.94,3.885,9,56,0,10,0.87,0,4,0.973,Benign
SEC-LOG-103671,9.78,DNS,3389,116,40300,0.535,0,17.92,20.07,8.92,3.275,4,29,0,6,1.14,0,1,0.966,Benign
SEC-LOG-103672,14.64,HTTPS,80,129,5385,0.345,4,27.18,19.11,5.82,3.307,20,106,6,11,1.03,0,1,0.081,Phishing
SEC-LOG-103673,17.37,SSH,22,149,110633,0.508,0,26.49,26.87,7.27,3.846,4,33,0,12,1.04,0,3,0.962,Benign
SEC-LOG-103674,11.52,HTTPS,80,117,3027,0.581,1,17.17,42.46,8.1,3.53,15,102,3,7,0.95,0,1,0.306,Phishing
SEC-LOG-103675,5.86,TCP,443,121,76531,0.456,1,6.21,27.39,4.35,2.534,3,33,0,7,1.09,0,1,0.979,Benign
SEC-LOG-103676,1.39,HTTP,443,125,81430,0.652,0,26.1,41.16,9.63,2.747,8,33,0,7,1.0,0,4,0.867,Benign
SEC-LOG-103677,3.98,SSH,443,132,41658,0.411,0,21.96,19.49,9.73,2.083,2,51,0,11,0.9,0,1,0.811,Benign
SEC-LOG-103678,43.29,TCP,445,119,35014,0.393,0,71.37,87.72,326.44,7.223,4,41,2,12,0.88,1,91,0.41,Ransomware
SEC-LOG-103679,31.89,UDP,53,130,90839,0.637,0,32.0,19.65,2.18,4.095,5,33,0,10,1.04,0,2,0.809,Benign
SEC-LOG-103680,4.19,HTTPS,443,143,35174,0.598,0,90.11,82.17,276.23,6.965,7,33,2,8,1.09,1,97,0.178,Ransomware
SEC-LOG-103681,6.78,FTP,443,122,44652,0.615,0,21.88,32.37,6.37,3.218,6,39,0,15,0.86,0,1,0.86,Benign
SEC-LOG-103682,4.85,SMB,139,119,92432,0.556,0,92.38,65.18,329.29,7.87,7,31,1,7,1.01,1,91,0.35,Ransomware
SEC-LOG-103683,8.52,TCP,8443,112,54267,0.385,0,34.06,20.11,1.88,4.323,3,62,0,13,1.01,0,1,0.947,Benign
SEC-LOG-103684,8.87,HTTPS,80,135,3777,0.598,2,20.54,20.9,1.32,3.319,19,111,3,12,0.86,0,2,0.182,Phishing
SEC-LOG-103685,9.79,SSH,4444,114,85131,0.818,0,54.77,67.28,4.13,4.121,28,42,1,10,0.9,1,17,0.367,Malware
SEC-LOG-103686,1.99,UDP,80,4526,560659,0.428,0,69.0,15.09,9.26,4.183,7,53,0,344,5.0,0,1,0.08,DDoS
SEC-LOG-103687,9.05,DNS,443,114,29288,0.478,0,31.25,27.31,1.8,2.584,3,27,0,10,0.87,0,1,0.972,Benign
SEC-LOG-103688,4.76,TCP,22,120,29352,0.4,0,14.33,20.36,9.3,2.127,6,23,0,13,0.97,0,3,0.817,Benign
SEC-LOG-103689,5.54,HTTP,80,125,29720,0.688,0,17.37,36.96,5.99,2.915,3,34,0,9,0.95,0,4,0.996,Benign
SEC-LOG-103690,20.73,TCP,139,122,35671,0.571,0,82.01,63.39,295.63,7.622,5,23,1,12,1.07,0,92,0.437,Ransomware
SEC-LOG-103691,27.52,HTTP,8080,123,59100,0.81,3,56.41,72.39,8.38,3.9,17,35,2,4,0.94,1,14,0.354,Malware
SEC-LOG-103692,11.06,SMB,445,141,96348,0.573,0,77.41,67.87,330.94,7.332,12,33,1,9,0.97,1,89,0.176,Ransomware
SEC-LOG-103693,17.24,TCP,53,120,90300,0.621,0,20.56,36.71,3.51,3.906,7,42,0,7,0.96,0,1,0.848,Benign
SEC-LOG-103694,5.2,HTTP,80,127,90921,0.646,0,25.84,27.54,8.68,3.564,2,40,0,11,0.89,0,5,0.917,Benign
SEC-LOG-103695,12.66,TCP,80,130,85610,0.544,0,22.21,17.0,8.06,3.939,2,35,0,11,1.05,0,4,0.904,Benign
SEC-LOG-103696,0.79,HTTP,80,4487,806779,0.651,0,92.89,28.64,9.4,4.485,2,17,0,343,7.7,0,1,0.334,DDoS
SEC-LOG-103697,12.96,HTTP,80,106,1750,0.315,4,9.4,22.01,0.82,3.821,23,81,2,5,1.13,0,0,0.38,Phishing
SEC-LOG-103698,3.13,UDP,80,4558,874927,0.368,0,86.09,36.99,7.18,2.748,6,26,0,330,11.5,0,0,0.109,DDoS
SEC-LOG-103699,2.12,TCP,80,129,85455,0.427,0,10.05,16.45,6.98,3.486,3,44,0,4,0.91,0,1,0.875,Benign
SEC-LOG-103700,5.47,HTTP,443,121,5622,0.643,6,21.01,38.36,9.78,4.184,14,98,2,8,0.99,0,1,0.129,Phishing
SEC-LOG-103701,10.39,HTTP,443,138,5838,0.324,2,8.98,27.49,5.38,2.855,19,87,2,9,0.99,0,2,0.272,Phishing
SEC-LOG-103702,10.3,TCP,3389,129,95420,0.625,0,26.31,20.16,3.73,2.57,3,66,0,8,0.95,0,2,0.996,Benign
SEC-LOG-103703,0.84,TCP,139,122,83258,0.446,0,79.56,62.03,273.78,7.669,4,26,1,13,0.94,1,79,0.423,Ransomware
SEC-LOG-103704,1.62,TCP,8080,4483,911607,0.371,0,81.63,27.43,6.68,4.0,8,43,0,319,14.76,0,1,0.336,DDoS
SEC-LOG-103705,50.24,TCP,8080,142,36893,0.651,1,77.98,67.4,111.93,7.119,2,27,2,6,1.07,1,71,0.29,Ransomware
SEC-LOG-103706,16.98,HTTPS,443,96,7097,0.411,2,30.82,19.13,8.98,3.862,24,87,3,7,0.86,0,1,0.133,Phishing
SEC-LOG-103707,4.39,TCP,443,113,82847,0.469,0,27.08,34.75,7.01,2.792,3,20,0,11,0.93,0,0,0.833,Benign
SEC-LOG-103708,9.21,TCP,22,127,28914,0.688,0,29.36,22.07,9.31,3.088,5,43,0,9,1.02,0,1,0.978,Benign
SEC-LOG-103709,0.8,DNS,80,4608,859320,0.393,0,84.87,44.65,0.73,3.257,5,39,0,322,12.17,0,3,0.184,DDoS
SEC-LOG-103710,3.49,DNS,443,130,96619,0.349,0,14.65,38.0,1.97,2.757,4,47,0,11,0.95,0,1,0.953,Benign
SEC-LOG-103711,17.93,HTTPS,80,96,4636,0.575,1,30.28,40.9,3.44,2.158,23,68,2,3,1.12,0,0,0.074,Phishing
SEC-LOG-103712,8.52,DNS,80,120,1884,0.656,2,15.97,42.75,0.91,3.486,14,82,6,9,1.09,0,2,0.356,Phishing
SEC-LOG-103713,19.44,HTTP,443,110,2870,0.302,2,10.34,34.85,6.47,2.796,16,62,3,7,0.99,0,1,0.184,Phishing
SEC-LOG-103714,3.7,TCP,80,4535,564803,0.485,0,91.02,16.05,5.39,3.891,8,25,0,340,4.0,0,0,0.063,DDoS
SEC-LOG-103715,21.54,HTTPS,53,114,50288,0.333,0,17.57,28.13,5.15,3.224,3,50,0,9,1.13,0,4,0.866,Benign
SEC-LOG-103716,0.33,UDP,80,128,88361,0.59,0,20.42,39.82,8.16,3.842,1,26,0,3,0.9,0,2,0.963,Benign
SEC-LOG-103717,6.81,DNS,80,129,97359,0.535,0,23.41,49.71,3.88,2.164,2,33,0,7,1.0,0,4,0.839,Benign
SEC-LOG-103718,2.1,SSH,8080,128,47615,0.892,0,54.36,65.16,5.45,3.161,16,38,3,7,0.92,0,21,0.238,Malware
SEC-LOG-103719,4.22,TCP,80,112,87895,0.661,0,12.62,31.94,3.34,2.093,3,29,0,4,1.13,0,2,0.879,Benign
SEC-LOG-103720,23.28,TCP,53,125,85258,0.582,0,20.4,20.02,7.65,2.562,3,49,0,6,1.12,0,3,0.933,Benign
SEC-LOG-103721,39.26,SMB,445,130,94151,0.321,0,85.65,80.94,271.9,7.679,8,61,2,8,1.04,0,78,0.244,Ransomware
SEC-LOG-103722,0.27,UDP,80,4473,995628,0.447,0,70.08,32.82,9.38,4.408,10,43,0,378,13.22,0,1,0.321,DDoS
SEC-LOG-103723,11.79,TCP,445,132,48860,0.51,0,22.9,22.54,2.96,2.872,6,40,0,9,0.86,0,1,0.95,Benign
SEC-LOG-103724,28.58,HTTP,22,124,59029,0.421,0,5.55,22.25,3.65,4.042,6,32,0,8,1.14,0,5,0.863,Benign
SEC-LOG-103725,1.1,TCP,80,4513,759581,0.681,0,73.89,40.89,6.05,2.757,5,42,0,351,10.63,0,0,0.26,DDoS
SEC-LOG-103726,63.32,HTTP,443,115,73698,0.694,0,7.02,34.36,2.29,2.841,3,53,0,17,0.97,0,3,0.822,Benign
SEC-LOG-103727,42.15,TCP,53,107,60030,0.502,0,15.51,33.5,3.77,2.25,2,26,0,5,0.87,0,2,0.967,Benign
SEC-LOG-103728,0.64,SSH,22,105,46640,0.354,0,15.23,15.74,6.45,4.427,3,20,0,9,1.14,0,1,0.927,Benign
SEC-LOG-103729,10.35,TCP,3389,110,28462,0.877,0,32.75,74.94,3.96,3.286,35,36,1,10,0.97,0,18,0.108,Malware
SEC-LOG-103730,5.71,TCP,80,128,75348,0.495,1,7.8,37.95,9.32,2.128,7,10,0,7,1.11,0,2,0.817,Benign
SEC-LOG-103731,2.49,UDP,80,4482,1040826,0.659,0,88.48,36.58,3.63,2.39,0,21,0,374,9.56,0,1,0.1,DDoS
SEC-LOG-103732,24.2,TCP,8080,129,36211,0.729,0,54.39,73.25,5.66,3.987,24,53,1,8,0.97,0,16,0.234,Malware
SEC-LOG-103733,33.11,HTTPS,4444,114,62787,0.69,0,39.92,77.09,9.27,2.794,29,12,2,8,0.88,0,16,0.106,Malware
SEC-LOG-103734,2.1,HTTPS,443,115,59766,0.489,0,17.93,46.39,5.33,4.5,4,42,0,11,1.07,0,1,0.926,Benign
SEC-LOG-103735,8.87,HTTP,8080,132,56316,0.609,0,45.56,48.57,7.73,3.585,32,33,1,12,0.94,1,24,0.298,Malware
SEC-LOG-103736,9.22,HTTP,443,129,7063,0.304,1,31.4,45.07,9.22,2.437,16,101,2,12,1.12,0,0,0.339,Phishing
SEC-LOG-103737,7.1,SMB,139,121,50663,0.629,0,75.53,61.61,209.58,7.871,6,10,1,4,0.94,1,75,0.361,Ransomware
SEC-LOG-103738,26.14,SMB,139,125,65994,0.48,0,91.49,75.84,92.51,7.221,7,41,2,15,1.01,0,93,0.234,Ransomware
SEC-LOG-103739,47.11,TCP,4444,133,50663,0.871,0,45.29,82.97,4.91,2.839,25,46,2,7,1.07,0,10,0.219,Malware
SEC-LOG-103740,4.72,HTTP,53,4409,612626,0.33,0,91.88,15.52,6.02,2.374,3,36,0,323,12.01,0,4,0.275,DDoS
SEC-LOG-103741,18.59,SMB,445,113,59251,0.418,2,83.57,61.99,138.5,7.914,6,33,1,8,0.97,0,96,0.259,Ransomware
SEC-LOG-103742,24.48,SMB,8080,134,62979,0.47,0,97.39,78.76,164.13,7.849,6,28,2,4,1.04,1,89,0.261,Ransomware
SEC-LOG-103743,12.17,HTTPS,80,122,77855,0.582,0,18.88,30.68,8.36,2.797,8,20,0,11,1.15,0,1,0.801,Benign
SEC-LOG-103744,26.6,SMB,80,110,36490,0.49,0,31.63,31.49,2.56,2.912,7,32,0,7,1.1,0,0,0.883,Benign
SEC-LOG-103745,4.79,UDP,80,121,31088,0.396,0,10.97,36.77,8.82,4.039,3,19,0,7,1.1,0,2,0.965,Benign
SEC-LOG-103746,19.66,HTTP,443,130,6883,0.41,2,27.72,24.5,6.1,3.948,16,115,4,5,1.01,0,2,0.391,Phishing
SEC-LOG-103747,15.08,TCP,22,128,40587,0.624,1,69.58,64.25,4.92,2.215,15,31,1,9,1.1,0,18,0.273,Malware
SEC-LOG-103748,45.41,DNS,443,132,28081,0.632,3,70.39,81.42,4.44,4.028,26,36,1,10,0.96,1,17,0.22,Malware
SEC-LOG-103749,6.63,SMB,443,118,59077,0.629,0,99.41,85.73,198.73,7.376,4,27,2,9,1.07,1,81,0.347,Ransomware
SEC-LOG-103750,1.63,TCP,445,120,27861,0.48,0,77.69,69.79,169.99,7.065,2,25,4,7,0.96,1,81,0.161,Ransomware
SEC-LOG-103751,4.32,TCP,80,4616,538822,0.659,1,90.17,29.08,3.75,2.349,3,32,0,336,6.69,0,1,0.116,DDoS
SEC-LOG-103752,3.7,HTTP,443,119,53723,0.427,1,7.48,32.14,8.71,2.968,3,18,0,7,0.99,0,3,0.906,Benign
SEC-LOG-103753,2.86,HTTP,8080,125,2448,0.322,2,32.07,17.47,6.08,3.591,11,157,3,11,0.94,0,2,0.361,Phishing
SEC-LOG-103754,27.04,TCP,443,130,88015,0.395,0,32.23,22.47,5.17,2.558,6,25,0,11,1.14,0,4,0.934,Benign
SEC-LOG-103755,49.01,DNS,53,110,81792,0.375,0,19.36,35.85,5.19,2.744,3,33,0,12,0.99,0,0,0.813,Benign
SEC-LOG-103756,0.37,HTTP,80,131,97111,0.482,0,19.98,46.6,4.3,2.281,3,37,0,7,0.99,0,5,0.986,Benign
SEC-LOG-103757,6.46,TCP,443,124,28216,0.687,0,18.54,46.24,4.44,3.793,4,17,0,10,0.95,0,3,0.817,Benign
SEC-LOG-103758,1.44,SSH,8080,116,36996,0.615,0,55.16,44.91,3.81,2.469,30,55,1,3,1.12,1,15,0.249,Malware
SEC-LOG-103759,1.0,SMB,445,132,92924,0.382,1,74.31,68.01,126.31,6.932,6,26,1,5,0.92,1,93,0.265,Ransomware
SEC-LOG-103760,35.44,HTTPS,8080,104,23798,0.603,0,12.46,18.19,8.23,3.456,5,42,0,9,0.87,0,1,0.973,Benign
SEC-LOG-103761,4.32,HTTPS,443,99,3444,0.304,2,11.11,45.62,1.67,3.096,13,50,3,7,1.14,0,4,0.315,Phishing
SEC-LOG-103762,13.04,SSH,3389,119,56582,0.887,0,63.16,64.28,9.74,2.789,24,37,2,10,0.87,0,22,0.27,Malware
SEC-LOG-103763,4.84,TCP,80,137,92281,0.654,0,33.06,30.86,3.54,4.289,6,37,0,8,0.95,0,2,0.997,Benign
SEC-LOG-103764,6.36,HTTPS,3389,110,80107,0.92,1,63.22,71.92,8.6,4.273,30,17,3,10,1.06,0,19,0.312,Malware
SEC-LOG-103765,2.82,TCP,443,124,62354,0.373,0,25.97,15.06,3.82,3.81,5,21,0,11,1.15,0,1,0.947,Benign
SEC-LOG-103766,8.49,HTTP,53,145,81250,0.631,0,55.29,73.16,8.6,3.141,22,20,3,4,0.96,1,18,0.191,Malware
SEC-LOG-103767,15.78,HTTP,4444,132,102085,0.83,0,33.99,61.55,4.34,3.807,19,39,2,11,1.0,1,25,0.341,Malware
SEC-LOG-103768,5.47,HTTP,8443,137,39865,0.522,0,25.42,34.77,8.84,3.921,5,51,0,10,1.09,0,1,0.955,Benign
SEC-LOG-103769,20.82,DNS,22,132,89522,0.533,0,23.19,30.08,5.51,3.36,10,52,0,4,0.86,0,4,0.885,Benign
SEC-LOG-103770,24.85,TCP,4444,132,100466,0.749,0,37.62,48.77,4.93,3.273,28,45,1,7,1.11,0,23,0.387,Malware
SEC-LOG-103771,0.79,TCP,53,4487,462107,0.583,0,78.32,30.68,4.65,2.56,5,10,0,343,11.77,0,3,0.163,DDoS
SEC-LOG-103772,37.0,HTTPS,443,106,27863,0.326,0,19.41,19.38,4.68,2.721,6,34,0,5,0.91,0,3,0.914,Benign
SEC-LOG-103773,14.78,DNS,80,123,5749,0.59,2,13.51,25.68,4.06,2.505,15,103,2,6,1.08,0,2,0.109,Phishing
SEC-LOG-103774,13.96,DNS,80,98,5247,0.411,4,27.5,29.41,9.67,3.964,12,74,4,5,1.1,0,2,0.201,Phishing
SEC-LOG-103775,0.47,HTTP,22,4535,1098981,0.628,0,94.94,48.42,7.41,3.732,8,33,0,328,14.61,0,1,0.346,DDoS
SEC-LOG-103776,12.75,TCP,445,109,43968,0.484,2,89.97,77.15,283.59,7.222,7,40,2,5,1.14,1,99,0.282,Ransomware
SEC-LOG-103777,42.92,DNS,3389,106,60404,0.683,3,54.82,52.04,6.13,2.947,22,55,2,6,1.04,1,20,0.253,Malware
SEC-LOG-103778,9.41,HTTPS,80,116,6300,0.474,6,23.9,39.19,2.91,2.372,13,45,3,7,1.0,0,3,0.211,Phishing
SEC-LOG-103779,5.2,HTTPS,445,118,92519,0.461,0,70.51,60.11,119.48,7.689,8,48,1,9,1.03,1,104,0.299,Ransomware
SEC-LOG-103780,22.94,DNS,80,135,81490,0.648,0,27.1,27.59,8.19,2.806,4,43,0,2,0.89,0,1,0.816,Benign
SEC-LOG-103781,12.65,SSH,8080,107,54924,0.373,0,5.09,30.4,6.79,2.808,0,21,0,11,1.03,0,1,0.868,Benign
SEC-LOG-103782,7.24,TCP,443,122,59382,0.311,0,23.54,22.22,9.02,2.674,8,44,0,4,0.9,0,2,0.87,Benign
SEC-LOG-103783,12.85,HTTPS,443,130,36902,0.626,0,83.27,89.77,231.0,7.592,3,22,1,5,0.97,1,80,0.23,Ransomware
SEC-LOG-103784,4.98,TCP,443,138,45048,0.389,0,84.17,72.7,137.18,7.02,3,43,2,8,1.07,1,85,0.115,Ransomware
SEC-LOG-103785,37.78,HTTP,21,117,33799,0.553,0,10.6,32.91,5.58,2.902,4,32,0,10,0.95,0,3,0.972,Benign
SEC-LOG-103786,11.44,HTTP,3389,101,63316,0.616,3,71.0,78.88,3.94,4.028,29,47,1,4,1.07,1,12,0.37,Malware
SEC-LOG-103787,60.54,HTTPS,443,123,61747,0.859,0,34.65,41.86,5.15,3.839,22,30,3,8,1.13,0,17,0.249,Malware
SEC-LOG-103788,1.57,TCP,8080,110,41335,0.429,0,34.09,41.53,3.9,3.058,4,34,0,7,0.87,0,3,0.859,Benign
SEC-LOG-103789,2.19,TCP,443,4563,492491,0.34,0,67.08,32.94,3.45,2.756,3,12,0,336,5.73,0,4,0.166,DDoS
SEC-LOG-103790,46.3,TCP,445,118,91492,0.652,0,31.58,17.18,6.69,3.622,4,37,0,6,0.95,0,2,0.88,Benign
SEC-LOG-103791,14.24,UDP,443,141,91981,0.418,0,18.74,47.55,6.26,2.834,5,23,0,7,0.95,0,2,0.966,Benign
SEC-LOG-103792,66.89,SSH,22,127,98115,0.92,0,71.52,40.78,8.82,3.404,24,26,2,6,1.12,0,15,0.114,Malware
SEC-LOG-103793,7.6,HTTPS,443,123,6264,0.424,4,6.45,46.48,8.88,2.664,15,76,3,7,0.9,0,3,0.106,Phishing
SEC-LOG-103794,11.02,HTTPS,443,115,86671,0.577,0,22.65,17.6,5.02,4.111,4,44,0,13,0.95,0,1,0.922,Benign
SEC-LOG-103795,9.89,HTTP,443,113,1621,0.582,1,14.49,39.75,6.44,2.356,15,101,4,11,1.07,0,1,0.265,Phishing
SEC-LOG-103796,30.5,TCP,4444,113,74162,0.68,0,72.9,71.54,5.45,3.382,22,10,4,13,1.07,0,18,0.25,Malware
SEC-LOG-103797,17.09,TCP,8080,118,30220,0.537,0,20.28,23.28,1.31,3.792,8,35,0,2,0.88,0,3,0.865,Benign
SEC-LOG-103798,37.12,TCP,80,118,69313,0.581,0,5.3,26.1,6.42,4.489,6,25,0,7,0.92,0,3,0.985,Benign
SEC-LOG-103799,11.15,TCP,443,122,66642,0.626,3,47.42,80.26,5.28,2.445,23,60,1,10,0.88,1,14,0.217,Malware
SEC-LOG-103800,3.73,UDP,443,111,58143,0.54,0,28.56,39.42,0.96,3.295,6,25,0,9,0.93,0,2,0.881,Benign
SEC-LOG-103801,2.88,HTTP,80,4539,776924,0.301,0,71.57,27.31,2.92,2.553,2,30,0,365,9.47,0,2,0.322,DDoS
SEC-LOG-103802,20.13,SMB,443,134,67433,0.33,1,94.62,73.33,202.8,7.751,3,38,2,3,1.09,1,75,0.281,Ransomware
SEC-LOG-103803,4.8,UDP,80,4545,834948,0.495,0,93.93,34.31,7.72,3.66,4,48,0,382,14.07,0,1,0.216,DDoS
SEC-LOG-103804,7.19,TCP,80,110,73523,0.629,0,12.32,36.5,9.37,2.414,4,42,0,3,1.14,0,2,0.831,Benign
SEC-LOG-103805,3.6,UDP,80,4510,1021855,0.605,0,84.08,28.05,6.8,3.028,9,28,0,341,10.95,0,3,0.144,DDoS
SEC-LOG-103806,30.12,DNS,8080,139,40654,0.901,0,31.03,71.91,4.44,4.071,28,29,4,5,0.95,0,10,0.215,Malware
SEC-LOG-103807,6.79,HTTPS,443,113,88793,0.5,0,24.0,42.58,3.88,3.033,4,38,0,4,1.04,0,2,0.92,Benign
SEC-LOG-103808,28.28,UDP,443,123,29655,0.665,0,29.07,35.77,5.46,3.622,6,42,0,4,0.91,0,3,0.867,Benign
SEC-LOG-103809,4.39,HTTP,53,124,68457,0.7,0,16.85,48.89,7.22,3.134,3,26,0,12,0.88,0,1,0.998,Benign
SEC-LOG-103810,5.39,HTTPS,80,121,7901,0.527,2,20.44,36.86,4.93,2.048,14,63,2,10,1.04,0,0,0.142,Phishing
SEC-LOG-103811,25.68,HTTP,8080,105,69628,0.695,0,61.34,55.23,7.59,2.089,25,26,1,6,1.06,0,22,0.141,Malware
SEC-LOG-103812,44.76,DNS,3389,109,63171,0.669,0,15.41,22.71,4.14,2.111,8,31,0,6,0.88,0,2,0.903,Benign
SEC-LOG-103813,3.2,HTTP,80,115,4959,0.537,4,9.95,38.32,2.7,4.293,12,122,2,10,1.11,0,1,0.356,Phishing
SEC-LOG-103814,6.93,SMB,443,120,89537,0.396,0,29.51,34.9,8.71,2.449,4,36,0,8,0.93,0,2,0.849,Benign
SEC-LOG-103815,54.16,DNS,8080,106,51188,0.836,1,43.01,81.37,5.56,3.673,18,51,1,5,1.05,0,6,0.179,Malware
SEC-LOG-103816,1.16,TCP,443,114,64484,0.401,1,30.68,47.49,0.88,3.41,4,38,0,9,1.02,0,1,0.838,Benign
SEC-LOG-103817,14.69,HTTPS,443,117,83815,0.648,0,79.39,94.79,252.18,7.269,5,36,2,9,1.04,0,87,0.285,Ransomware
SEC-LOG-103818,17.21,SMB,445,130,53036,0.637,0,82.31,88.88,232.44,6.848,5,22,1,10,1.1,1,70,0.498,Ransomware
SEC-LOG-103819,21.62,TCP,22,107,29961,0.941,5,71.76,40.07,6.1,4.113,15,36,2,8,0.97,1,27,0.182,Malware
SEC-LOG-103820,5.55,TCP,443,123,31938,0.576,0,8.5,47.09,9.52,2.079,4,38,0,7,1.02,0,2,0.99,Benign
SEC-LOG-103821,3.19,HTTP,443,111,33332,0.61,1,28.18,23.76,2.88,3.831,2,18,0,12,1.01,0,2,0.938,Benign
SEC-LOG-103822,31.06,SMB,139,122,89253,0.395,0,83.88,63.36,99.53,7.304,2,16,1,7,1.09,1,95,0.499,Ransomware
SEC-LOG-103823,7.96,DNS,22,121,88911,0.449,0,26.8,38.33,2.06,3.068,6,42,0,7,1.1,0,4,0.842,Benign
SEC-LOG-103824,3.45,UDP,80,119,31105,0.413,0,25.03,21.47,3.84,2.469,3,40,0,8,0.93,0,5,0.932,Benign
SEC-LOG-103825,18.1,DNS,22,129,92520,0.479,1,27.53,31.86,3.35,2.662,5,35,0,7,1.13,0,1,0.921,Benign
SEC-LOG-103826,10.82,HTTPS,3389,118,37885,0.668,1,30.66,82.01,3.04,2.803,23,55,2,9,0.98,1,22,0.226,Malware
SEC-LOG-103827,32.25,TCP,22,113,51740,0.763,1,71.87,59.17,5.6,3.84,32,36,1,10,1.1,0,16,0.442,Malware
SEC-LOG-103828,7.25,HTTPS,139,121,88066,0.621,0,91.57,74.95,204.7,6.937,6,36,2,6,0.94,0,95,0.412,Ransomware
SEC-LOG-103829,23.45,HTTPS,443,110,23185,0.503,1,10.14,25.91,8.65,3.542,4,52,0,9,0.96,0,3,0.809,Benign
SEC-LOG-103830,10.81,DNS,80,118,57083,0.493,0,19.09,34.46,3.42,3.349,5,24,0,10,0.86,0,2,0.86,Benign
SEC-LOG-103831,34.48,SMB,445,119,44645,0.359,0,70.55,66.76,249.55,6.89,4,33,2,7,1.1,1,93,0.368,Ransomware
SEC-LOG-103832,1.99,TCP,139,106,71682,0.422,0,81.8,69.08,203.46,7.488,2,48,1,7,1.03,1,70,0.44,Ransomware
SEC-LOG-103833,0.26,TCP,443,118,91132,0.685,0,27.31,26.41,6.27,3.417,8,37,0,9,0.85,0,5,0.894,Benign
SEC-LOG-103834,23.54,HTTP,443,125,99676,0.745,1,50.16,56.51,5.02,3.906,26,51,2,5,1.11,0,11,0.169,Malware
SEC-LOG-103835,17.08,HTTP,53,106,72053,0.507,0,23.22,32.67,8.34,2.381,5,17,0,5,1.02,0,1,0.887,Benign
SEC-LOG-103836,4.67,UDP,443,4511,467968,0.54,0,76.17,34.86,3.61,4.295,6,21,0,352,11.5,0,1,0.093,DDoS
SEC-LOG-103837,23.93,HTTPS,80,101,26282,0.448,1,32.01,33.03,3.87,4.474,5,18,0,10,0.97,0,1,0.895,Benign
SEC-LOG-103838,1.88,UDP,443,4535,615059,0.688,0,70.48,33.36,5.9,2.824,4,31,0,379,14.34,0,1,0.061,DDoS
SEC-LOG-103839,9.99,HTTP,80,121,5162,0.412,2,7.11,28.14,9.02,3.235,16,132,3,7,1.06,0,1,0.197,Phishing
SEC-LOG-103840,0.95,HTTPS,53,116,65231,0.74,0,63.85,49.07,6.16,2.863,18,32,1,11,0.98,0,19,0.243,Malware
SEC-LOG-103841,0.3,HTTPS,53,117,73320,0.472,0,23.9,22.51,5.81,2.207,5,24,0,7,0.9,0,0,0.977,Benign
SEC-LOG-103842,1.15,HTTP,4444,123,94533,0.906,0,53.89,77.28,9.58,3.915,24,32,4,5,0.93,0,18,0.113,Malware
SEC-LOG-103843,18.18,TCP,4444,118,71626,0.783,1,33.24,51.8,9.26,2.537,28,15,2,10,1.06,0,15,0.377,Malware
SEC-LOG-103844,20.65,TCP,443,121,94620,0.458,0,18.34,40.21,6.18,3.156,1,36,0,5,0.92,0,1,0.861,Benign
SEC-LOG-103845,13.07,HTTP,8080,121,5845,0.478,6,33.78,33.36,2.98,2.067,22,99,6,10,1.05,0,0,0.188,Phishing
SEC-LOG-103846,4.59,TCP,443,4598,919893,0.391,0,86.82,25.58,4.0,3.242,8,30,0,364,6.63,0,1,0.112,DDoS
SEC-LOG-103847,12.64,DNS,8080,139,53673,0.7,1,52.31,72.55,4.95,2.278,26,32,2,5,0.92,1,20,0.159,Malware
SEC-LOG-103848,14.94,HTTPS,80,117,4068,0.574,4,24.96,39.95,9.59,4.0,16,120,6,7,1.11,0,1,0.193,Phishing
SEC-LOG-103849,10.2,HTTP,443,123,39855,0.321,1,23.14,21.37,8.59,2.277,4,23,0,8,1.14,0,6,0.957,Benign
SEC-LOG-103850,3.79,TCP,4444,105,45239,0.656,0,49.72,62.34,5.52,2.97,31,38,1,12,0.92,1,14,0.194,Malware
SEC-LOG-103851,4.11,DNS,80,111,73237,0.628,0,25.04,33.27,1.79,3.383,3,29,0,7,0.92,0,1,0.847,Benign
SEC-LOG-103852,5.2,HTTPS,443,113,3968,0.689,1,29.74,17.86,4.47,2.667,8,114,4,10,1.04,0,3,0.291,Phishing
SEC-LOG-103853,4.48,TCP,8080,4397,982191,0.308,0,69.7,26.47,6.63,4.284,7,70,0,351,7.35,0,6,0.063,DDoS
SEC-LOG-103854,17.24,HTTPS,80,125,1885,0.57,2,9.04,37.21,8.86,3.943,13,67,2,7,1.01,0,2,0.361,Phishing
SEC-LOG-103855,8.73,UDP,443,105,30264,0.383,0,7.54,38.55,5.51,3.517,7,29,0,6,1.07,0,2,0.86,Benign
SEC-LOG-103856,14.09,HTTPS,443,121,32128,0.533,0,31.3,41.76,2.52,3.361,5,35,0,7,0.93,0,2,0.959,Benign
SEC-LOG-103857,9.64,TCP,4444,106,77464,0.868,1,47.4,59.56,1.65,3.771,33,42,1,10,0.89,1,16,0.352,Malware
SEC-LOG-103858,5.49,HTTP,3389,116,25132,0.813,0,51.12,58.64,1.43,4.174,25,29,2,12,0.99,1,31,0.218,Malware
SEC-LOG-103859,4.06,SMB,445,117,27140,0.655,0,90.89,71.85,86.1,7.819,5,43,4,6,0.89,1,90,0.459,Ransomware
SEC-LOG-103860,68.07,TCP,445,119,77843,0.405,0,94.15,77.09,239.27,7.041,4,34,4,6,1.0,1,91,0.231,Ransomware
SEC-LOG-103861,11.84,HTTPS,8080,126,1514,0.337,2,27.37,18.26,4.93,2.361,22,109,2,9,1.06,0,1,0.313,Phishing
SEC-LOG-103862,5.54,HTTPS,80,137,34879,0.363,0,22.67,43.74,6.84,3.184,7,23,0,9,0.93,0,1,0.822,Benign
SEC-LOG-103863,2.17,HTTPS,8443,116,82887,0.559,0,31.17,47.18,1.2,3.164,1,45,0,8,0.92,0,3,0.844,Benign
SEC-LOG-103864,11.64,UDP,80,127,34454,0.396,0,14.83,20.42,1.84,2.369,3,44,0,5,1.15,0,1,0.878,Benign
SEC-LOG-103865,7.15,HTTP,443,134,54799,0.33,0,28.0,29.26,4.78,2.464,6,15,0,11,1.07,0,1,0.906,Benign
SEC-LOG-103866,21.63,HTTP,8080,136,95242,0.89,1,63.55,55.47,4.19,4.235,23,38,3,6,0.94,0,13,0.314,Malware
SEC-LOG-103867,8.11,HTTPS,80,136,4289,0.33,2,13.47,39.39,1.46,3.574,24,97,4,6,1.02,0,1,0.375,Phishing
SEC-LOG-103868,10.74,HTTP,80,130,6852,0.32,2,11.66,28.12,5.28,4.375,17,64,6,8,0.98,0,4,0.281,Phishing
SEC-LOG-103869,2.16,SMB,53,102,67750,0.528,0,12.46,46.7,5.64,4.446,4,37,0,12,1.09,0,4,0.913,Benign
SEC-LOG-103870,29.71,HTTP,3389,124,61304,0.442,0,32.73,44.97,2.04,3.559,13,50,0,8,1.08,0,1,0.895,Benign
SEC-LOG-103871,11.09,FTP,8080,133,29864,0.61,1,22.92,40.88,3.75,2.832,6,56,0,5,0.87,0,3,0.951,Benign
SEC-LOG-103872,1.65,DNS,22,124,88284,0.389,0,8.05,30.2,3.74,2.598,2,45,0,6,1.12,0,2,0.818,Benign
SEC-LOG-103873,21.39,HTTPS,443,119,70806,0.305,0,80.67,85.48,97.98,7.569,9,28,2,6,1.02,1,79,0.345,Ransomware
SEC-LOG-103874,8.22,DNS,443,116,52919,0.441,0,28.99,35.57,2.87,3.757,9,43,0,4,1.03,0,2,0.835,Benign
SEC-LOG-103875,29.44,HTTPS,443,131,45159,0.823,0,58.82,72.55,6.25,2.04,23,28,3,10,1.07,0,29,0.163,Malware
SEC-LOG-103876,5.06,HTTP,443,111,45563,0.697,0,30.39,28.44,5.73,2.163,9,37,0,9,1.02,0,0,0.935,Benign
SEC-LOG-103877,18.24,SMB,445,114,29750,0.658,0,78.16,83.17,87.03,7.753,8,38,4,13,1.04,1,80,0.242,Ransomware
SEC-LOG-103878,5.63,TCP,3389,114,83420,0.789,3,73.31,52.94,8.94,3.737,29,41,1,8,1.09,0,14,0.253,Malware
SEC-LOG-103879,28.37,HTTP,8080,124,73334,0.405,0,18.14,35.1,2.08,3.609,9,29,0,12,1.09,0,2,0.915,Benign
SEC-LOG-103880,1.72,HTTPS,3389,100,34100,0.674,3,64.38,64.11,5.22,2.224,20,43,2,9,1.1,1,18,0.348,Malware
SEC-LOG-103881,17.91,DNS,8080,137,4603,0.371,2,9.41,49.56,9.46,2.171,7,106,4,7,1.12,0,4,0.213,Phishing
SEC-LOG-103882,3.35,TCP,443,4550,368211,0.63,0,75.59,17.61,3.14,4.012,3,10,0,351,5.42,0,3,0.078,DDoS
SEC-LOG-103883,18.53,HTTP,443,139,85350,0.348,1,10.13,16.97,9.69,2.941,2,15,0,7,0.96,0,3,0.868,Benign
SEC-LOG-103884,26.37,SMB,139,122,69383,0.332,0,97.49,82.28,296.17,7.476,7,24,4,15,1.04,1,77,0.465,Ransomware
SEC-LOG-103885,2.14,UDP,80,4525,828649,0.486,0,92.16,22.19,4.05,3.287,2,54,0,370,13.96,0,1,0.293,DDoS
SEC-LOG-103886,1.02,UDP,443,4496,468647,0.464,0,77.65,25.23,3.06,2.592,4,32,0,341,11.51,0,2,0.097,DDoS
SEC-LOG-103887,12.28,HTTP,80,129,5395,0.532,2,28.01,29.58,6.4,2.961,18,74,3,11,1.03,0,0,0.283,Phishing
SEC-LOG-103888,2.69,HTTP,443,123,6652,0.479,4,15.64,38.08,5.87,2.09,18,79,3,6,1.12,0,3,0.196,Phishing
SEC-LOG-103889,5.27,HTTP,53,126,100684,0.682,0,74.08,59.96,6.43,3.548,16,34,1,10,1.0,1,20,0.23,Malware
SEC-LOG-103890,0.25,TCP,445,108,80895,0.624,0,92.39,75.36,288.96,6.951,2,50,4,8,0.95,0,88,0.17,Ransomware
SEC-LOG-103891,2.91,HTTPS,8080,128,84624,0.703,1,59.71,71.55,1.08,2.134,23,34,1,4,1.08,0,18,0.235,Malware
SEC-LOG-103892,3.75,HTTPS,443,122,4555,0.5,1,9.13,44.71,7.27,3.397,16,112,2,7,1.11,0,2,0.22,Phishing
SEC-LOG-103893,28.55,DNS,22,120,24999,0.829,1,40.8,53.0,4.91,3.275,9,26,4,7,0.94,0,18,0.155,Malware
SEC-LOG-103894,17.44,HTTP,80,127,7046,0.391,6,17.65,33.55,7.42,4.248,12,65,4,12,0.87,0,4,0.372,Phishing
SEC-LOG-103895,34.37,TCP,8080,101,34816,0.418,0,93.95,66.9,218.79,7.941,4,47,2,10,0.94,1,82,0.336,Ransomware
SEC-LOG-103896,29.5,TCP,53,127,51419,0.594,0,12.36,25.42,6.64,4.412,6,42,0,8,0.97,0,0,0.993,Benign
SEC-LOG-103897,31.46,SMB,445,122,85057,0.568,0,93.59,74.32,80.21,7.282,5,27,2,10,0.99,1,93,0.467,Ransomware
SEC-LOG-103898,23.96,TCP,53,126,48987,0.653,0,56.89,74.64,2.88,3.655,23,26,2,9,0.99,0,22,0.341,Malware
SEC-LOG-103899,2.52,TCP,443,106,77023,0.533,0,82.48,60.78,94.54,7.529,5,36,4,11,1.15,1,101,0.163,Ransomware
SEC-LOG-103900,8.04,TCP,443,113,59908,0.821,5,47.86,52.77,8.85,3.612,36,42,1,9,0.95,1,16,0.241,Malware
SEC-LOG-103901,4.31,HTTP,80,128,48594,0.495,0,23.96,39.94,8.21,3.129,7,36,0,5,0.92,0,2,0.957,Benign
SEC-LOG-103902,2.11,TCP,443,4526,726156,0.56,0,79.87,46.76,1.79,3.069,4,17,0,335,7.25,0,1,0.108,DDoS
SEC-LOG-103903,10.96,TCP,80,157,47812,0.409,0,25.41,42.11,5.16,2.643,8,46,0,6,0.98,0,2,0.99,Benign
SEC-LOG-103904,4.09,TCP,139,145,67553,0.509,0,82.56,89.54,296.92,6.863,3,33,1,5,0.96,1,91,0.176,Ransomware
SEC-LOG-103905,5.62,TCP,22,114,49425,0.796,0,63.27,60.37,9.95,2.387,26,41,3,8,0.89,1,16,0.174,Malware
SEC-LOG-103906,8.55,TCP,443,99,23496,0.705,1,42.36,64.81,5.74,3.227,22,43,2,9,0.9,1,26,0.264,Malware
SEC-LOG-103907,1.1,HTTPS,80,129,28659,0.423,0,25.51,25.26,7.8,3.385,4,47,0,6,1.01,0,0,0.93,Benign
SEC-LOG-103908,23.15,HTTPS,3389,101,36365,0.646,3,73.51,82.13,9.55,4.143,24,44,3,8,1.15,1,15,0.315,Malware
SEC-LOG-103909,3.0,UDP,8080,109,60589,0.327,0,13.05,36.28,6.26,2.685,9,38,0,12,0.88,0,0,0.927,Benign
SEC-LOG-103910,30.9,UDP,53,118,66901,0.684,0,17.45,26.0,5.2,3.922,2,34,0,9,1.08,0,2,0.929,Benign
SEC-LOG-103911,3.28,TCP,22,105,38714,0.693,0,24.81,34.34,3.41,3.586,5,35,0,7,0.85,0,0,0.889,Benign
SEC-LOG-103912,6.3,UDP,53,149,82958,0.467,0,21.11,25.84,2.87,3.535,2,42,0,9,0.9,0,3,0.929,Benign
SEC-LOG-103913,0.74,DNS,80,4445,720832,0.342,0,74.56,24.96,7.04,3.867,4,22,0,374,13.69,0,2,0.307,DDoS
SEC-LOG-103914,2.96,HTTP,22,4516,1081548,0.5,1,91.42,36.8,1.01,4.161,3,10,0,358,6.98,0,0,0.238,DDoS
SEC-LOG-103915,0.23,SMB,443,123,76685,0.576,0,21.5,46.25,7.11,3.161,9,32,0,7,0.91,0,0,0.819,Benign
SEC-LOG-103916,14.22,HTTP,443,146,5093,0.485,2,31.33,41.83,8.01,3.595,20,88,4,10,1.07,0,2,0.318,Phishing
SEC-LOG-103917,0.11,HTTP,443,104,65818,0.451,0,19.86,49.39,7.62,4.395,8,39,0,6,1.01,0,1,0.874,Benign
SEC-LOG-103918,17.95,HTTPS,80,130,6927,0.355,4,32.43,17.68,5.19,4.484,11,86,3,14,0.88,0,1,0.367,Phishing
SEC-LOG-103919,19.59,TCP,443,105,53974,0.585,0,86.14,94.22,263.6,7.214,9,35,2,6,0.96,1,89,0.204,Ransomware
SEC-LOG-103920,4.24,UDP,80,4553,822187,0.305,0,69.23,44.96,0.54,2.073,6,40,0,331,14.55,0,3,0.31,DDoS
SEC-LOG-103921,28.99,HTTP,53,131,82977,0.942,0,68.85,79.7,4.08,3.738,29,41,3,5,0.87,0,14,0.296,Malware
SEC-LOG-103922,0.73,TCP,443,134,96902,0.608,1,71.09,63.1,316.57,7.741,2,36,2,10,1.01,1,82,0.316,Ransomware
SEC-LOG-103923,78.55,UDP,80,127,33281,0.622,0,21.99,19.2,1.6,3.337,3,38,0,9,1.01,0,2,0.85,Benign
SEC-LOG-103924,4.25,UDP,443,4530,532869,0.572,0,94.01,17.48,6.6,2.789,6,33,0,359,13.72,0,2,0.084,DDoS
SEC-LOG-103925,15.97,TCP,53,104,20934,0.548,0,11.07,25.77,6.62,3.101,5,39,0,6,0.95,0,3,0.837,Benign
SEC-LOG-103926,10.93,HTTPS,443,111,5079,0.32,2,17.63,23.56,3.6,2.361,15,45,2,13,1.12,0,2,0.267,Phishing
SEC-LOG-103927,7.53,HTTPS,443,148,2365,0.636,6,33.4,23.29,4.49,3.67,12,117,2,7,0.96,0,2,0.275,Phishing
SEC-LOG-103928,14.44,HTTPS,80,119,6754,0.304,2,12.54,45.1,2.43,4.241,19,104,2,6,0.89,0,3,0.313,Phishing
SEC-LOG-103929,2.68,HTTP,8443,120,30939,0.583,0,32.3,40.06,0.53,4.019,7,54,0,10,1.02,0,2,0.879,Benign
SEC-LOG-103930,0.15,UDP,443,4388,708648,0.599,0,72.73,47.66,7.83,2.581,2,36,0,351,10.46,0,0,0.295,DDoS
SEC-LOG-103931,1.25,UDP,80,117,62774,0.329,0,26.84,41.16,6.91,3.872,4,39,0,10,1.06,0,6,0.822,Benign
SEC-LOG-103932,17.25,HTTPS,443,117,6296,0.672,6,20.43,20.68,3.68,2.95,19,97,3,8,0.98,0,0,0.131,Phishing
SEC-LOG-103933,8.38,UDP,443,119,26077,0.625,0,6.05,24.17,6.87,3.729,6,43,0,11,0.95,0,5,0.856,Benign
SEC-LOG-103934,39.04,TCP,80,99,48202,0.583,0,10.44,48.54,9.73,3.475,4,29,0,6,0.97,0,7,0.903,Benign
SEC-LOG-103935,67.19,TCP,22,109,37967,0.804,0,60.61,66.83,3.42,3.139,30,40,1,4,1.04,0,16,0.417,Malware
SEC-LOG-103936,7.32,SSH,22,127,47118,0.812,1,58.34,47.11,5.44,4.448,28,36,1,6,0.94,1,12,0.396,Malware
SEC-LOG-103937,12.75,TCP,22,116,38723,0.377,0,29.53,28.4,3.12,4.182,3,32,0,6,1.07,0,1,0.968,Benign
SEC-LOG-103938,5.61,HTTP,53,112,85171,0.629,0,25.98,23.12,3.43,2.784,5,29,0,8,0.89,0,3,0.983,Benign
SEC-LOG-103939,55.21,HTTP,8080,132,33638,0.741,1,44.43,64.88,6.6,2.56,24,29,1,11,1.06,1,17,0.425,Malware
SEC-LOG-103940,12.55,TCP,445,110,23535,0.583,0,71.23,91.86,239.27,7.077,6,19,4,9,1.06,1,90,0.385,Ransomware
SEC-LOG-103941,56.5,SMB,139,116,58908,0.475,1,77.57,92.69,144.21,7.277,7,24,2,7,1.04,1,97,0.307,Ransomware
SEC-LOG-103942,10.15,UDP,445,123,26891,0.567,0,16.61,38.59,8.59,2.105,7,57,0,10,1.03,0,3,0.841,Benign
SEC-LOG-103943,26.15,HTTPS,443,122,45894,0.675,0,32.78,45.87,1.25,3.741,7,24,0,9,1.08,0,1,0.864,Benign
SEC-LOG-103944,2.72,DNS,25,123,27704,0.568,0,16.14,27.35,3.97,3.545,8,14,0,10,0.97,0,1,0.934,Benign
SEC-LOG-103945,4.08,HTTP,8080,112,33637,0.564,0,7.82,28.46,8.73,3.884,3,35,0,4,1.03,0,1,0.849,Benign
SEC-LOG-103946,16.72,HTTPS,80,125,4064,0.483,4,21.69,21.88,7.14,3.043,13,94,2,10,0.99,0,2,0.15,Phishing
SEC-LOG-103947,11.67,HTTPS,443,110,7521,0.633,4,11.06,34.48,6.16,3.177,11,142,6,9,1.13,0,1,0.213,Phishing
SEC-LOG-103948,32.63,SSH,443,128,91233,0.429,0,25.61,23.08,9.31,3.758,3,26,0,5,0.95,0,1,0.906,Benign
SEC-LOG-103949,6.16,HTTP,443,127,93898,0.576,0,29.47,25.51,2.25,4.319,5,48,0,8,1.02,0,0,0.864,Benign
SEC-LOG-103950,22.98,TCP,80,128,37209,0.361,0,6.7,40.53,3.87,3.426,1,37,0,11,0.92,0,3,0.809,Benign
SEC-LOG-103951,37.48,HTTPS,445,129,84814,0.396,0,71.22,61.22,107.07,7.213,1,51,1,5,0.95,1,94,0.367,Ransomware
SEC-LOG-103952,4.94,UDP,80,4496,903078,0.325,0,65.97,40.75,0.73,2.525,5,41,0,375,5.95,0,0,0.157,DDoS
SEC-LOG-103953,30.7,TCP,443,123,82110,0.511,0,7.55,40.35,0.99,3.314,4,35,0,6,1.0,0,3,0.826,Benign
SEC-LOG-103954,9.15,HTTP,443,100,62270,0.674,0,33.85,35.24,2.87,2.043,5,15,0,7,0.87,0,2,0.908,Benign
SEC-LOG-103955,4.32,SMB,445,104,24155,0.61,0,90.19,83.29,192.87,6.989,7,38,2,10,1.1,1,99,0.379,Ransomware
SEC-LOG-103956,4.35,DNS,53,4559,982793,0.493,0,84.52,46.4,6.53,2.829,9,10,0,339,13.62,0,0,0.322,DDoS
SEC-LOG-103957,3.16,SSH,4444,102,41420,0.8,0,31.33,47.13,8.22,3.775,26,33,3,5,0.94,1,22,0.371,Malware
SEC-LOG-103958,15.81,TCP,443,112,24735,0.309,0,13.16,40.23,6.62,2.835,4,38,0,7,1.07,0,2,0.966,Benign
SEC-LOG-103959,13.62,UDP,53,101,52679,0.365,0,24.74,44.21,9.88,2.71,3,10,0,8,1.07,0,1,0.972,Benign
SEC-LOG-103960,27.0,TCP,8080,104,68801,0.732,1,71.0,70.08,7.81,3.399,38,32,2,8,1.01,0,21,0.337,Malware
SEC-LOG-103961,3.15,SSH,80,115,48674,0.336,0,11.95,19.89,1.75,3.798,3,23,0,5,1.14,0,3,0.802,Benign
SEC-LOG-103962,9.84,DNS,443,118,33487,0.603,0,8.51,35.17,9.46,2.196,7,35,0,6,1.06,0,1,0.96,Benign
SEC-LOG-103963,41.06,HTTP,53,109,66050,0.688,0,72.1,61.92,3.15,3.281,31,17,1,11,1.06,1,16,0.284,Malware
SEC-LOG-103964,13.24,HTTPS,8443,110,31770,0.324,0,10.25,19.42,0.54,3.476,3,14,0,9,1.12,0,1,0.825,Benign
SEC-LOG-103965,0.59,TCP,445,121,37160,0.411,1,79.56,66.5,315.04,7.65,6,22,4,9,0.86,1,88,0.498,Ransomware
SEC-LOG-103966,1.82,HTTP,80,106,80969,0.367,1,19.94,48.99,4.25,2.465,6,41,0,12,0.86,0,1,0.853,Benign
SEC-LOG-103967,25.32,SSH,443,139,78417,0.515,0,24.85,49.75,9.06,4.021,6,52,0,7,1.09,0,3,0.864,Benign
SEC-LOG-103968,5.81,HTTP,22,135,85924,0.876,3,54.78,67.65,5.21,3.031,25,29,1,9,1.14,1,17,0.149,Malware
SEC-LOG-103969,36.64,UDP,443,126,72015,0.662,0,16.16,20.66,6.68,2.994,4,42,0,10,0.95,0,3,0.856,Benign
SEC-LOG-103970,1.98,UDP,8080,4435,721060,0.551,0,83.22,21.9,4.79,2.769,3,51,0,349,12.62,0,2,0.086,DDoS
SEC-LOG-103971,22.21,HTTP,22,110,61112,0.909,0,35.66,79.11,4.17,3.033,21,20,2,7,1.14,0,18,0.223,Malware
SEC-LOG-103972,13.02,TCP,80,123,79621,0.424,0,17.22,29.59,6.23,3.33,1,26,0,5,1.01,0,4,0.916,Benign
SEC-LOG-103973,10.15,HTTP,80,123,3234,0.428,4,32.97,49.75,8.63,4.415,15,120,3,7,1.14,0,5,0.116,Phishing
SEC-LOG-103974,0.99,SSH,3389,120,28798,0.418,0,5.54,31.87,5.76,2.623,5,26,0,6,1.08,0,2,0.883,Benign
SEC-LOG-103975,3.93,TCP,53,4469,933685,0.552,0,85.06,20.84,4.25,2.155,7,12,0,353,5.94,0,0,0.302,DDoS
SEC-LOG-103976,26.2,TCP,443,125,25118,0.438,0,27.49,46.99,3.95,3.428,4,30,0,11,1.1,0,1,0.814,Benign
SEC-LOG-103977,15.73,TCP,22,110,68733,0.661,1,58.44,57.6,1.4,3.83,23,41,1,13,0.89,0,16,0.445,Malware
SEC-LOG-103978,2.94,HTTP,8080,109,83171,0.654,1,5.38,23.13,4.61,2.596,3,10,0,9,1.06,0,2,0.934,Benign
SEC-LOG-103979,3.16,HTTPS,22,127,90963,0.942,0,33.79,60.96,1.85,3.379,18,37,3,8,1.08,0,17,0.395,Malware
SEC-LOG-103980,31.14,TCP,139,129,94645,0.406,0,88.0,66.29,207.05,7.639,5,40,2,10,1.05,1,63,0.236,Ransomware
SEC-LOG-103981,2.89,HTTPS,445,136,41339,0.303,0,97.52,88.36,247.83,7.807,4,54,1,8,1.04,1,88,0.22,Ransomware
SEC-LOG-103982,28.16,DNS,443,123,56099,0.67,0,19.85,16.17,4.75,3.081,3,35,0,13,1.06,0,2,0.851,Benign
SEC-LOG-103983,14.6,TCP,443,128,100491,0.312,0,27.64,44.98,7.99,3.593,3,17,0,6,0.92,0,1,0.844,Benign
SEC-LOG-103984,11.73,HTTPS,445,123,48926,0.342,2,75.83,90.8,132.3,6.961,10,51,2,8,1.1,1,82,0.288,Ransomware
SEC-LOG-103985,0.34,UDP,8080,4553,877380,0.312,0,79.85,24.42,3.57,2.453,3,18,0,376,11.37,0,3,0.221,DDoS
SEC-LOG-103986,0.62,DNS,80,109,82612,0.409,0,30.07,29.36,2.62,2.764,4,27,0,10,1.13,0,1,0.858,Benign
SEC-LOG-103987,7.99,HTTPS,8080,111,49881,0.717,3,69.05,48.47,3.88,4.343,32,38,2,5,0.94,0,16,0.29,Malware
SEC-LOG-103988,73.0,TCP,443,119,37398,0.626,0,28.74,37.22,9.97,3.105,7,10,0,5,0.96,0,3,0.914,Benign
SEC-LOG-103989,22.08,SMB,443,132,71905,0.615,1,97.41,65.6,154.7,7.116,11,44,1,8,1.14,1,86,0.138,Ransomware
SEC-LOG-103990,27.42,TCP,443,112,89182,0.387,0,25.15,33.85,1.46,2.313,10,23,0,8,1.11,0,1,0.883,Benign
SEC-LOG-103991,31.56,UDP,8443,108,68531,0.552,0,15.7,20.33,3.3,3.21,5,41,0,5,1.02,0,0,0.831,Benign
SEC-LOG-103992,11.81,TCP,139,127,59740,0.46,0,94.98,89.7,349.13,6.974,4,17,2,9,1.02,1,77,0.275,Ransomware
SEC-LOG-103993,21.83,HTTP,53,128,27475,0.521,1,13.52,26.92,3.99,3.602,3,22,0,8,1.06,0,0,0.984,Benign
SEC-LOG-103994,32.4,TCP,4444,115,70421,0.926,5,33.66,81.87,3.26,3.575,25,48,3,11,1.11,1,23,0.361,Malware
SEC-LOG-103995,3.43,HTTP,443,139,83917,0.81,0,72.81,55.18,1.87,3.414,22,46,1,10,0.98,0,23,0.282,Malware
SEC-LOG-103996,6.49,TCP,80,95,25691,0.658,0,13.13,34.54,3.54,3.511,7,51,0,9,1.07,0,1,0.935,Benign
SEC-LOG-103997,1.46,HTTPS,53,118,69118,0.462,0,28.16,42.31,4.61,2.783,5,30,0,5,1.03,0,1,0.857,Benign
SEC-LOG-103998,37.78,DNS,8080,112,31349,0.868,1,31.37,77.87,9.43,2.119,22,38,2,8,1.04,0,17,0.156,Malware
SEC-LOG-103999,7.85,TCP,80,110,26483,0.502,0,27.65,37.28,3.7,3.242,3,46,0,7,0.86,0,5,0.948,Benign
SEC-LOG-104000,10.63,HTTPS,3389,105,76531,0.806,0,50.9,47.5,7.62,3.469,24,47,4,12,0.95,1,18,0.371,Malware
SEC-LOG-104001,6.25,SMB,445,102,42056,0.358,1,93.27,62.91,149.38,7.176,3,19,2,13,0.98,0,74,0.407,Ransomware
SEC-LOG-104002,2.48,HTTPS,443,112,24525,0.416,0,84.03,81.66,133.66,6.935,8,28,2,4,1.03,1,82,0.409,Ransomware
SEC-LOG-104003,54.05,TCP,443,108,34284,0.568,2,9.11,44.39,5.53,4.211,6,10,0,8,1.11,0,6,0.829,Benign
SEC-LOG-104004,21.03,HTTP,80,127,50753,0.432,0,5.82,43.7,6.27,4.467,9,43,0,6,0.94,0,2,0.889,Benign
SEC-LOG-104005,2.32,HTTPS,443,118,40116,0.514,0,25.01,35.99,8.44,3.454,3,31,0,12,0.96,0,2,0.879,Benign
SEC-LOG-104006,9.5,HTTPS,53,119,78825,0.302,0,20.36,20.39,5.91,4.152,8,40,0,6,1.0,0,3,0.882,Benign
SEC-LOG-104007,11.31,DNS,4444,125,55183,0.895,1,64.43,52.07,6.88,2.161,21,41,4,13,0.91,0,22,0.253,Malware
SEC-LOG-104008,4.62,HTTP,443,117,5365,0.451,2,9.94,48.94,9.03,3.821,20,104,6,8,1.0,0,5,0.27,Phishing
SEC-LOG-104009,12.76,UDP,443,121,47136,0.448,0,22.58,46.93,2.63,3.713,6,12,0,4,0.88,0,1,0.973,Benign
SEC-LOG-104010,2.19,TCP,8080,100,24675,0.413,0,13.72,19.01,6.0,2.017,6,42,0,6,1.01,0,0,0.94,Benign
SEC-LOG-104011,4.65,TCP,443,112,42829,0.396,0,23.08,27.07,1.18,3.181,5,39,0,5,0.92,0,3,0.836,Benign
SEC-LOG-104012,6.79,HTTPS,443,121,4143,0.411,1,5.08,48.23,4.01,4.453,18,89,3,8,0.94,0,2,0.352,Phishing
SEC-LOG-104013,3.17,HTTPS,80,140,105530,0.568,0,18.01,41.67,8.32,2.654,5,49,0,10,1.1,0,2,0.842,Benign
SEC-LOG-104014,17.44,HTTPS,80,114,6961,0.6,4,22.54,22.38,3.8,4.157,12,109,3,9,0.92,0,2,0.152,Phishing
SEC-LOG-104015,3.0,HTTP,80,118,56089,0.575,0,25.92,48.06,6.02,3.561,7,38,0,7,0.94,0,1,0.964,Benign
SEC-LOG-104016,22.52,SMB,139,97,57759,0.664,0,89.45,83.14,256.18,6.809,5,23,1,7,1.09,1,85,0.415,Ransomware
SEC-LOG-104017,3.52,SMB,139,104,60226,0.529,0,74.01,94.72,130.46,7.557,8,20,4,7,1.06,1,98,0.455,Ransomware
SEC-LOG-104018,20.4,HTTPS,80,127,64344,0.313,0,19.23,38.42,9.93,4.219,8,53,0,8,0.97,0,3,0.859,Benign
SEC-LOG-104019,70.84,TCP,443,112,81082,0.466,0,21.73,49.01,9.1,3.202,2,39,0,6,0.98,0,2,0.87,Benign
SEC-LOG-104020,4.89,HTTP,22,121,52067,0.85,0,41.08,82.51,7.99,4.454,17,25,1,7,1.12,0,14,0.344,Malware
SEC-LOG-104021,15.64,DNS,3389,115,48087,0.301,0,33.49,45.71,6.65,3.142,3,36,0,6,1.13,0,1,0.816,Benign
SEC-LOG-104022,8.1,HTTP,80,121,6200,0.574,1,22.59,23.54,7.84,3.535,12,73,2,14,0.93,0,2,0.366,Phishing
SEC-LOG-104023,32.82,TCP,445,134,51277,0.488,0,80.84,69.84,145.65,7.587,11,43,2,12,1.03,1,90,0.286,Ransomware
SEC-LOG-104024,5.48,HTTPS,443,114,5417,0.625,4,20.16,15.87,6.0,2.409,14,88,4,3,0.91,0,1,0.115,Phishing
SEC-LOG-104025,34.57,SMB,445,129,84534,0.5,0,92.52,85.5,295.97,7.054,7,31,1,8,0.97,1,101,0.435,Ransomware
SEC-LOG-104026,0.15,TCP,80,116,63737,0.553,0,18.29,20.33,6.72,4.372,1,31,0,10,1.02,0,1,0.849,Benign
SEC-LOG-104027,3.82,TCP,443,103,32685,0.528,0,29.41,44.61,1.53,2.579,5,37,0,4,1.02,0,3,0.856,Benign
SEC-LOG-104028,8.5,HTTPS,443,119,7102,0.605,1,19.1,15.42,9.39,3.214,17,120,2,7,0.93,0,4,0.119,Phishing
SEC-LOG-104029,14.52,HTTP,80,135,58120,0.537,0,21.17,40.13,1.07,3.959,2,27,0,6,1.08,0,3,0.99,Benign
SEC-LOG-104030,9.54,HTTP,443,111,7465,0.34,2,25.5,33.05,2.2,2.358,13,45,3,9,0.91,0,1,0.098,Phishing
SEC-LOG-104031,7.79,HTTPS,443,118,55221,0.63,0,23.56,28.02,4.35,3.439,2,40,0,13,1.02,0,0,0.973,Benign
SEC-LOG-104032,16.16,TCP,80,111,54088,0.656,0,5.4,29.49,1.35,2.151,6,38,0,4,0.91,0,3,0.898,Benign
SEC-LOG-104033,2.94,HTTP,8080,4523,431638,0.571,0,80.91,19.53,2.0,4.144,9,48,0,349,4.59,0,1,0.06,DDoS
SEC-LOG-104034,1.63,UDP,443,136,41282,0.48,0,27.81,32.6,7.22,3.776,3,39,0,10,0.99,0,3,0.816,Benign
SEC-LOG-104035,1.45,TCP,80,4565,518463,0.384,0,83.03,34.09,7.91,2.661,2,32,0,361,10.51,0,5,0.085,DDoS
SEC-LOG-104036,3.76,UDP,53,4399,397106,0.437,0,66.54,32.97,9.35,3.102,5,13,0,317,7.74,0,3,0.11,DDoS
SEC-LOG-104037,9.23,TCP,445,127,58982,0.306,0,96.29,67.14,282.1,7.799,2,39,2,13,0.88,0,87,0.339,Ransomware
SEC-LOG-104038,3.19,HTTP,80,102,4535,0.534,2,16.06,33.5,4.49,3.735,12,86,2,9,0.94,0,0,0.366,Phishing
SEC-LOG-104039,9.09,HTTPS,4444,106,70338,0.703,0,59.94,74.07,0.8,2.438,19,39,4,7,0.91,1,15,0.112,Malware
SEC-LOG-104040,22.95,SMB,443,104,74477,0.374,0,89.3,83.65,337.61,7.395,8,26,2,1,0.97,1,87,0.367,Ransomware
SEC-LOG-104041,7.62,UDP,443,103,45470,0.458,0,6.6,28.75,1.21,4.279,2,40,0,7,1.06,0,1,0.989,Benign
SEC-LOG-104042,29.83,HTTP,53,105,62228,0.817,0,33.76,71.84,5.01,2.378,29,62,1,11,0.98,0,11,0.372,Malware
SEC-LOG-104043,17.06,HTTPS,80,112,7475,0.364,4,25.19,18.76,7.49,4.127,16,114,3,9,1.15,0,3,0.357,Phishing
SEC-LOG-104044,7.83,TCP,22,117,54740,0.837,3,51.7,77.74,0.81,2.221,44,28,4,8,1.05,0,20,0.431,Malware
SEC-LOG-104045,3.06,HTTP,8080,124,41019,0.655,0,56.62,57.91,5.25,2.584,32,47,2,9,1.09,1,20,0.439,Malware
SEC-LOG-104046,15.23,DNS,53,102,51967,0.335,0,16.65,18.24,0.72,4.111,9,40,0,7,1.12,0,4,0.895,Benign
SEC-LOG-104047,11.1,DNS,443,126,75915,0.796,1,47.85,61.57,2.31,2.978,21,46,2,7,0.94,0,22,0.308,Malware
SEC-LOG-104048,12.2,HTTPS,443,111,82637,0.345,0,92.6,73.59,343.23,7.331,3,35,2,6,1.0,1,107,0.16,Ransomware
SEC-LOG-104049,0.27,TCP,53,108,43268,0.537,0,15.99,26.43,7.5,2.801,8,22,0,3,1.05,0,5,0.878,Benign
SEC-LOG-104050,4.32,TCP,80,4408,784299,0.454,0,65.01,28.09,7.98,2.816,5,31,0,353,14.85,0,2,0.075,DDoS
SEC-LOG-104051,5.55,HTTP,443,121,6529,0.382,4,31.09,21.01,7.17,3.407,14,94,2,2,1.14,0,0,0.348,Phishing
SEC-LOG-104052,4.67,HTTPS,445,117,39633,0.507,0,77.61,71.48,215.21,7.089,5,47,4,3,0.86,1,68,0.237,Ransomware
SEC-LOG-104053,37.6,DNS,443,144,46405,0.838,1,31.29,81.57,4.29,2.413,22,40,3,8,0.91,1,20,0.172,Malware
SEC-LOG-104054,0.99,SMB,139,110,68104,0.492,0,77.6,67.54,94.74,6.848,4,20,2,9,0.97,0,88,0.209,Ransomware
SEC-LOG-104055,11.58,TCP,443,122,90711,0.52,0,18.47,21.27,5.42,3.526,7,49,0,8,0.92,0,3,0.809,Benign
SEC-LOG-104056,12.31,SMB,8080,114,76388,0.377,0,81.8,76.91,249.59,7.926,1,43,1,9,1.01,1,69,0.49,Ransomware
SEC-LOG-104057,0.76,TCP,445,123,49339,0.381,0,30.44,43.04,5.83,2.695,2,34,0,17,0.97,0,4,0.809,Benign
SEC-LOG-104058,11.13,SMB,443,116,67309,0.479,0,90.5,92.48,195.2,6.928,5,35,1,5,1.14,1,83,0.167,Ransomware
SEC-LOG-104059,1.85,TCP,443,4498,1060213,0.405,0,71.41,29.32,4.03,4.443,10,29,0,348,9.39,0,2,0.094,DDoS
SEC-LOG-104060,2.82,HTTP,22,127,71664,0.338,0,28.87,42.65,6.97,4.25,4,33,0,15,1.06,0,0,0.9,Benign
SEC-LOG-104061,8.62,UDP,80,126,46730,0.539,0,31.45,46.91,5.34,2.294,7,51,0,8,1.13,0,3,0.979,Benign
SEC-LOG-104062,17.08,TCP,139,118,42158,0.368,2,93.03,81.42,195.19,7.953,4,57,4,8,1.03,1,78,0.419,Ransomware
SEC-LOG-104063,22.53,HTTP,80,116,46353,0.361,0,7.95,34.48,1.44,4.24,6,26,0,6,0.98,0,3,0.906,Benign
SEC-LOG-104064,7.54,SMB,443,100,56848,0.338,0,94.25,63.09,116.52,7.891,4,39,2,7,0.97,0,94,0.161,Ransomware
SEC-LOG-104065,8.34,UDP,21,119,34076,0.351,0,17.18,49.43,0.68,2.741,11,16,0,5,1.1,0,2,0.864,Benign
SEC-LOG-104066,19.6,HTTPS,443,119,56961,0.532,0,16.27,45.96,6.9,3.374,3,31,0,9,1.0,0,2,0.921,Benign
SEC-LOG-104067,4.67,UDP,80,4508,445280,0.392,1,87.6,41.74,1.69,4.494,3,60,0,357,9.66,0,0,0.21,DDoS
SEC-LOG-104068,7.32,DNS,80,109,2354,0.642,6,30.63,43.07,8.3,2.448,14,103,6,8,1.02,0,1,0.292,Phishing
SEC-LOG-104069,1.89,TCP,443,107,47745,0.335,0,75.9,88.89,211.17,7.411,3,22,4,9,0.88,1,94,0.106,Ransomware
SEC-LOG-104070,49.64,TCP,3389,118,33469,0.512,0,19.44,33.18,2.35,2.655,4,10,0,13,1.11,0,3,0.851,Benign
SEC-LOG-104071,6.17,DNS,80,106,5553,0.354,2,29.44,41.27,8.59,3.755,16,100,3,13,0.94,0,0,0.256,Phishing
SEC-LOG-104072,1.3,HTTPS,8080,136,104525,0.639,0,42.73,74.64,7.59,2.069,17,30,1,6,0.95,1,15,0.331,Malware
SEC-LOG-104073,2.23,HTTPS,80,109,1936,0.443,4,10.35,32.4,4.54,3.673,15,114,2,8,1.09,0,5,0.166,Phishing
SEC-LOG-104074,15.72,DNS,443,113,7208,0.482,4,18.04,42.91,1.29,2.177,11,82,4,10,0.92,0,2,0.289,Phishing
SEC-LOG-104075,26.17,DNS,22,121,54103,0.667,5,61.85,84.92,3.93,2.324,28,45,3,6,1.11,1,21,0.439,Malware
SEC-LOG-104076,15.19,DNS,4444,116,53221,0.657,0,35.82,60.24,2.9,2.793,22,36,2,11,1.0,0,12,0.119,Malware
SEC-LOG-104077,29.92,HTTP,22,140,107389,0.647,0,28.57,28.73,9.08,3.205,7,57,0,7,1.03,0,4,0.996,Benign
SEC-LOG-104078,29.72,TCP,445,119,85431,0.532,2,85.63,63.41,82.14,7.76,3,15,2,6,0.97,1,66,0.211,Ransomware
SEC-LOG-104079,10.63,TCP,443,109,72753,0.341,0,17.22,26.9,6.59,3.449,4,46,0,8,1.02,0,0,0.811,Benign
SEC-LOG-104080,9.17,HTTP,80,116,5826,0.358,2,10.69,15.6,6.69,2.712,20,127,2,2,1.09,0,2,0.315,Phishing
SEC-LOG-104081,1.86,UDP,443,126,87796,0.527,0,10.1,42.85,7.46,2.385,6,32,0,9,1.03,0,2,0.9,Benign
SEC-LOG-104082,3.74,HTTPS,80,117,3384,0.442,6,27.34,16.39,5.43,2.385,13,105,2,5,0.95,0,0,0.36,Phishing
SEC-LOG-104083,18.49,HTTPS,80,125,7725,0.478,1,32.24,43.2,4.04,3.502,14,100,4,8,0.89,0,4,0.182,Phishing
SEC-LOG-104084,36.29,UDP,80,116,30172,0.598,0,18.25,15.02,7.54,3.9,3,46,0,9,0.98,0,1,0.923,Benign
SEC-LOG-104085,50.14,HTTP,53,98,66646,0.481,1,24.85,19.12,8.36,3.915,6,25,0,5,1.0,0,2,0.872,Benign
SEC-LOG-104086,19.1,TCP,8443,124,50681,0.3,0,23.02,35.42,2.25,2.373,6,30,0,12,1.01,0,3,0.955,Benign
SEC-LOG-104087,10.48,HTTPS,80,101,2029,0.333,1,14.18,25.06,9.68,4.188,16,73,3,7,1.14,0,2,0.395,Phishing
SEC-LOG-104088,16.47,SMB,445,122,89932,0.542,0,88.35,80.86,167.23,7.102,7,35,2,6,1.1,1,102,0.366,Ransomware
SEC-LOG-104089,3.91,HTTPS,443,110,72451,0.537,0,15.5,28.68,7.28,2.995,6,35,0,3,1.13,0,2,0.89,Benign
SEC-LOG-104090,11.18,HTTP,443,124,1855,0.368,6,24.64,47.77,8.2,3.806,20,132,4,5,1.04,0,3,0.19,Phishing
SEC-LOG-104091,14.15,TCP,443,114,51797,0.355,0,7.85,29.74,8.99,3.031,4,40,0,10,1.0,0,2,0.978,Benign
SEC-LOG-104092,13.75,DNS,22,123,67251,0.714,0,56.36,53.82,7.35,4.203,23,29,2,8,1.11,0,11,0.318,Malware
SEC-LOG-104093,1.48,UDP,53,4482,739162,0.32,1,79.15,42.02,3.03,3.095,6,54,0,353,12.52,0,3,0.113,DDoS
SEC-LOG-104094,8.73,TCP,443,133,65327,0.669,0,32.29,49.07,9.64,4.319,9,35,0,8,0.92,0,1,0.896,Benign
SEC-LOG-104095,100.13,TCP,22,119,75554,0.827,0,35.87,55.12,5.01,3.69,32,31,2,10,0.89,1,14,0.164,Malware
SEC-LOG-104096,13.9,TCP,445,123,43744,0.314,0,23.9,30.53,0.7,3.481,1,22,0,4,1.1,0,0,0.806,Benign
SEC-LOG-104097,8.84,HTTP,80,123,29724,0.587,0,25.79,46.2,3.16,2.383,4,43,0,9,0.97,0,2,0.857,Benign
SEC-LOG-104098,16.79,HTTPS,80,107,39782,0.589,0,25.45,38.7,3.78,3.374,4,41,0,7,1.07,0,1,0.909,Benign
SEC-LOG-104099,3.03,HTTP,53,142,30336,0.566,0,28.4,25.79,8.67,2.186,5,14,0,2,0.94,0,3,0.895,Benign
SEC-LOG-104100,4.55,DNS,443,127,2867,0.447,2,21.44,44.35,1.95,3.797,15,89,2,6,1.13,0,0,0.23,Phishing
SEC-LOG-104101,2.81,HTTPS,53,101,20511,0.921,1,37.8,70.36,8.89,2.284,21,55,2,8,0.88,1,18,0.299,Malware
SEC-LOG-104102,6.07,DNS,3389,122,46328,0.636,3,58.79,61.35,1.72,4.077,20,37,1,12,0.97,1,24,0.338,Malware
SEC-LOG-104103,11.0,DNS,8080,121,37505,0.671,0,15.43,32.38,7.55,4.418,4,10,0,7,0.96,0,2,0.937,Benign
SEC-LOG-104104,1.08,FTP,80,114,27312,0.527,1,30.97,43.15,7.07,3.148,6,29,0,10,1.03,0,4,0.978,Benign
SEC-LOG-104105,10.11,HTTPS,80,104,7864,0.39,4,13.03,41.88,3.96,2.89,21,135,4,7,0.88,0,3,0.307,Phishing
SEC-LOG-104106,3.62,TCP,443,4454,943506,0.653,0,93.37,50.0,2.52,2.903,6,16,0,366,10.11,0,1,0.107,DDoS
SEC-LOG-104107,12.7,HTTPS,443,114,88625,0.573,0,27.54,16.92,8.84,3.113,10,43,0,9,0.99,0,3,0.817,Benign
SEC-LOG-104108,0.73,TCP,139,126,84256,0.606,0,71.75,90.46,195.09,7.389,4,36,2,9,0.86,1,89,0.388,Ransomware
SEC-LOG-104109,9.4,DNS,443,125,82100,0.922,0,39.13,65.51,7.55,3.277,28,22,2,9,0.97,0,15,0.381,Malware
SEC-LOG-104110,8.5,HTTPS,8080,120,87934,0.949,1,32.97,57.13,7.9,4.065,21,40,1,11,0.9,0,14,0.243,Malware
SEC-LOG-104111,5.8,HTTPS,8080,137,34093,0.624,0,66.06,60.73,4.64,2.024,23,17,2,15,0.98,0,23,0.106,Malware
SEC-LOG-104112,22.63,HTTPS,53,122,78409,0.549,0,33.58,21.8,8.08,3.042,3,38,0,7,1.04,0,2,0.812,Benign
SEC-LOG-104113,17.18,SSH,25,125,95460,0.302,0,26.01,25.31,7.62,3.824,6,29,0,13,0.87,0,2,0.995,Benign
SEC-LOG-104114,17.91,HTTP,80,109,6403,0.449,1,31.13,40.2,3.35,2.272,18,85,4,6,0.97,0,3,0.38,Phishing
SEC-LOG-104115,6.35,HTTP,443,117,83734,0.681,0,22.6,39.62,6.48,3.791,4,52,0,12,1.14,0,0,0.959,Benign
SEC-LOG-104116,0.44,UDP,22,4435,856750,0.494,0,86.31,36.18,7.83,2.679,6,33,0,379,6.91,0,2,0.191,DDoS
SEC-LOG-104117,0.13,HTTP,4444,110,80006,0.722,1,72.75,48.39,5.09,3.753,34,39,1,3,0.97,1,10,0.385,Malware
SEC-LOG-104118,9.62,TCP,3389,123,81233,0.396,0,15.26,15.27,8.04,2.315,4,44,0,11,0.98,0,0,0.92,Benign
SEC-LOG-104119,16.56,HTTPS,8080,113,6250,0.433,2,31.58,43.37,3.8,2.397,15,78,2,8,1.04,0,2,0.251,Phishing
SEC-LOG-104120,2.11,TCP,8080,109,47289,0.511,0,13.97,49.83,7.94,3.907,3,27,0,6,0.99,0,3,0.801,Benign
SEC-LOG-104121,1.61,HTTPS,53,130,47170,0.814,3,36.73,83.98,5.66,2.109,31,49,1,9,0.87,1,26,0.389,Malware
SEC-LOG-104122,11.56,HTTP,443,123,4038,0.659,4,29.87,29.04,9.72,3.706,11,72,3,12,1.08,0,0,0.177,Phishing
SEC-LOG-104123,4.58,UDP,22,4465,891505,0.577,0,90.72,21.41,7.04,2.418,3,37,0,343,8.85,0,4,0.233,DDoS
SEC-LOG-104124,10.06,SMB,139,120,45318,0.465,0,90.07,62.5,231.62,7.048,8,42,1,6,1.02,1,73,0.252,Ransomware
SEC-LOG-104125,18.6,HTTPS,443,124,2422,0.485,1,23.8,40.76,0.57,4.081,18,108,3,6,1.04,0,1,0.239,Phishing
SEC-LOG-104126,10.79,HTTPS,443,117,6561,0.687,4,15.34,30.34,7.0,4.419,16,109,2,9,1.14,0,2,0.103,Phishing
SEC-LOG-104127,3.48,UDP,53,4604,468264,0.689,2,93.78,41.18,6.58,4.438,4,27,0,355,4.44,0,0,0.069,DDoS
SEC-LOG-104128,0.9,HTTPS,80,127,74263,0.438,1,18.75,44.95,1.89,3.139,7,14,0,10,0.96,0,2,0.865,Benign
SEC-LOG-104129,8.2,TCP,53,123,38917,0.587,0,5.3,39.78,7.31,3.886,4,24,0,5,1.12,0,0,0.889,Benign
SEC-LOG-104130,11.56,HTTP,443,129,70362,0.447,1,31.5,46.2,2.98,3.873,6,24,0,9,1.0,0,3,0.872,Benign
SEC-LOG-104131,14.8,TCP,80,117,52788,0.327,1,20.84,34.29,6.8,2.823,4,27,0,11,1.01,0,0,0.87,Benign
SEC-LOG-104132,12.52,HTTP,443,117,4270,0.579,1,20.41,43.93,4.32,4.469,13,129,3,8,1.04,0,2,0.354,Phishing
SEC-LOG-104133,3.71,HTTPS,443,119,7797,0.537,1,19.08,31.55,1.54,2.133,9,111,3,6,1.05,0,1,0.304,Phishing
SEC-LOG-104134,16.91,HTTP,8080,115,38949,0.837,1,46.26,73.18,8.8,3.971,24,46,1,4,0.9,1,20,0.218,Malware
SEC-LOG-104135,17.32,HTTPS,443,124,57513,0.383,0,34.01,16.21,9.25,4.326,3,29,0,9,1.02,0,0,0.952,Benign
SEC-LOG-104136,13.65,HTTP,80,104,1840,0.552,4,5.46,23.27,8.04,2.849,22,68,4,7,0.96,0,1,0.244,Phishing
SEC-LOG-104137,47.15,TCP,8443,135,56422,0.517,0,9.17,19.98,4.1,3.518,5,37,0,6,0.96,0,3,0.855,Benign
SEC-LOG-104138,13.39,HTTP,80,122,6647,0.449,2,16.53,46.12,9.64,2.576,13,98,3,5,0.95,0,3,0.219,Phishing
SEC-LOG-104139,18.1,TCP,3389,124,49109,0.939,0,61.29,65.43,3.2,2.484,34,41,2,10,0.86,0,16,0.153,Malware
SEC-LOG-104140,25.15,UDP,443,119,78976,0.381,0,26.37,45.76,7.98,2.414,4,29,0,7,1.0,0,5,0.962,Benign
SEC-LOG-104141,15.51,HTTPS,443,116,52521,0.581,0,17.41,24.34,6.67,3.628,2,20,0,11,1.15,0,0,0.858,Benign
SEC-LOG-104142,17.57,TCP,22,113,89367,0.423,0,21.18,29.93,6.09,2.399,1,25,0,4,0.94,0,3,0.978,Benign
SEC-LOG-104143,39.56,SMB,445,123,25652,0.352,0,89.5,73.22,342.13,7.717,3,37,2,9,0.92,0,81,0.465,Ransomware
SEC-LOG-104144,2.12,TCP,53,4484,1015387,0.64,2,77.79,45.27,7.71,4.232,4,21,0,342,5.02,0,6,0.339,DDoS
SEC-LOG-104145,15.48,HTTP,443,126,4322,0.306,4,11.99,20.82,2.84,3.079,13,91,3,3,1.09,0,3,0.252,Phishing
SEC-LOG-104146,1.7,UDP,443,104,51470,0.361,0,19.77,37.74,2.14,3.625,1,33,0,2,0.97,0,3,0.97,Benign
SEC-LOG-104147,5.47,HTTP,4444,113,79838,0.686,0,58.87,56.47,6.91,2.179,26,36,4,9,1.11,1,13,0.252,Malware
SEC-LOG-104148,7.94,HTTP,443,129,6849,0.309,2,30.62,43.58,0.71,4.381,15,83,6,6,1.03,0,4,0.128,Phishing
SEC-LOG-104149,0.55,TCP,443,97,30598,0.411,0,78.85,76.89,336.06,7.123,7,52,2,10,1.0,0,92,0.12,Ransomware
SEC-LOG-104150,0.38,HTTPS,8080,125,78820,0.527,0,34.55,40.72,4.03,3.168,4,33,0,9,0.91,0,4,0.93,Benign
SEC-LOG-104151,14.02,UDP,25,111,37536,0.682,0,16.67,34.77,5.24,2.358,8,37,0,9,1.11,0,2,0.975,Benign
SEC-LOG-104152,7.85,HTTPS,443,118,3657,0.375,1,9.3,38.26,5.82,4.311,7,112,3,8,0.99,0,4,0.353,Phishing
SEC-LOG-104153,6.46,TCP,80,117,68690,0.521,0,16.61,37.6,9.1,4.384,3,27,0,8,1.11,0,2,0.903,Benign
SEC-LOG-104154,6.97,UDP,8080,120,33676,0.496,0,29.57,20.63,0.73,3.823,7,35,0,8,0.96,0,1,0.956,Benign
SEC-LOG-104155,32.25,TCP,80,109,86954,0.557,0,24.28,22.83,1.11,3.733,4,42,0,8,0.97,0,2,0.959,Benign
SEC-LOG-104156,16.97,TCP,4444,119,91900,0.894,0,31.12,73.58,5.07,3.753,21,45,4,6,0.92,1,8,0.32,Malware
SEC-LOG-104157,37.09,SMB,445,122,86500,0.485,0,71.48,66.91,99.7,7.414,5,30,2,8,0.98,1,86,0.392,Ransomware
SEC-LOG-104158,1.04,HTTP,80,4344,469923,0.664,0,93.97,26.94,9.15,3.799,5,28,0,363,4.46,0,4,0.276,DDoS
SEC-LOG-104159,14.2,TCP,53,148,63606,0.945,0,59.24,61.95,0.5,2.366,17,13,3,9,1.0,1,16,0.407,Malware
SEC-LOG-104160,4.87,TCP,22,122,44334,0.654,0,63.78,69.98,5.54,4.328,12,33,3,10,1.07,0,17,0.242,Malware
SEC-LOG-104161,11.12,TCP,80,116,66337,0.383,0,19.79,32.89,1.82,3.111,6,54,0,9,0.91,0,2,0.86,Benign
SEC-LOG-104162,9.58,HTTPS,443,125,68016,0.88,3,38.35,53.77,6.8,3.72,27,40,1,7,0.87,1,16,0.188,Malware
SEC-LOG-104163,36.57,HTTPS,80,142,94006,0.417,0,32.01,36.39,7.12,2.593,1,31,0,7,1.0,0,4,0.978,Benign
SEC-LOG-104164,4.31,HTTPS,443,127,4748,0.614,1,9.03,48.44,5.0,3.231,12,95,4,4,0.92,0,2,0.362,Phishing
SEC-LOG-104165,0.45,UDP,80,129,64298,0.455,0,7.75,24.36,3.82,2.063,9,45,0,4,1.12,0,0,0.875,Benign
SEC-LOG-104166,8.56,DNS,443,121,61590,0.424,0,7.74,46.53,4.33,4.275,6,54,0,6,1.12,0,1,0.877,Benign
SEC-LOG-104167,8.76,HTTPS,80,111,24470,0.694,0,22.92,31.43,8.95,2.122,2,53,0,6,1.11,0,3,0.908,Benign
SEC-LOG-104168,6.27,UDP,443,101,71622,0.573,0,26.62,25.89,4.91,2.728,10,52,0,6,0.88,0,1,0.993,Benign
SEC-LOG-104169,56.14,HTTP,21,124,67282,0.409,0,11.61,27.47,7.96,3.764,6,27,0,7,1.1,0,1,0.817,Benign
SEC-LOG-104170,5.9,HTTPS,8080,123,78703,0.483,0,24.06,47.89,3.18,4.081,6,30,0,6,0.98,0,1,0.825,Benign
SEC-LOG-104171,3.31,TCP,443,4489,848827,0.665,0,90.25,20.1,1.74,3.63,6,48,0,397,4.47,0,5,0.06,DDoS
SEC-LOG-104172,40.45,TCP,8080,117,81285,0.766,5,30.19,72.24,9.6,2.123,27,42,1,7,1.13,1,19,0.136,Malware
SEC-LOG-104173,0.4,DNS,8080,130,85508,0.87,3,34.39,64.72,5.83,2.625,21,29,3,9,1.06,1,21,0.383,Malware
SEC-LOG-104174,16.45,TCP,8080,140,92558,0.522,0,77.21,60.2,105.38,7.64,1,24,1,4,1.04,1,87,0.496,Ransomware
SEC-LOG-104175,4.77,UDP,80,4470,734958,0.529,0,87.4,19.18,3.84,3.722,12,31,0,370,14.84,0,0,0.084,DDoS
SEC-LOG-104176,5.21,HTTP,8080,138,82975,0.845,1,59.31,60.81,6.88,3.231,23,28,1,11,0.99,1,17,0.404,Malware
SEC-LOG-104177,0.23,TCP,445,111,59844,0.342,0,98.73,94.85,149.43,6.949,0,33,1,11,1.08,0,86,0.284,Ransomware
SEC-LOG-104178,6.69,DNS,80,114,60823,0.348,0,24.91,31.71,7.39,3.344,3,38,0,3,1.1,0,1,0.822,Benign
SEC-LOG-104179,3.97,DNS,443,126,98305,0.523,0,22.02,24.93,8.49,4.005,5,37,0,7,0.88,0,0,0.821,Benign
SEC-LOG-104180,51.35,TCP,3389,107,67457,0.948,3,57.07,79.26,6.08,3.556,22,22,1,11,1.05,1,20,0.394,Malware
SEC-LOG-104181,4.53,HTTP,443,123,1805,0.364,1,24.3,21.8,2.88,2.475,14,130,4,9,0.88,0,1,0.191,Phishing
SEC-LOG-104182,7.12,HTTP,443,104,3633,0.643,4,25.73,25.07,9.82,3.541,14,96,6,8,0.94,0,0,0.258,Phishing
SEC-LOG-104183,35.25,HTTP,445,134,44067,0.597,0,5.72,21.44,9.96,4.292,5,11,0,5,1.12,0,0,0.889,Benign
SEC-LOG-104184,5.19,HTTP,445,129,44064,0.499,0,6.69,44.26,8.29,4.3,3,35,0,8,0.95,0,2,0.955,Benign
SEC-LOG-104185,9.24,HTTPS,80,119,6955,0.582,1,8.6,17.58,8.31,2.794,16,95,6,6,0.88,0,4,0.306,Phishing
SEC-LOG-104186,6.51,HTTP,80,113,29932,0.458,2,32.78,48.07,3.56,2.546,3,32,0,11,1.12,0,2,0.91,Benign
SEC-LOG-104187,21.27,TCP,4444,108,44427,0.793,1,56.08,73.42,0.73,3.842,25,27,1,6,1.09,0,21,0.21,Malware
SEC-LOG-104188,10.46,HTTPS,443,119,3654,0.443,4,22.23,44.75,6.67,2.079,16,93,2,3,0.93,0,1,0.233,Phishing
SEC-LOG-104189,19.9,HTTP,80,116,5567,0.322,4,6.11,47.78,9.11,3.172,11,88,2,5,1.13,0,0,0.167,Phishing
SEC-LOG-104190,16.59,SMB,445,118,87859,0.536,0,80.66,80.41,284.64,6.981,5,41,1,9,0.97,1,77,0.454,Ransomware
SEC-LOG-104191,4.52,SMB,139,119,92918,0.648,1,92.45,84.14,225.67,7.064,11,55,4,4,1.09,0,92,0.241,Ransomware
SEC-LOG-104192,33.53,DNS,4444,133,31148,0.848,1,55.26,71.4,4.87,4.433,34,46,1,9,0.93,0,15,0.357,Malware
SEC-LOG-104193,11.97,HTTP,443,137,5876,0.357,1,19.22,18.06,6.15,2.132,8,75,4,10,0.95,0,3,0.289,Phishing
SEC-LOG-104194,14.13,HTTP,443,117,7844,0.659,1,12.32,33.59,2.48,2.858,17,116,4,11,0.98,0,2,0.111,Phishing
SEC-LOG-104195,10.64,DNS,53,131,101423,0.386,0,11.1,47.57,4.93,2.613,6,10,0,11,0.92,0,3,0.933,Benign
SEC-LOG-104196,50.01,DNS,443,115,29582,0.412,0,34.37,45.87,8.05,3.055,6,60,0,4,1.1,0,2,0.916,Benign
SEC-LOG-104197,8.9,HTTPS,443,136,30374,0.567,0,9.93,37.85,8.54,3.251,5,52,0,7,1.07,0,3,0.942,Benign
SEC-LOG-104198,4.73,HTTPS,3389,90,53224,0.828,0,59.66,72.3,5.95,3.631,33,33,2,5,1.07,0,13,0.326,Malware
SEC-LOG-104199,3.14,HTTPS,80,117,5728,0.579,2,30.55,45.42,5.73,3.95,17,51,3,10,1.06,0,3,0.116,Phishing
SEC-LOG-104200,16.81,HTTPS,445,130,56847,0.346,0,84.99,90.43,324.94,6.85,6,15,2,6,1.03,1,97,0.416,Ransomware
SEC-LOG-104201,5.61,HTTP,80,106,76854,0.448,0,12.93,35.35,7.1,3.657,3,24,0,7,0.94,0,2,0.884,Benign
SEC-LOG-104202,36.49,TCP,443,127,95882,0.329,0,18.36,32.61,1.25,3.303,5,42,0,7,0.97,0,0,0.821,Benign
SEC-LOG-104203,3.25,UDP,80,4463,378880,0.532,0,69.76,33.07,2.51,3.211,3,30,0,343,13.2,0,2,0.233,DDoS
SEC-LOG-104204,13.78,TCP,80,106,54437,0.349,0,33.51,22.06,5.4,4.346,3,36,0,10,1.07,0,1,0.801,Benign
SEC-LOG-104205,28.88,TCP,53,108,24575,0.756,5,53.86,78.53,0.67,2.605,23,31,1,5,0.98,1,19,0.348,Malware
SEC-LOG-104206,5.48,HTTP,53,113,74905,0.864,0,31.02,40.68,2.37,3.127,31,14,1,4,1.02,0,14,0.106,Malware
SEC-LOG-104207,2.71,DNS,443,109,34259,0.899,0,40.59,58.52,5.72,2.869,26,22,1,2,1.05,0,21,0.165,Malware
SEC-LOG-104208,0.39,HTTPS,8080,130,42280,0.567,0,34.01,39.48,5.81,2.007,5,49,0,5,1.12,0,2,0.89,Benign
SEC-LOG-104209,1.46,HTTPS,22,124,76308,0.501,0,29.41,23.86,1.57,3.953,4,30,0,6,1.05,0,3,0.854,Benign
SEC-LOG-104210,18.82,TCP,53,136,31390,0.394,0,9.77,15.28,1.91,3.934,3,13,0,6,0.87,0,1,0.833,Benign
SEC-LOG-104211,2.63,SSH,8080,116,69369,0.848,0,45.97,70.78,1.27,4.139,22,36,2,7,1.01,0,14,0.149,Malware
SEC-LOG-104212,5.59,TCP,8080,119,82738,0.92,1,50.34,57.99,8.87,3.178,26,42,2,9,0.93,0,22,0.412,Malware
SEC-LOG-104213,1.47,UDP,8080,120,34064,0.531,0,24.08,19.44,7.3,2.336,5,50,0,8,1.03,0,0,0.97,Benign
SEC-LOG-104214,16.73,HTTP,443,116,2291,0.319,1,12.57,25.26,8.23,3.707,15,93,3,9,1.11,0,3,0.389,Phishing
SEC-LOG-104215,0.68,TCP,445,139,36150,0.382,0,96.95,92.92,281.19,7.141,1,10,1,7,1.11,1,79,0.431,Ransomware
SEC-LOG-104216,10.62,SSH,8080,119,90678,0.635,0,10.29,32.8,6.66,3.433,6,31,0,7,0.93,0,2,0.92,Benign
SEC-LOG-104217,41.28,HTTP,8080,119,66149,0.64,0,32.34,74.37,0.96,3.371,28,14,2,8,0.99,0,19,0.26,Malware
SEC-LOG-104218,3.29,HTTPS,443,107,7426,0.549,2,18.81,21.52,9.75,3.899,21,107,2,8,1.14,0,3,0.386,Phishing
SEC-LOG-104219,9.96,HTTPS,3389,125,34139,0.352,0,5.1,45.66,5.66,4.389,3,10,0,10,0.87,0,1,0.885,Benign
SEC-LOG-104220,1.19,HTTPS,53,124,47527,0.303,2,8.95,37.95,3.12,3.76,7,46,0,6,1.03,0,1,0.894,Benign
SEC-LOG-104221,14.4,HTTPS,443,113,5434,0.625,4,11.76,24.41,7.07,3.59,12,68,3,7,0.87,0,1,0.149,Phishing
SEC-LOG-104222,14.77,SMB,445,127,85438,0.466,0,90.49,63.35,178.01,7.379,10,34,1,6,1.12,1,82,0.36,Ransomware
SEC-LOG-104223,13.46,SMB,139,118,27675,0.453,0,77.85,64.71,238.31,6.971,5,30,2,12,0.89,1,90,0.291,Ransomware
SEC-LOG-104224,59.16,HTTPS,8080,113,52230,0.642,3,68.84,69.5,7.77,3.779,29,52,4,8,1.11,0,14,0.105,Malware
SEC-LOG-104225,10.65,HTTPS,80,104,2414,0.565,2,6.57,25.16,2.05,2.664,16,53,2,4,0.95,0,6,0.379,Phishing
SEC-LOG-104226,7.07,TCP,8080,121,88551,0.55,0,14.52,18.76,4.59,3.713,3,46,0,9,0.9,0,1,0.966,Benign
SEC-LOG-104227,3.32,HTTPS,80,134,4545,0.482,4,17.68,19.04,3.72,3.556,16,122,6,6,0.87,0,2,0.096,Phishing
SEC-LOG-104228,11.48,TCP,4444,112,36702,0.702,0,74.83,58.45,1.35,3.711,29,47,2,3,1.0,0,18,0.393,Malware
SEC-LOG-104229,9.44,TCP,22,116,42731,0.626,1,29.56,30.15,9.79,2.249,5,27,0,4,1.05,0,6,0.839,Benign
SEC-LOG-104230,8.12,HTTPS,443,129,2157,0.483,1,29.45,38.13,6.42,2.8,19,66,2,7,0.97,0,1,0.252,Phishing
SEC-LOG-104231,7.55,SSH,443,112,77845,0.693,3,53.67,45.26,5.27,3.785,22,49,2,10,0.87,1,19,0.242,Malware
SEC-LOG-104232,9.36,HTTP,80,123,50512,0.543,0,17.74,42.26,5.48,3.615,4,19,0,8,0.88,0,0,0.924,Benign
SEC-LOG-104233,0.4,DNS,443,4484,1110628,0.504,1,82.28,24.55,3.32,2.815,3,14,0,378,4.61,0,3,0.098,DDoS
SEC-LOG-104234,5.59,HTTP,443,130,97932,0.354,0,32.87,36.56,8.94,2.122,7,34,0,7,1.06,0,4,0.855,Benign
SEC-LOG-104235,4.1,TCP,443,131,43265,0.301,0,23.33,44.66,6.49,3.02,3,10,0,11,0.85,0,1,0.928,Benign
SEC-LOG-104236,64.97,TCP,443,112,69882,0.646,0,28.22,27.57,2.18,2.306,7,51,0,12,1.02,0,1,0.822,Benign
SEC-LOG-104237,4.49,TCP,139,109,51420,0.698,0,74.66,82.62,178.27,7.103,6,46,2,8,0.85,1,92,0.152,Ransomware
SEC-LOG-104238,16.19,HTTPS,443,107,3981,0.399,2,29.18,23.68,4.79,2.667,20,85,3,14,0.95,0,1,0.09,Phishing
SEC-LOG-104239,12.33,UDP,80,135,83362,0.334,0,29.81,40.45,6.81,3.43,3,33,0,4,1.09,0,2,0.892,Benign
SEC-LOG-104240,10.04,HTTP,80,113,7758,0.648,6,29.64,47.92,8.51,3.612,16,62,3,5,0.9,0,2,0.344,Phishing
SEC-LOG-104241,69.11,UDP,80,116,77577,0.565,0,5.59,32.62,6.49,2.961,5,33,0,6,0.89,0,3,0.813,Benign
SEC-LOG-104242,13.22,SMB,445,118,40879,0.347,0,96.64,92.58,164.49,7.565,9,40,2,3,0.97,1,89,0.203,Ransomware
SEC-LOG-104243,23.54,HTTP,4444,133,90583,0.904,1,58.56,81.33,9.78,4.21,24,51,2,13,0.92,0,17,0.126,Malware
SEC-LOG-104244,14.62,HTTP,22,113,83343,0.658,1,74.33,66.58,4.6,2.508,28,42,2,10,1.08,1,20,0.405,Malware
SEC-LOG-104245,4.27,DNS,443,4446,427714,0.577,0,80.26,33.06,7.0,3.825,9,36,0,359,6.08,0,1,0.335,DDoS
SEC-LOG-104246,2.16,TCP,443,116,46466,0.585,0,14.73,23.48,5.29,3.281,5,52,0,12,1.13,0,1,0.847,Benign
SEC-LOG-104247,48.68,HTTP,443,123,92603,0.364,0,18.74,29.79,7.97,4.402,7,35,0,10,1.0,0,3,0.81,Benign
SEC-LOG-104248,6.96,HTTP,4444,123,28218,0.612,1,52.57,71.0,3.29,2.352,22,44,1,4,1.0,0,21,0.236,Malware
SEC-LOG-104249,1.26,TCP,53,4474,1023121,0.687,0,70.54,35.9,0.96,3.179,10,32,0,354,5.08,0,2,0.255,DDoS
SEC-LOG-104250,15.42,HTTPS,80,118,53197,0.305,0,25.65,46.16,9.02,2.625,3,30,0,9,1.01,0,4,0.831,Benign
SEC-LOG-104251,80.43,HTTPS,443,123,65883,0.57,0,8.02,33.57,9.3,3.763,3,48,0,8,1.05,0,0,0.934,Benign
SEC-LOG-104252,23.69,UDP,8080,103,59838,0.607,0,12.79,37.19,3.24,2.796,4,29,0,7,1.05,0,2,0.978,Benign
SEC-LOG-104253,19.92,DNS,443,141,91810,0.73,3,58.62,68.63,2.59,4.1,27,33,1,7,0.96,1,18,0.17,Malware
SEC-LOG-104254,4.43,HTTPS,80,104,70802,0.49,0,31.56,47.6,0.92,2.136,3,23,0,9,0.96,0,4,0.949,Benign
SEC-LOG-104255,14.65,HTTPS,443,128,6019,0.455,1,10.2,31.42,9.41,3.359,10,108,4,6,0.93,0,3,0.29,Phishing
SEC-LOG-104256,4.56,UDP,53,4472,673007,0.687,0,79.89,48.66,3.73,4.235,7,36,0,333,8.21,0,4,0.264,DDoS
SEC-LOG-104257,4.41,HTTPS,8080,105,76078,0.86,0,45.37,45.16,3.88,2.62,30,48,1,4,0.95,1,23,0.365,Malware
SEC-LOG-104258,32.03,UDP,80,123,66569,0.434,0,16.78,33.98,4.7,4.244,7,33,0,5,1.01,0,2,0.924,Benign
SEC-LOG-104259,4.86,DNS,8080,114,46865,0.703,0,62.45,59.46,9.63,2.052,19,27,1,10,1.01,0,17,0.193,Malware
SEC-LOG-104260,6.29,TCP,80,115,89631,0.342,0,9.3,22.29,6.65,3.245,6,34,0,6,0.95,0,1,0.814,Benign
SEC-LOG-104261,14.42,SMB,445,146,37802,0.436,0,94.44,94.69,80.43,7.976,1,15,1,10,0.93,1,75,0.496,Ransomware
SEC-LOG-104262,10.46,TCP,8080,100,45426,0.839,0,63.05,40.1,8.38,3.844,21,42,1,17,1.04,0,7,0.271,Malware
SEC-LOG-104263,7.03,HTTPS,53,118,33112,0.611,0,19.69,41.11,1.85,4.212,5,22,0,3,0.89,0,5,0.831,Benign
SEC-LOG-104264,9.63,HTTP,443,122,7501,0.65,6,25.99,46.21,1.69,3.791,9,104,2,9,0.96,0,2,0.17,Phishing
SEC-LOG-104265,20.48,SSH,4444,111,46342,0.89,1,48.75,68.72,7.98,4.171,24,38,1,3,0.9,0,13,0.179,Malware
SEC-LOG-104266,3.16,HTTPS,80,134,2073,0.623,2,25.96,15.9,3.99,4.364,14,100,3,4,0.91,0,0,0.185,Phishing
SEC-LOG-104267,2.12,UDP,443,116,47963,0.546,0,22.74,32.52,9.6,4.14,6,19,0,9,1.05,0,3,0.955,Benign
SEC-LOG-104268,2.55,SMB,445,123,85713,0.4,0,81.31,74.02,125.18,7.31,6,33,1,8,1.11,1,89,0.436,Ransomware
SEC-LOG-104269,3.65,UDP,443,4475,901943,0.661,0,67.23,47.31,0.88,2.646,4,16,0,322,3.58,0,0,0.302,DDoS
SEC-LOG-104270,14.93,HTTP,443,133,7902,0.371,1,31.49,33.79,5.09,4.398,12,142,6,9,1.12,0,0,0.366,Phishing
SEC-LOG-104271,2.19,TCP,8080,4492,1035265,0.399,0,71.61,29.86,8.03,4.258,9,15,0,360,13.7,0,2,0.173,DDoS
SEC-LOG-104272,5.48,HTTP,80,105,65436,0.576,0,23.09,29.74,1.68,3.506,3,41,0,12,0.94,0,2,0.969,Benign
SEC-LOG-104273,57.27,DNS,8080,110,50408,0.853,3,41.72,56.5,1.41,2.956,21,42,3,7,0.9,1,22,0.3,Malware
SEC-LOG-104274,5.37,HTTPS,443,122,3534,0.365,2,13.56,16.38,9.02,3.911,14,104,4,2,0.93,0,4,0.336,Phishing
SEC-LOG-104275,41.68,TCP,4444,130,60233,0.858,1,39.54,58.52,5.0,2.514,29,23,2,6,1.03,0,19,0.345,Malware
SEC-LOG-104276,15.07,DNS,443,115,81221,0.767,1,40.12,47.3,7.49,2.4,33,30,1,10,0.99,0,11,0.346,Malware
SEC-LOG-104277,21.25,HTTPS,80,111,54541,0.48,0,30.86,47.15,6.76,2.421,6,10,0,8,0.98,0,2,0.886,Benign
SEC-LOG-104278,11.99,HTTPS,53,101,41137,0.471,0,24.33,48.13,6.11,3.691,3,30,0,7,1.02,0,3,0.845,Benign
SEC-LOG-104279,29.96,TCP,443,114,61647,0.496,0,31.88,18.88,7.3,4.488,7,37,0,7,0.93,0,1,0.922,Benign
SEC-LOG-104280,3.56,TCP,443,129,80012,0.593,0,30.75,47.15,8.7,3.651,5,21,0,9,1.13,0,2,0.896,Benign
SEC-LOG-104281,19.88,HTTPS,80,133,4135,0.538,2,31.44,47.99,9.2,3.141,18,82,4,8,0.99,0,2,0.283,Phishing
SEC-LOG-104282,6.72,UDP,53,98,43864,0.471,0,34.33,44.87,3.34,3.261,1,10,0,9,0.97,0,0,0.893,Benign
SEC-LOG-104283,22.04,HTTPS,443,117,35875,0.455,0,11.42,41.31,3.27,4.241,6,39,0,11,0.89,0,2,0.846,Benign
SEC-LOG-104284,0.64,DNS,3389,121,27256,0.82,1,42.76,49.99,8.89,4.216,16,14,1,6,0.97,0,16,0.44,Malware
SEC-LOG-104285,0.11,HTTPS,443,108,27558,0.842,0,42.85,81.96,8.04,3.752,21,10,1,7,0.95,0,26,0.391,Malware
SEC-LOG-104286,10.5,HTTPS,8080,113,56680,0.417,0,88.07,90.31,288.9,7.822,3,51,2,6,0.96,1,87,0.323,Ransomware
SEC-LOG-104287,18.14,HTTP,443,119,53677,0.937,1,62.75,65.26,5.09,2.928,29,34,2,6,1.14,0,18,0.337,Malware
SEC-LOG-104288,3.49,TCP,443,124,48981,0.652,0,25.34,35.52,7.13,4.137,7,57,0,9,0.93,0,0,0.978,Benign
SEC-LOG-104289,5.9,SMB,445,140,60478,0.666,2,94.33,81.32,301.82,7.417,10,46,1,10,1.04,1,96,0.222,Ransomware
SEC-LOG-104290,0.49,TCP,3389,116,50284,0.71,0,44.03,64.92,0.87,4.187,20,36,1,8,0.91,1,18,0.403,Malware
SEC-LOG-104291,3.94,HTTPS,80,115,73070,0.481,0,28.33,32.12,9.42,2.562,3,37,0,5,0.97,0,1,0.947,Benign
SEC-LOG-104292,8.31,HTTPS,8080,133,37473,0.899,0,59.7,54.08,4.75,3.949,31,50,3,7,0.89,1,27,0.322,Malware
SEC-LOG-104293,4.52,UDP,443,4546,896331,0.424,0,68.34,35.5,9.54,3.476,5,62,0,377,12.09,0,1,0.316,DDoS
SEC-LOG-104294,16.46,HTTPS,445,123,29674,0.315,0,11.81,19.39,1.02,2.076,3,50,0,8,1.07,0,2,0.968,Benign
SEC-LOG-104295,7.58,TCP,80,120,71269,0.447,0,30.52,22.85,8.42,3.66,3,48,0,11,1.14,0,2,0.949,Benign
SEC-LOG-104296,26.1,TCP,80,119,73498,0.606,1,17.14,20.27,9.22,2.916,7,32,0,11,0.91,0,3,0.938,Benign
SEC-LOG-104297,18.88,TCP,80,141,66505,0.532,0,20.56,22.45,6.79,3.242,11,31,0,4,1.06,0,5,0.956,Benign
SEC-LOG-104298,54.54,HTTP,4444,112,59423,0.694,5,53.83,79.69,2.26,4.162,22,39,3,3,0.96,1,14,0.408,Malware
SEC-LOG-104299,12.99,DNS,8080,117,87948,0.773,0,55.36,42.38,4.3,3.363,16,23,2,17,0.94,0,21,0.393,Malware
SEC-LOG-104300,4.14,HTTPS,443,134,51022,0.633,0,30.03,48.47,5.23,4.293,3,36,0,5,1.04,0,2,0.986,Benign
SEC-LOG-104301,4.94,DNS,80,4526,557080,0.619,0,85.19,49.12,0.93,2.221,8,18,0,331,10.65,0,1,0.329,DDoS
SEC-LOG-104302,26.37,SMB,445,103,68553,0.444,0,75.32,77.39,203.14,7.322,6,34,2,12,1.15,1,95,0.282,Ransomware
SEC-LOG-104303,5.92,HTTP,4444,112,82068,0.788,0,62.54,63.33,3.64,2.786,24,35,1,12,0.93,0,17,0.241,Malware
SEC-LOG-104304,0.55,SMB,445,110,68918,0.571,0,98.84,89.48,122.83,7.319,5,39,1,7,0.93,1,92,0.376,Ransomware
SEC-LOG-104305,2.13,HTTP,443,130,35545,0.406,0,28.92,42.96,1.51,3.65,8,28,0,6,0.91,0,1,0.836,Benign
SEC-LOG-104306,9.74,HTTPS,8080,129,57771,0.623,0,33.61,74.25,6.02,2.153,21,15,2,12,1.08,0,15,0.36,Malware
SEC-LOG-104307,7.85,HTTP,443,146,7686,0.59,2,22.89,46.79,7.97,4.218,17,118,4,7,0.98,0,0,0.127,Phishing
SEC-LOG-104308,1.66,HTTPS,443,119,39342,0.44,0,73.61,77.78,196.74,7.5,6,40,2,7,0.98,1,80,0.432,Ransomware
SEC-LOG-104309,54.33,HTTPS,139,126,60878,0.386,0,99.38,60.56,188.49,7.668,4,43,4,18,1.11,1,83,0.179,Ransomware
SEC-LOG-104310,18.96,HTTP,443,116,82056,0.326,0,30.05,24.68,6.22,4.27,3,48,0,4,0.98,0,2,0.884,Benign
SEC-LOG-104311,3.38,UDP,443,4404,444253,0.679,0,89.27,44.56,2.17,2.989,1,31,0,326,8.16,0,1,0.215,DDoS
SEC-LOG-104312,15.22,HTTPS,80,115,49184,0.533,1,12.76,15.65,5.46,2.621,6,32,0,8,1.13,0,1,0.893,Benign
SEC-LOG-104313,10.66,SMB,445,104,39787,0.543,0,98.57,85.91,233.01,6.944,4,43,4,8,1.04,1,93,0.415,Ransomware
SEC-LOG-104314,0.51,DNS,443,4566,726086,0.351,0,92.83,38.79,4.77,3.231,4,21,0,337,14.7,0,1,0.062,DDoS
SEC-LOG-104315,34.92,HTTPS,443,121,91548,0.569,0,10.39,16.76,8.28,2.743,7,34,0,9,1.0,0,1,0.951,Benign
SEC-LOG-104316,11.15,HTTP,443,98,1756,0.596,1,19.88,26.07,7.23,4.426,25,84,3,8,0.98,0,5,0.131,Phishing
SEC-LOG-104317,13.73,DNS,80,118,27204,0.493,0,32.6,33.08,3.29,2.462,3,36,0,13,1.11,0,2,0.813,Benign
SEC-LOG-104318,31.64,DNS,4444,130,79128,0.925,0,31.68,83.73,7.48,3.28,20,32,4,12,1.04,0,18,0.239,Malware
SEC-LOG-104319,6.89,HTTP,3389,119,94990,0.866,1,34.26,77.68,2.98,2.866,29,41,1,5,0.98,0,15,0.173,Malware
SEC-LOG-104320,1.09,TCP,22,107,21533,0.931,0,50.73,54.84,2.61,3.437,27,34,2,5,1.06,1,12,0.369,Malware
SEC-LOG-104321,3.0,HTTP,80,4568,682833,0.437,0,89.76,18.94,7.16,3.718,3,14,0,335,11.88,0,1,0.259,DDoS
SEC-LOG-104322,15.41,HTTP,443,101,3250,0.444,2,17.91,16.08,6.36,2.645,5,95,6,7,1.14,0,1,0.324,Phishing
SEC-LOG-104323,7.48,HTTPS,4444,117,75080,0.758,0,51.3,53.03,9.75,2.704,26,47,1,5,0.93,1,20,0.32,Malware
SEC-LOG-104324,28.82,HTTPS,443,121,49026,0.535,1,77.99,69.04,346.02,7.615,5,49,1,8,0.93,1,90,0.314,Ransomware
SEC-LOG-104325,0.89,TCP,8080,4474,457491,0.313,2,71.45,21.38,2.82,3.814,5,56,0,358,10.61,0,2,0.27,DDoS
SEC-LOG-104326,2.26,HTTPS,443,123,94250,0.686,0,22.47,42.79,7.68,3.747,2,49,0,5,1.06,0,1,0.837,Benign
SEC-LOG-104327,0.58,TCP,443,4494,794263,0.6,0,74.95,20.78,8.32,3.972,2,52,0,392,6.78,0,0,0.06,DDoS
SEC-LOG-104328,12.64,DNS,443,112,63837,0.656,0,21.57,23.88,9.05,4.429,3,47,0,7,0.93,0,1,0.984,Benign
SEC-LOG-104329,5.75,HTTPS,445,132,39552,0.303,1,80.66,89.79,240.58,7.646,5,40,4,7,0.96,1,64,0.309,Ransomware
SEC-LOG-104330,3.42,HTTPS,53,120,67362,0.519,0,27.77,44.72,5.98,3.134,5,46,0,10,0.98,0,1,0.933,Benign
SEC-LOG-104331,68.01,TCP,80,124,74403,0.346,0,8.79,45.59,8.58,2.108,2,39,0,11,1.1,0,1,0.804,Benign
SEC-LOG-104332,16.92,HTTPS,4444,115,73853,0.928,0,71.75,48.04,2.32,4.43,24,23,3,13,0.98,1,16,0.106,Malware
SEC-LOG-104333,11.01,HTTP,80,122,5698,0.543,2,10.55,48.43,7.1,4.373,18,89,3,6,0.88,0,2,0.342,Phishing
SEC-LOG-104334,17.0,HTTPS,8443,125,25908,0.532,0,24.15,37.65,7.6,2.189,7,31,0,5,0.97,0,2,0.903,Benign
SEC-LOG-104335,45.92,HTTPS,53,115,49874,0.445,0,29.46,25.32,3.3,2.311,6,49,0,10,1.13,0,1,0.963,Benign
SEC-LOG-104336,10.55,HTTP,22,126,57511,0.889,0,45.19,54.08,0.7,3.454,29,34,2,11,1.11,1,19,0.386,Malware
SEC-LOG-104337,4.73,DNS,80,4530,1108989,0.349,0,77.72,33.27,6.35,2.905,2,41,0,353,5.33,0,1,0.335,DDoS
SEC-LOG-104338,9.59,HTTPS,80,127,56298,0.358,0,33.28,37.15,9.55,3.13,5,33,0,11,1.14,0,0,0.914,Benign
SEC-LOG-104339,18.49,HTTPS,8080,113,36436,0.485,0,18.74,41.36,4.94,3.523,5,21,0,5,1.14,0,0,0.803,Benign
SEC-LOG-104340,58.64,TCP,8080,113,78258,0.828,1,62.77,51.77,9.74,2.796,19,35,2,8,0.97,0,19,0.184,Malware
SEC-LOG-104341,3.65,DNS,445,101,51355,0.697,0,20.81,45.24,7.2,2.835,4,16,0,10,1.15,0,2,0.983,Benign
SEC-LOG-104342,1.31,TCP,8080,119,60578,0.367,0,88.66,60.22,175.25,6.854,8,51,4,17,1.08,1,77,0.417,Ransomware
SEC-LOG-104343,42.34,HTTPS,445,103,39594,0.539,0,78.15,91.08,311.95,7.585,2,42,2,10,1.13,1,87,0.198,Ransomware
SEC-LOG-104344,6.33,TCP,8080,111,80855,0.63,1,37.65,60.78,3.48,2.515,23,23,1,12,0.96,1,17,0.38,Malware
SEC-LOG-104345,11.37,HTTP,80,130,101602,0.518,0,28.64,27.36,0.53,3.366,4,33,0,3,1.04,0,2,0.801,Benign
SEC-LOG-104346,12.1,SMB,443,116,62733,0.436,0,84.52,60.4,202.81,7.113,5,24,4,6,1.13,0,77,0.495,Ransomware
SEC-LOG-104347,51.69,HTTPS,4444,129,83253,0.651,0,44.22,82.38,9.12,2.621,20,36,1,8,1.01,0,14,0.318,Malware
SEC-LOG-104348,44.72,TCP,445,121,94361,0.422,0,97.19,62.89,138.31,7.415,6,19,4,3,1.08,0,82,0.343,Ransomware
SEC-LOG-104349,5.33,HTTP,443,133,4224,0.68,4,31.04,49.86,2.71,4.289,17,118,4,9,0.89,0,3,0.323,Phishing
SEC-LOG-104350,12.13,TCP,8080,114,78436,0.558,0,96.09,76.12,288.58,7.196,4,25,4,6,1.06,1,73,0.304,Ransomware
SEC-LOG-104351,2.77,DNS,3389,122,29007,0.809,0,44.79,48.47,8.95,3.839,28,44,2,7,0.85,0,14,0.438,Malware
SEC-LOG-104352,35.27,HTTP,22,123,94235,0.861,5,70.06,67.61,7.31,4.356,27,20,1,5,1.06,0,22,0.317,Malware
SEC-LOG-104353,0.48,TCP,8080,4504,982985,0.635,0,70.97,42.31,6.72,2.224,3,26,0,351,10.07,0,1,0.32,DDoS
SEC-LOG-104354,54.21,HTTP,4444,109,32175,0.726,0,65.47,44.34,6.73,4.036,25,36,3,6,0.85,0,21,0.106,Malware
SEC-LOG-104355,2.04,HTTPS,443,118,4095,0.531,4,32.08,41.99,2.6,4.14,17,114,3,9,1.15,0,3,0.313,Phishing
SEC-LOG-104356,7.02,HTTPS,80,122,72829,0.518,0,25.01,21.18,7.9,2.337,5,34,0,5,0.85,0,4,0.82,Benign
SEC-LOG-104357,4.93,HTTP,80,106,2166,0.555,2,28.27,28.18,8.56,3.848,10,124,4,11,1.14,0,0,0.14,Phishing
SEC-LOG-104358,9.36,HTTP,443,108,44260,0.817,5,38.09,66.0,7.0,4.393,21,33,2,9,1.02,1,15,0.126,Malware
SEC-LOG-104359,19.89,TCP,443,110,45270,0.624,0,31.44,15.67,2.76,3.789,8,51,0,9,1.14,0,4,0.909,Benign
SEC-LOG-104360,26.54,TCP,8080,129,72069,0.419,0,26.79,26.0,2.44,2.402,11,52,0,10,1.03,0,3,0.809,Benign
SEC-LOG-104361,10.24,HTTP,443,131,6516,0.339,4,8.75,26.34,9.63,2.489,20,90,2,7,1.1,0,1,0.368,Phishing
SEC-LOG-104362,5.59,SMB,445,113,56893,0.47,0,72.06,75.26,201.72,7.481,2,35,2,11,1.07,1,90,0.127,Ransomware
SEC-LOG-104363,12.04,TCP,4444,125,51103,0.778,0,32.08,81.98,6.61,4.337,23,43,3,6,1.07,1,24,0.238,Malware
SEC-LOG-104364,22.34,HTTP,8080,128,98682,0.384,0,22.21,28.64,3.86,3.844,5,41,0,7,1.07,0,1,0.861,Benign
SEC-LOG-104365,8.83,HTTP,443,136,2110,0.633,2,15.33,23.91,7.28,2.933,19,99,3,4,0.87,0,1,0.194,Phishing
SEC-LOG-104366,8.51,SMB,443,125,39703,0.324,0,28.58,15.18,7.52,2.833,4,27,0,6,0.92,0,4,0.814,Benign
SEC-LOG-104367,2.41,DNS,4444,120,44533,0.823,0,43.08,55.92,4.24,4.106,24,36,1,7,1.03,0,25,0.366,Malware
SEC-LOG-104368,24.95,HTTP,21,110,56665,0.647,0,28.79,34.91,2.69,2.039,10,46,0,8,0.87,0,2,0.812,Benign
SEC-LOG-104369,6.65,TCP,80,104,72293,0.686,0,13.31,26.84,3.91,4.245,0,18,0,4,0.94,0,2,0.964,Benign
SEC-LOG-104370,2.57,HTTPS,443,127,44084,0.517,0,31.73,25.23,7.2,4.403,6,45,0,7,1.14,0,4,0.832,Benign
SEC-LOG-104371,5.52,HTTPS,80,136,105257,0.578,0,5.24,46.79,4.37,2.287,4,41,0,9,1.15,0,0,0.812,Benign
SEC-LOG-104372,16.51,UDP,22,119,47523,0.682,2,19.98,41.62,6.74,4.294,5,31,0,6,0.87,0,6,0.951,Benign
SEC-LOG-104373,50.66,UDP,443,114,26763,0.436,0,22.91,33.38,8.69,4.005,7,34,0,6,0.96,0,0,0.851,Benign
SEC-LOG-104374,2.38,DNS,3389,120,32316,0.738,0,40.25,62.06,2.4,4.194,23,49,1,7,1.01,0,21,0.243,Malware
SEC-LOG-104375,72.43,DNS,22,103,68196,0.802,0,66.57,83.62,1.34,2.479,21,44,4,1,1.1,0,19,0.189,Malware
SEC-LOG-104376,6.9,HTTP,53,106,81488,0.538,0,32.07,18.47,4.39,3.343,4,41,0,12,1.03,0,3,0.906,Benign
SEC-LOG-104377,8.25,TCP,139,124,52336,0.569,0,81.09,61.89,187.96,7.922,4,36,1,11,1.0,1,86,0.167,Ransomware
SEC-LOG-104378,16.6,TCP,443,120,59930,0.639,0,25.65,48.45,3.5,4.221,6,25,0,10,0.88,0,4,0.935,Benign
SEC-LOG-104379,8.85,DNS,443,137,33630,0.916,0,66.93,67.17,2.51,2.186,31,34,2,5,0.98,1,18,0.264,Malware
SEC-LOG-104380,43.12,UDP,443,109,29147,0.316,0,31.01,32.58,2.95,3.93,6,16,0,4,0.95,0,1,0.859,Benign
SEC-LOG-104381,30.83,TCP,443,135,32832,0.551,0,27.04,39.91,4.44,4.078,3,46,0,9,0.98,0,1,0.983,Benign
SEC-LOG-104382,24.41,TCP,8080,113,38568,0.699,1,72.35,55.79,6.36,4.242,19,52,3,7,0.89,0,12,0.224,Malware
SEC-LOG-104383,0.2,HTTPS,8080,118,34115,0.946,1,45.55,50.97,3.17,2.18,28,30,2,6,1.02,1,18,0.106,Malware
SEC-LOG-104384,27.03,TCP,443,115,29869,0.585,0,85.89,84.77,106.31,7.155,9,42,4,8,0.93,1,82,0.392,Ransomware
SEC-LOG-104385,8.56,DNS,4444,133,45642,0.733,0,63.26,58.15,7.97,3.583,35,25,2,7,0.93,1,9,0.138,Malware
SEC-LOG-104386,2.01,DNS,443,4496,944224,0.508,0,92.72,35.03,6.09,4.058,5,55,0,338,8.88,0,1,0.163,DDoS
SEC-LOG-104387,24.65,TCP,53,138,49950,0.506,0,32.98,21.23,3.83,2.709,3,43,0,7,1.1,0,0,0.86,Benign
SEC-LOG-104388,13.33,TCP,3389,108,71046,0.458,0,18.44,28.99,2.59,4.182,3,31,0,9,0.91,0,1,0.852,Benign
SEC-LOG-104389,99.04,TCP,443,120,76620,0.305,0,23.9,36.26,3.29,2.563,6,52,0,8,0.97,0,3,0.895,Benign
SEC-LOG-104390,35.64,TCP,443,116,81565,0.663,0,11.48,43.63,7.32,4.06,5,36,0,6,0.93,0,3,0.856,Benign
SEC-LOG-104391,17.63,HTTPS,8080,107,55961,0.651,0,56.2,59.04,5.2,3.917,24,35,2,10,1.14,0,17,0.384,Malware
SEC-LOG-104392,10.21,DNS,443,111,7073,0.657,1,29.7,31.27,9.62,4.09,17,99,3,8,1.06,0,4,0.212,Phishing
SEC-LOG-104393,1.55,SSH,8080,142,70809,0.64,0,6.9,44.67,4.41,2.198,4,45,0,6,1.04,0,3,0.969,Benign
SEC-LOG-104394,1.55,UDP,8080,4523,825329,0.636,0,67.45,34.07,0.96,2.545,4,38,0,370,11.49,0,4,0.145,DDoS
SEC-LOG-104395,18.49,SMB,139,113,28971,0.533,1,84.82,85.04,158.87,7.755,8,20,2,10,0.97,1,69,0.201,Ransomware
SEC-LOG-104396,11.06,HTTP,445,127,35494,0.477,0,29.87,27.49,4.43,2.524,8,25,0,10,1.04,0,0,0.981,Benign
SEC-LOG-104397,12.3,FTP,80,151,90674,0.359,0,7.34,19.39,1.15,3.529,6,50,0,11,0.91,0,7,0.982,Benign
SEC-LOG-104398,1.98,FTP,80,125,89166,0.394,0,34.97,45.27,8.71,3.857,4,39,0,9,1.07,0,2,0.877,Benign
SEC-LOG-104399,4.13,HTTP,80,103,61383,0.681,0,13.68,34.63,7.05,3.782,6,36,0,6,1.1,0,1,0.804,Benign
SEC-LOG-104400,8.24,UDP,80,131,27546,0.552,1,6.51,19.74,6.24,2.934,5,10,0,4,0.91,0,4,0.975,Benign
SEC-LOG-104401,2.15,HTTP,3389,118,87928,0.679,0,30.64,74.37,3.63,3.309,30,28,1,8,0.9,0,21,0.155,Malware
SEC-LOG-104402,26.74,HTTPS,443,128,79525,0.463,0,32.83,17.66,7.37,4.356,3,12,0,9,1.13,0,2,0.871,Benign
SEC-LOG-104403,16.42,HTTPS,445,124,27110,0.325,0,27.99,20.1,6.24,2.35,10,27,0,5,1.11,0,2,0.844,Benign
SEC-LOG-104404,0.5,TCP,80,4454,971309,0.697,0,72.43,42.43,4.31,3.724,4,34,0,368,9.97,0,3,0.343,DDoS
SEC-LOG-104405,7.45,HTTPS,8080,117,4443,0.662,2,21.71,15.5,2.1,3.421,18,98,3,9,1.02,0,3,0.171,Phishing
SEC-LOG-104406,1.56,TCP,22,4566,434681,0.37,0,86.21,33.42,2.13,2.181,0,23,0,320,12.77,0,3,0.313,DDoS
SEC-LOG-104407,2.26,FTP,53,104,55375,0.327,0,21.27,42.59,5.49,2.483,4,32,0,6,0.9,0,1,0.936,Benign
SEC-LOG-104408,8.6,SMB,443,141,28793,0.556,0,31.83,17.06,6.95,2.476,2,28,0,12,0.92,0,2,0.921,Benign
SEC-LOG-104409,4.33,HTTP,8080,107,23423,0.774,1,40.82,80.13,8.39,3.414,29,37,1,6,0.94,1,9,0.127,Malware
SEC-LOG-104410,35.82,HTTP,443,111,34385,0.527,2,18.3,18.01,9.39,2.977,3,17,0,9,1.15,0,1,0.894,Benign
SEC-LOG-104411,0.36,TCP,80,116,79759,0.631,0,18.97,27.81,7.93,3.953,4,41,0,11,0.87,0,3,0.874,Benign
SEC-LOG-104412,15.22,HTTP,8080,136,5379,0.548,2,16.88,24.51,8.25,2.041,22,62,4,5,1.03,0,1,0.055,Phishing
SEC-LOG-104413,19.82,HTTP,80,124,6371,0.528,1,22.95,24.08,1.22,2.856,14,100,3,10,1.04,0,5,0.237,Phishing
SEC-LOG-104414,4.37,DNS,53,112,67389,0.667,1,71.25,64.38,5.46,4.063,26,47,3,10,0.97,1,18,0.135,Malware
SEC-LOG-104415,63.96,TCP,443,103,33031,0.871,0,35.38,81.72,3.55,2.059,25,51,1,8,1.11,0,15,0.251,Malware
SEC-LOG-104416,2.0,HTTP,443,127,88816,0.915,0,72.15,48.13,4.43,3.844,31,36,2,11,1.0,0,25,0.297,Malware
SEC-LOG-104417,10.27,HTTPS,443,112,36876,0.449,1,23.13,33.21,4.72,2.196,5,24,0,4,1.13,0,2,0.845,Benign
SEC-LOG-104418,11.5,HTTP,443,135,81733,0.387,0,24.69,24.27,9.15,2.543,1,44,0,6,0.86,0,1,0.867,Benign
SEC-LOG-104419,12.43,SMB,80,117,34613,0.348,0,17.8,16.54,4.53,2.464,7,48,0,8,1.09,0,2,0.995,Benign
SEC-LOG-104420,15.6,HTTP,80,128,89666,0.565,0,27.66,28.98,7.82,3.453,7,40,0,6,0.95,0,1,0.85,Benign
SEC-LOG-104421,0.09,HTTP,443,4522,1032974,0.378,0,89.11,20.14,4.48,2.135,6,36,0,376,9.43,0,2,0.263,DDoS
SEC-LOG-104422,1.08,HTTP,8080,125,71796,0.922,0,74.8,43.88,1.6,3.444,28,60,2,11,0.95,1,21,0.251,Malware
SEC-LOG-104423,15.98,HTTPS,80,102,3289,0.683,1,28.94,24.91,5.98,4.482,14,79,3,10,0.98,0,4,0.379,Phishing
SEC-LOG-104424,14.21,HTTP,22,96,53993,0.569,0,28.58,43.86,6.98,3.01,10,43,0,9,0.87,0,0,0.854,Benign
SEC-LOG-104425,0.52,UDP,443,115,86148,0.349,0,33.98,21.06,2.69,3.068,7,27,0,10,1.12,0,3,0.834,Benign
SEC-LOG-104426,0.65,HTTPS,80,112,66622,0.459,0,13.48,49.04,1.68,4.426,2,43,0,5,0.93,0,1,0.868,Benign
SEC-LOG-104427,11.3,TCP,8080,116,65573,0.442,0,10.39,19.95,5.52,2.482,5,38,0,3,0.92,0,2,0.965,Benign
SEC-LOG-104428,23.53,DNS,80,135,55836,0.679,0,14.86,45.52,6.45,2.772,3,35,0,7,0.89,0,5,0.813,Benign
SEC-LOG-104429,27.35,HTTPS,8080,132,85416,0.682,0,96.86,62.42,159.38,7.522,4,50,4,14,0.97,1,80,0.406,Ransomware
SEC-LOG-104430,2.44,HTTPS,443,118,1771,0.525,4,27.7,15.69,5.06,4.251,12,88,2,7,1.13,0,2,0.225,Phishing
SEC-LOG-104431,0.37,DNS,4444,112,74564,0.638,0,72.31,81.39,3.23,2.652,23,31,1,5,0.86,0,18,0.194,Malware
SEC-LOG-104432,4.67,TCP,4444,97,23696,0.806,0,37.5,83.45,8.87,3.4,24,39,1,5,1.0,0,24,0.106,Malware
SEC-LOG-104433,1.97,TCP,53,4613,779520,0.533,0,87.28,17.52,9.96,3.418,1,24,0,365,13.34,0,1,0.178,DDoS
SEC-LOG-104434,3.03,HTTPS,443,132,31951,0.424,0,18.32,39.1,2.3,2.565,7,38,0,10,0.88,0,3,0.803,Benign
SEC-LOG-104435,4.36,HTTPS,80,96,31500,0.691,0,29.25,26.45,7.39,3.925,2,41,0,7,1.09,0,3,0.902,Benign
SEC-LOG-104436,26.97,HTTPS,443,117,75360,0.687,0,5.97,16.95,1.45,2.5,5,38,0,12,1.08,0,2,0.83,Benign
SEC-LOG-104437,8.45,TCP,445,132,37929,0.602,0,96.62,71.8,109.47,7.259,9,27,4,5,0.88,0,86,0.382,Ransomware
SEC-LOG-104438,4.56,HTTP,53,4516,906743,0.677,1,74.99,42.26,8.14,3.457,2,48,0,342,10.49,0,3,0.219,DDoS
SEC-LOG-104439,2.61,DNS,445,125,71107,0.493,0,14.4,48.72,4.31,3.926,5,16,0,5,1.03,0,3,0.97,Benign
SEC-LOG-104440,11.9,HTTPS,445,127,38053,0.344,0,90.72,74.1,315.58,7.614,6,32,2,9,0.89,1,98,0.261,Ransomware
SEC-LOG-104441,26.82,TCP,8080,115,47794,0.323,0,79.6,88.87,225.24,7.343,6,14,1,5,1.05,1,77,0.405,Ransomware
SEC-LOG-104442,3.87,HTTP,22,116,92326,0.522,0,15.59,18.5,5.96,3.04,2,32,0,11,1.01,0,3,0.911,Benign
SEC-LOG-104443,0.34,HTTPS,80,113,58553,0.588,0,31.75,49.92,0.57,2.872,2,10,0,8,1.0,0,1,0.993,Benign
SEC-LOG-104444,1.0,TCP,8080,115,69429,0.913,1,74.87,57.21,2.42,2.636,21,20,3,12,0.88,0,21,0.272,Malware
SEC-LOG-104445,0.25,DNS,53,4604,603620,0.371,0,68.79,20.78,1.14,2.539,5,18,0,362,11.23,0,2,0.244,DDoS
SEC-LOG-104446,5.22,UDP,443,124,78397,0.589,2,17.16,20.32,0.85,2.715,7,26,0,6,1.14,0,0,0.876,Benign
SEC-LOG-104447,18.3,HTTPS,139,112,32622,0.334,0,80.32,81.1,159.03,7.121,8,28,2,7,1.04,1,76,0.139,Ransomware
SEC-LOG-104448,19.95,HTTPS,445,133,74073,0.485,0,12.87,34.42,6.63,2.201,5,56,0,10,0.93,0,4,0.949,Benign
SEC-LOG-104449,2.06,HTTP,443,117,5872,0.301,6,31.67,47.56,5.65,2.83,13,57,3,4,1.07,0,1,0.343,Phishing
SEC-LOG-104450,25.26,TCP,4444,125,89179,0.77,0,35.63,50.58,4.04,2.443,21,12,4,3,1.14,0,18,0.359,Malware
SEC-LOG-104451,12.74,DNS,443,122,54979,0.61,3,54.34,69.63,4.56,2.835,22,21,1,11,0.97,1,13,0.102,Malware
SEC-LOG-104452,18.46,SMB,445,128,51370,0.529,0,89.18,76.49,289.4,7.341,6,28,4,11,1.08,1,89,0.268,Ransomware
SEC-LOG-104453,6.4,TCP,8080,131,75200,0.62,0,77.49,83.22,140.75,7.367,2,36,2,10,1.04,1,81,0.134,Ransomware
SEC-LOG-104454,72.99,SMB,139,119,71217,0.558,0,73.45,78.32,215.65,7.226,5,43,2,7,0.88,1,78,0.225,Ransomware
SEC-LOG-104455,3.41,HTTP,22,100,24216,0.665,0,17.16,45.46,5.64,2.011,1,30,0,9,1.04,0,1,0.965,Benign
SEC-LOG-104456,15.0,DNS,443,123,3500,0.477,1,18.97,45.76,2.87,4.341,14,45,3,12,0.86,0,1,0.174,Phishing
SEC-LOG-104457,10.74,HTTP,8080,119,44327,0.654,0,32.56,31.7,6.56,4.301,9,23,0,12,1.12,0,1,0.986,Benign
SEC-LOG-104458,9.9,TCP,53,115,31027,0.752,1,56.24,50.33,5.81,2.564,27,33,3,8,0.89,0,10,0.118,Malware
SEC-LOG-104459,68.94,HTTP,53,129,62317,0.783,0,48.57,48.78,4.61,3.802,18,44,1,5,1.04,1,14,0.117,Malware
SEC-LOG-104460,57.32,DNS,8080,124,25072,0.656,3,33.44,48.98,8.47,2.315,25,41,3,4,1.1,0,16,0.385,Malware
SEC-LOG-104461,61.34,SSH,53,128,86300,0.924,3,30.56,84.61,9.04,3.091,20,39,1,8,0.94,1,21,0.257,Malware
SEC-LOG-104462,1.69,UDP,53,4408,661563,0.624,0,72.31,32.85,5.72,3.269,7,13,0,339,11.33,0,4,0.247,DDoS
SEC-LOG-104463,31.2,DNS,443,99,59110,0.301,0,21.15,33.91,6.11,3.436,6,25,0,5,0.87,0,5,0.875,Benign
SEC-LOG-104464,11.21,HTTP,8080,121,7152,0.364,4,30.84,20.98,3.45,4.253,11,154,2,6,0.96,0,2,0.087,Phishing
SEC-LOG-104465,21.28,UDP,443,115,78384,0.571,0,28.24,43.01,1.51,2.383,3,57,0,7,0.98,0,2,0.852,Benign
SEC-LOG-104466,26.15,HTTPS,80,98,38525,0.414,0,21.96,41.97,4.93,3.877,7,47,0,8,0.85,0,0,0.907,Benign
SEC-LOG-104467,20.11,TCP,8080,117,36768,0.596,0,12.41,16.85,9.4,3.704,10,23,0,9,0.99,0,2,0.855,Benign
SEC-LOG-104468,3.85,UDP,443,4605,861224,0.599,0,92.07,34.02,1.58,4.472,6,37,0,341,5.72,0,1,0.338,DDoS
SEC-LOG-104469,40.75,SMB,139,136,80430,0.682,0,86.93,84.99,89.49,7.473,4,37,2,7,0.96,0,81,0.28,Ransomware
SEC-LOG-104470,2.26,DNS,53,4482,429041,0.48,0,89.29,43.8,1.92,2.217,10,18,0,361,8.01,0,2,0.237,DDoS
SEC-LOG-104471,3.32,TCP,22,4449,398284,0.405,0,88.51,21.58,1.2,3.135,5,49,0,351,5.28,0,0,0.28,DDoS
SEC-LOG-104472,10.65,HTTPS,80,119,75801,0.329,0,24.01,31.17,1.46,3.487,5,27,0,5,0.97,0,1,0.948,Benign
SEC-LOG-104473,4.14,TCP,80,102,54531,0.538,0,10.24,25.93,3.4,2.131,4,51,0,9,1.15,0,1,0.807,Benign
SEC-LOG-104474,9.46,HTTPS,80,122,3604,0.382,1,12.31,47.59,6.62,3.81,21,106,3,8,1.06,0,3,0.191,Phishing
SEC-LOG-104475,25.6,HTTP,443,100,76907,0.63,0,68.8,59.63,0.64,3.608,20,45,1,6,0.99,0,14,0.147,Malware
SEC-LOG-104476,1.51,SSH,8080,128,64828,0.648,3,62.06,72.02,5.32,3.89,17,43,1,7,0.96,1,20,0.223,Malware
SEC-LOG-104477,3.95,TCP,443,123,40657,0.301,0,9.83,38.25,6.17,4.203,5,53,0,6,1.06,0,1,0.828,Benign
SEC-LOG-104478,27.92,HTTP,4444,127,32565,0.836,3,70.42,52.45,0.96,3.814,35,11,1,8,1.06,1,19,0.421,Malware
SEC-LOG-104479,25.1,DNS,53,116,27149,0.794,0,70.34,41.58,8.28,3.605,24,50,4,4,1.09,1,15,0.449,Malware
SEC-LOG-104480,10.92,HTTP,443,110,38662,0.583,0,14.77,30.84,4.22,2.753,2,38,0,10,1.07,0,2,0.897,Benign
SEC-LOG-104481,21.82,TCP,4444,143,59294,0.827,0,69.01,72.92,7.01,2.128,25,17,1,11,0.85,0,20,0.115,Malware
SEC-LOG-104482,2.41,HTTP,22,143,113815,0.729,0,51.29,60.59,4.9,2.44,24,35,2,6,1.0,1,16,0.44,Malware
SEC-LOG-104483,20.52,SSH,4444,116,78102,0.805,0,39.37,81.75,9.3,4.446,25,28,1,10,1.1,0,18,0.194,Malware
SEC-LOG-104484,34.68,HTTP,443,132,56819,0.508,0,10.69,48.41,4.4,2.421,6,31,0,6,0.87,0,1,0.819,Benign
SEC-LOG-104485,7.15,HTTPS,443,119,3123,0.557,1,33.89,42.47,4.31,3.651,21,57,4,10,0.87,0,3,0.266,Phishing
SEC-LOG-104486,5.23,HTTP,443,111,88293,0.62,0,30.52,41.04,2.86,3.267,8,23,0,8,1.03,0,1,0.855,Benign
SEC-LOG-104487,15.43,TCP,8080,107,80608,0.445,1,11.38,35.02,1.33,3.045,5,29,0,7,1.05,0,2,0.821,Benign
SEC-LOG-104488,19.34,SMB,445,135,78495,0.411,0,75.21,69.08,321.86,7.748,3,48,2,5,1.06,1,85,0.279,Ransomware
SEC-LOG-104489,25.77,HTTP,22,104,55495,0.732,0,56.67,40.21,6.87,4.025,27,37,1,8,0.91,1,18,0.33,Malware
SEC-LOG-104490,22.2,HTTPS,8080,103,79925,0.583,1,25.61,43.43,8.31,4.48,1,31,0,11,1.09,0,3,0.82,Benign
SEC-LOG-104491,7.35,HTTPS,8080,127,2661,0.644,1,16.18,24.87,9.45,2.41,15,72,6,5,1.14,0,3,0.174,Phishing
SEC-LOG-104492,11.0,HTTP,8080,119,80116,0.742,1,42.36,84.15,9.42,3.381,27,57,2,7,0.93,0,20,0.275,Malware
SEC-LOG-104493,33.83,TCP,139,126,53081,0.473,0,99.48,80.88,170.66,7.759,1,42,2,4,0.88,1,76,0.415,Ransomware
SEC-LOG-104494,18.17,HTTP,80,124,2378,0.558,4,25.78,29.19,2.51,2.222,15,105,3,8,1.14,0,2,0.106,Phishing
SEC-LOG-104495,15.68,HTTPS,443,137,6276,0.423,2,26.48,44.62,0.98,3.241,15,76,3,9,0.91,0,1,0.329,Phishing
SEC-LOG-104496,7.97,DNS,8080,129,67117,0.767,3,44.46,62.29,4.91,2.132,28,57,1,7,0.98,1,11,0.259,Malware
SEC-LOG-104497,3.31,HTTP,443,125,65968,0.444,0,32.94,42.99,7.9,2.23,7,30,0,7,1.03,0,3,0.821,Benign
SEC-LOG-104498,4.51,TCP,8080,126,46804,0.483,0,33.64,41.78,3.98,3.363,2,34,0,9,0.93,0,1,0.964,Benign
SEC-LOG-104499,12.56,TCP,22,96,68687,0.75,1,54.87,40.43,7.22,3.597,28,35,2,8,1.09,0,14,0.26,Malware
SEC-LOG-104500,18.0,TCP,4444,133,56775,0.78,3,60.18,79.26,4.31,2.094,30,38,3,11,1.11,1,14,0.2,Malware
SEC-LOG-104501,4.27,SSH,3389,127,68257,0.814,0,32.8,81.65,9.48,2.556,32,52,2,7,0.87,1,13,0.412,Malware
SEC-LOG-104502,13.49,DNS,8443,98,60059,0.363,0,33.24,39.39,2.59,3.895,5,23,0,6,1.12,0,1,0.933,Benign
SEC-LOG-104503,11.95,HTTPS,443,119,51488,0.455,0,19.41,47.21,4.53,3.439,4,38,0,8,1.02,0,2,0.831,Benign
SEC-LOG-104504,75.43,TCP,22,115,54771,0.811,1,53.79,76.56,0.95,3.719,26,26,3,14,1.01,0,25,0.422,Malware
SEC-LOG-104505,26.32,SSH,21,114,67970,0.577,0,23.11,47.86,6.71,3.614,8,39,0,10,1.1,0,3,0.955,Benign
SEC-LOG-104506,9.23,DNS,80,128,1650,0.454,1,6.82,27.46,9.26,2.671,12,71,3,11,1.14,0,1,0.128,Phishing
SEC-LOG-104507,1.54,HTTPS,8080,104,54202,0.446,0,28.05,48.99,3.44,2.543,6,30,0,4,0.9,0,0,0.911,Benign
SEC-LOG-104508,18.73,TCP,443,144,99527,0.7,0,41.56,69.57,2.34,3.086,27,30,2,10,1.08,0,18,0.289,Malware
SEC-LOG-104509,3.35,UDP,443,4490,677537,0.506,0,73.92,40.6,8.63,3.333,1,57,0,358,4.96,0,1,0.234,DDoS
SEC-LOG-104510,18.88,HTTP,22,130,94186,0.384,0,5.75,33.24,8.76,2.68,2,44,0,6,0.97,0,2,0.884,Benign
SEC-LOG-104511,25.47,TCP,443,116,66223,0.816,1,51.92,63.0,1.48,4.08,18,31,1,7,1.15,1,20,0.36,Malware
SEC-LOG-104512,44.92,UDP,8080,121,76355,0.306,0,20.74,28.9,7.22,4.093,4,31,0,11,1.0,0,2,0.892,Benign
SEC-LOG-104513,3.69,HTTPS,80,120,4350,0.349,4,31.64,21.3,8.2,2.459,22,159,4,11,0.98,0,3,0.232,Phishing
SEC-LOG-104514,7.11,DNS,8080,130,27706,0.609,1,49.87,65.84,7.55,3.706,24,43,2,6,1.08,1,18,0.179,Malware
SEC-LOG-104515,8.98,HTTP,53,119,87112,0.764,0,74.71,54.58,8.01,4.428,22,39,2,8,1.13,0,23,0.396,Malware
SEC-LOG-104516,6.58,HTTP,4444,111,30076,0.878,0,57.17,48.37,2.39,2.25,23,63,3,10,1.07,1,23,0.117,Malware
SEC-LOG-104517,37.39,TCP,443,127,86113,0.377,0,71.93,75.81,189.03,7.558,2,15,2,12,1.11,0,90,0.349,Ransomware
SEC-LOG-104518,6.15,DNS,443,122,56177,0.661,0,27.94,24.58,7.47,2.757,7,28,0,7,1.03,0,3,0.867,Benign
SEC-LOG-104519,9.17,TCP,8080,116,68073,0.541,0,33.02,36.91,4.16,4.439,3,35,0,6,1.08,0,1,0.911,Benign
SEC-LOG-104520,10.55,HTTPS,445,117,29382,0.609,0,76.87,90.66,239.45,7.719,3,22,2,10,1.0,1,80,0.133,Ransomware
SEC-LOG-104521,35.72,TCP,4444,126,51453,0.863,3,56.15,74.37,8.58,2.78,28,41,3,9,1.1,1,17,0.165,Malware
SEC-LOG-104522,3.55,TCP,445,125,87011,0.623,0,76.99,86.43,281.79,6.86,3,42,2,10,1.03,1,68,0.293,Ransomware
SEC-LOG-104523,51.0,HTTP,22,126,90178,0.906,1,51.17,67.47,7.73,2.216,23,45,3,4,1.03,1,20,0.4,Malware
SEC-LOG-104524,1.3,HTTPS,139,117,82650,0.592,0,96.85,74.45,84.26,7.912,7,51,2,6,0.99,1,89,0.207,Ransomware
SEC-LOG-104525,4.88,HTTP,8080,124,69844,0.85,3,58.19,44.21,4.19,3.1,18,34,3,6,1.14,0,19,0.137,Malware
SEC-LOG-104526,6.63,HTTP,443,109,3227,0.452,2,21.09,16.21,9.01,3.58,19,122,3,11,0.93,0,2,0.065,Phishing
SEC-LOG-104527,0.82,TCP,8080,4444,889945,0.447,1,72.16,28.67,0.93,2.759,3,30,0,386,9.4,0,3,0.074,DDoS
SEC-LOG-104528,3.99,HTTPS,4444,124,27772,0.73,0,45.82,81.53,8.48,2.315,21,33,1,6,1.08,1,21,0.303,Malware
SEC-LOG-104529,30.57,TCP,80,98,67043,0.468,1,20.76,26.03,9.34,2.633,2,26,0,9,0.94,0,0,0.935,Benign
SEC-LOG-104530,8.65,UDP,80,136,54224,0.421,0,22.62,22.41,5.35,3.444,9,59,0,6,1.09,0,0,0.879,Benign
SEC-LOG-104531,49.72,HTTP,80,96,36616,0.432,0,21.4,20.58,9.09,3.848,10,37,0,9,1.15,0,5,0.888,Benign
SEC-LOG-104532,1.0,UDP,8080,115,63868,0.552,0,14.21,16.93,4.06,2.18,5,24,0,11,0.92,0,2,0.954,Benign
SEC-LOG-104533,2.8,UDP,80,131,84804,0.68,0,20.84,15.66,3.8,3.413,3,48,0,8,1.0,0,2,0.959,Benign
SEC-LOG-104534,26.07,TCP,22,139,53250,0.603,0,54.82,79.49,2.53,2.564,23,46,3,8,0.92,0,20,0.444,Malware
SEC-LOG-104535,16.9,HTTPS,4444,130,102139,0.657,1,71.46,53.82,7.9,2.548,28,12,2,12,0.89,1,15,0.248,Malware
SEC-LOG-104536,16.72,TCP,443,112,51302,0.838,0,30.09,54.82,5.11,2.818,31,54,3,9,0.94,1,22,0.184,Malware
SEC-LOG-104537,15.6,HTTP,443,133,5436,0.418,6,12.0,36.13,7.52,3.287,13,117,2,10,1.06,0,0,0.375,Phishing
SEC-LOG-104538,22.47,HTTP,53,126,99965,0.548,0,34.88,28.09,7.36,4.247,5,40,0,7,1.04,0,3,0.97,Benign
SEC-LOG-104539,2.54,DNS,53,128,69364,0.692,1,34.64,37.1,8.96,2.896,4,25,0,7,1.08,0,4,0.847,Benign
SEC-LOG-104540,0.87,UDP,80,112,79145,0.471,0,21.7,26.88,9.75,2.706,6,38,0,5,1.03,0,2,0.807,Benign
SEC-LOG-104541,19.24,TCP,3389,101,36411,0.922,0,64.28,71.98,7.67,4.334,34,63,2,7,0.94,0,22,0.365,Malware
SEC-LOG-104542,17.25,HTTPS,3389,123,84443,0.444,0,17.11,39.5,8.33,2.134,2,31,0,6,1.01,0,3,0.874,Benign
SEC-LOG-104543,0.73,UDP,53,121,73269,0.553,0,21.39,35.81,0.66,3.806,7,40,0,11,0.94,0,0,0.95,Benign
SEC-LOG-104544,10.24,HTTPS,22,118,56104,0.699,0,65.07,61.19,9.72,3.074,32,17,1,9,1.03,0,16,0.334,Malware
SEC-LOG-104545,3.61,TCP,139,124,63884,0.601,0,96.43,90.93,182.73,7.147,9,37,2,8,0.93,1,79,0.396,Ransomware
SEC-LOG-104546,9.85,HTTPS,53,117,54732,0.455,0,26.68,26.21,1.76,4.35,3,18,0,13,0.95,0,0,0.978,Benign
SEC-LOG-104547,18.77,HTTPS,443,117,6881,0.543,6,28.39,44.81,3.68,3.019,13,89,6,4,1.05,0,0,0.396,Phishing
SEC-LOG-104548,5.63,HTTPS,443,120,7646,0.6,2,11.63,42.85,2.03,3.441,10,75,3,5,1.05,0,2,0.121,Phishing
SEC-LOG-104549,2.21,TCP,443,111,57807,0.613,0,73.09,92.57,241.06,7.314,2,12,2,6,1.06,0,81,0.483,Ransomware
SEC-LOG-104550,4.21,DNS,80,4460,691887,0.319,0,79.6,15.96,0.56,3.32,2,38,0,325,3.94,0,2,0.052,DDoS
SEC-LOG-104551,14.8,DNS,443,120,64801,0.635,0,34.46,25.03,4.69,3.395,4,31,0,4,0.93,0,3,0.86,Benign
SEC-LOG-104552,2.73,UDP,80,137,35457,0.629,0,31.09,37.35,6.45,2.028,2,37,0,7,1.12,0,2,0.889,Benign
SEC-LOG-104553,16.08,TCP,445,130,30486,0.493,0,89.61,89.6,174.13,7.741,8,17,2,8,0.86,1,77,0.428,Ransomware
SEC-LOG-104554,1.24,HTTPS,22,106,24265,0.638,0,50.1,50.54,6.18,2.632,31,41,1,7,0.91,1,8,0.26,Malware
SEC-LOG-104555,16.97,SSH,3389,117,41522,0.845,3,30.35,74.86,3.43,3.495,31,30,2,9,0.89,0,19,0.192,Malware
SEC-LOG-104556,9.42,HTTPS,443,114,2099,0.624,2,12.6,29.84,9.25,2.404,10,117,2,6,0.95,0,0,0.234,Phishing
SEC-LOG-104557,8.01,HTTP,443,125,2133,0.413,4,27.26,39.25,4.13,3.023,13,86,3,12,1.08,0,4,0.302,Phishing
SEC-LOG-104558,4.81,UDP,80,4630,401919,0.69,0,92.79,18.36,3.83,2.764,2,34,0,361,8.46,0,3,0.169,DDoS
SEC-LOG-104559,3.11,TCP,80,4530,709780,0.67,0,82.85,44.0,4.6,4.394,4,26,0,366,8.21,0,0,0.177,DDoS
SEC-LOG-104560,2.9,HTTP,443,127,6760,0.329,2,9.07,49.2,8.03,4.056,23,124,2,8,1.07,0,2,0.296,Phishing
SEC-LOG-104561,0.69,TCP,53,108,78486,0.461,0,5.18,36.23,6.58,4.399,5,35,0,12,1.13,0,4,0.925,Benign
SEC-LOG-104562,2.71,SMB,445,130,59033,0.359,0,96.37,80.71,109.37,7.317,4,46,1,20,0.93,0,77,0.303,Ransomware
SEC-LOG-104563,4.43,HTTPS,443,128,63454,0.587,0,13.35,38.7,6.07,3.188,5,38,0,10,1.11,0,5,0.842,Benign
SEC-LOG-104564,1.45,UDP,443,98,68030,0.562,0,8.79,28.96,4.14,2.949,4,22,0,6,0.94,0,0,0.864,Benign
SEC-LOG-104565,2.8,SMB,443,126,59018,0.419,0,95.95,77.37,153.52,7.413,6,43,1,7,0.92,1,101,0.355,Ransomware
SEC-LOG-104566,9.33,DNS,443,115,29369,0.561,0,14.97,15.99,1.27,2.502,8,34,0,7,1.08,0,2,0.915,Benign
SEC-LOG-104567,43.87,TCP,21,123,52523,0.408,0,32.25,49.74,4.55,2.578,8,60,0,9,1.04,0,3,0.803,Benign
SEC-LOG-104568,12.62,TCP,443,127,52320,0.587,0,5.2,37.71,5.88,3.906,6,37,0,3,0.97,0,2,0.983,Benign
SEC-LOG-104569,49.83,SMB,139,125,84358,0.319,0,98.17,77.04,267.58,7.073,2,41,2,6,0.91,1,87,0.259,Ransomware
SEC-LOG-104570,1.55,TCP,53,124,67155,0.73,0,56.79,58.97,7.9,3.471,33,48,3,11,0.94,1,16,0.167,Malware
SEC-LOG-104571,17.57,HTTP,80,133,5003,0.554,6,33.11,31.21,6.77,3.666,11,149,3,7,1.02,0,5,0.111,Phishing
SEC-LOG-104572,16.42,TCP,443,111,31179,0.31,0,24.23,41.37,9.56,3.891,6,50,0,8,1.13,0,2,0.952,Benign
SEC-LOG-104573,23.74,SMB,445,109,62834,0.614,0,74.19,90.18,349.43,7.545,4,43,4,10,1.1,1,75,0.131,Ransomware
SEC-LOG-104574,33.07,TCP,443,126,36551,0.432,0,91.4,93.21,198.81,7.347,5,37,1,12,0.9,0,82,0.191,Ransomware
SEC-LOG-104575,22.72,UDP,445,124,76612,0.494,0,27.34,25.76,0.64,2.68,2,44,0,8,1.01,0,1,0.893,Benign
SEC-LOG-104576,13.6,TCP,8080,111,87273,0.688,3,48.22,70.22,1.58,2.768,21,54,3,8,0.92,1,14,0.424,Malware
SEC-LOG-104577,4.74,TCP,443,107,68414,0.503,0,31.54,15.52,3.75,4.139,3,49,0,6,0.89,0,0,0.953,Benign
SEC-LOG-104578,4.19,TCP,80,4458,1093746,0.589,1,84.56,37.67,2.79,3.64,4,10,0,326,10.67,0,1,0.174,DDoS
SEC-LOG-104579,4.05,HTTPS,80,120,6686,0.338,2,15.59,42.91,8.66,3.679,18,91,2,6,1.03,0,2,0.379,Phishing
SEC-LOG-104580,2.94,TCP,53,4623,588974,0.561,0,86.49,16.88,7.88,4.341,7,12,0,332,11.4,0,1,0.071,DDoS
SEC-LOG-104581,5.03,TCP,443,106,32551,0.668,0,22.23,18.81,3.27,2.841,5,27,0,10,0.87,0,0,0.886,Benign
SEC-LOG-104582,8.59,SMB,8080,121,91140,0.519,0,82.86,62.48,93.71,6.827,6,27,1,12,0.92,1,85,0.279,Ransomware
SEC-LOG-104583,22.76,HTTPS,443,126,68502,0.471,1,92.1,82.14,304.27,7.093,5,32,1,4,0.95,0,73,0.204,Ransomware
SEC-LOG-104584,15.93,HTTPS,443,133,7036,0.393,6,13.96,29.42,8.68,4.327,15,105,3,6,0.96,0,1,0.251,Phishing
SEC-LOG-104585,3.2,HTTP,443,4637,1054440,0.656,0,74.29,32.52,4.5,3.878,3,41,0,362,6.68,0,3,0.149,DDoS
SEC-LOG-104586,3.68,DNS,445,139,51636,0.567,0,17.38,20.02,7.9,2.02,5,26,0,6,1.01,0,2,0.968,Benign
SEC-LOG-104587,16.95,HTTPS,443,125,85258,0.566,1,15.08,30.3,7.32,2.508,5,53,0,11,0.95,0,0,0.876,Benign
SEC-LOG-104588,17.02,HTTPS,443,114,1579,0.322,1,20.48,48.2,6.89,2.932,13,128,3,7,1.02,0,7,0.207,Phishing
SEC-LOG-104589,4.23,HTTP,443,132,2973,0.62,2,29.85,18.69,5.76,3.54,17,146,2,6,0.89,0,5,0.332,Phishing
SEC-LOG-104590,4.9,TCP,8080,121,70318,0.622,0,49.05,55.71,3.7,2.887,23,24,2,9,1.01,1,15,0.407,Malware
SEC-LOG-104591,6.88,DNS,3389,97,39244,0.692,0,18.34,17.82,6.93,3.039,7,60,0,9,1.12,0,4,0.94,Benign
SEC-LOG-104592,24.64,TCP,8080,120,71128,0.679,1,69.98,56.82,6.03,3.978,28,29,1,6,0.98,0,22,0.278,Malware
SEC-LOG-104593,12.97,TCP,53,130,41601,0.576,0,29.97,41.54,7.67,2.209,9,34,0,6,1.09,0,0,0.99,Benign
SEC-LOG-104594,25.82,HTTP,8080,124,28162,0.666,3,71.89,55.75,8.65,2.712,19,53,2,8,0.87,0,22,0.313,Malware
SEC-LOG-104595,4.59,HTTP,80,108,2083,0.697,4,21.04,18.04,2.03,4.251,23,92,2,12,1.05,0,2,0.36,Phishing
SEC-LOG-104596,3.26,HTTPS,8080,127,5633,0.394,4,14.76,34.83,7.0,4.167,10,73,4,11,0.94,0,1,0.314,Phishing
SEC-LOG-104597,29.39,HTTP,443,116,44142,0.448,0,25.13,39.66,4.99,3.446,1,36,0,7,0.87,0,0,0.896,Benign
SEC-LOG-104598,2.69,HTTP,443,112,45227,0.929,0,45.88,41.35,4.02,2.217,15,41,2,10,1.0,1,17,0.122,Malware
SEC-LOG-104599,19.8,TCP,80,109,79513,0.413,0,26.97,17.45,1.9,4.331,6,47,0,7,1.06,0,3,0.844,Benign
SEC-LOG-104600,3.57,UDP,80,119,72700,0.398,0,8.78,46.07,6.49,2.643,5,43,0,8,1.13,0,1,0.883,Benign
SEC-LOG-104601,18.1,TCP,445,127,91341,0.542,0,87.29,71.72,82.67,6.899,7,27,1,13,0.94,1,94,0.417,Ransomware
SEC-LOG-104602,2.93,HTTP,80,4413,744332,0.403,1,66.17,37.83,1.81,3.3,1,45,0,337,6.26,0,2,0.134,DDoS
SEC-LOG-104603,13.61,HTTP,80,131,103158,0.486,0,25.26,23.13,2.38,2.592,7,42,0,5,1.11,0,2,0.9,Benign
SEC-LOG-104604,16.18,HTTPS,445,121,64336,0.466,0,94.72,72.31,118.24,6.99,4,35,2,10,1.05,0,94,0.412,Ransomware
SEC-LOG-104605,16.72,TCP,443,136,58422,0.347,0,91.02,78.06,92.41,7.704,9,49,2,8,0.94,1,85,0.459,Ransomware
SEC-LOG-104606,17.54,SMB,445,117,50605,0.346,0,79.75,90.16,182.76,7.788,7,38,4,8,0.97,1,101,0.296,Ransomware
SEC-LOG-104607,4.21,HTTP,443,123,60845,0.411,0,9.31,26.94,7.91,4.341,5,67,0,8,1.13,0,3,0.887,Benign
SEC-LOG-104608,1.83,UDP,80,4428,986875,0.556,0,78.4,43.11,3.53,3.058,8,29,0,324,5.24,0,2,0.051,DDoS
SEC-LOG-104609,2.23,DNS,53,138,46967,0.422,0,31.2,32.81,6.85,4.369,6,66,0,6,1.07,0,1,0.815,Benign
SEC-LOG-104610,38.99,HTTPS,443,114,26604,0.695,0,8.51,24.79,4.03,3.416,4,16,0,6,1.05,0,1,0.899,Benign
SEC-LOG-104611,16.81,HTTPS,80,110,55902,0.347,0,9.41,23.0,6.57,3.674,4,17,0,11,1.14,0,3,0.862,Benign
SEC-LOG-104612,19.17,HTTP,8080,118,49330,0.849,0,64.23,59.58,7.62,3.689,25,23,3,7,1.0,0,9,0.153,Malware
SEC-LOG-104613,10.39,SMB,443,110,85635,0.563,1,16.53,44.81,8.59,2.125,1,26,0,10,1.04,0,1,0.903,Benign
SEC-LOG-104614,14.02,HTTP,443,103,33333,0.385,1,14.78,32.14,8.09,3.97,5,29,0,9,1.06,0,1,0.871,Benign
SEC-LOG-104615,11.14,TCP,80,110,69791,0.484,0,30.82,19.28,6.41,3.666,4,38,0,7,0.88,0,1,0.832,Benign
SEC-LOG-104616,33.84,TCP,445,106,71442,0.556,1,90.83,72.24,166.9,7.772,7,48,2,10,1.08,1,100,0.367,Ransomware
SEC-LOG-104617,5.31,TCP,445,126,44271,0.382,0,82.14,86.87,286.96,7.686,3,36,1,6,0.92,0,83,0.302,Ransomware
SEC-LOG-104618,4.09,UDP,53,141,35738,0.48,0,22.01,36.49,1.83,3.872,7,22,0,12,0.9,0,0,0.984,Benign
SEC-LOG-104619,2.2,TCP,445,132,43210,0.69,0,82.73,82.58,177.57,7.811,3,17,4,10,0.89,1,86,0.471,Ransomware
SEC-LOG-104620,5.15,TCP,445,135,59728,0.392,1,88.0,80.92,180.44,7.65,7,53,2,6,1.07,0,73,0.304,Ransomware
SEC-LOG-104621,3.84,SMB,445,137,82890,0.55,1,76.79,92.0,277.96,7.288,7,25,4,8,1.15,1,96,0.162,Ransomware
SEC-LOG-104622,31.17,SSH,80,112,23634,0.553,0,27.36,17.18,9.77,2.223,5,27,0,3,1.08,0,3,0.901,Benign
SEC-LOG-104623,13.7,HTTP,80,116,3143,0.396,1,20.87,41.7,5.39,2.922,12,88,4,5,1.1,0,3,0.174,Phishing
SEC-LOG-104624,2.93,TCP,443,4483,688583,0.666,0,86.1,47.1,9.72,2.702,4,51,0,369,10.7,0,3,0.166,DDoS
SEC-LOG-104625,17.34,HTTPS,443,109,3609,0.453,2,16.65,27.38,8.72,2.642,9,132,4,9,1.12,0,1,0.305,Phishing
SEC-LOG-104626,24.86,TCP,3389,111,83459,0.529,0,10.82,43.07,0.69,2.174,6,34,0,13,0.94,0,3,0.843,Benign
SEC-LOG-104627,1.43,DNS,4444,96,53839,0.906,0,67.14,40.93,8.81,3.991,29,64,2,6,1.12,1,14,0.179,Malware
SEC-LOG-104628,3.94,HTTPS,8080,118,2166,0.385,2,13.74,31.9,3.53,3.171,23,83,4,10,0.91,0,2,0.38,Phishing
SEC-LOG-104629,26.23,DNS,3389,115,84367,0.924,1,49.86,41.6,1.95,4.446,24,10,3,7,1.15,0,17,0.322,Malware
SEC-LOG-104630,11.18,TCP,443,141,34219,0.544,1,26.0,28.33,2.04,2.811,8,29,0,12,0.91,0,2,0.951,Benign
SEC-LOG-104631,8.82,UDP,80,109,69070,0.467,1,15.41,25.82,4.19,2.419,7,30,0,3,0.91,0,1,0.847,Benign
SEC-LOG-104632,9.81,SMB,445,124,63581,0.533,0,83.28,82.22,111.62,7.383,1,24,4,7,1.11,0,104,0.423,Ransomware
SEC-LOG-104633,31.61,SMB,139,123,48388,0.584,0,83.62,60.44,168.96,6.975,7,39,4,9,1.12,1,82,0.188,Ransomware
SEC-LOG-104634,30.61,TCP,8080,110,87944,0.548,0,19.29,47.98,2.1,2.192,6,28,0,9,1.02,0,2,0.873,Benign
SEC-LOG-104635,0.3,TCP,80,4547,728721,0.494,0,91.53,45.56,9.84,3.457,1,34,0,358,5.05,0,0,0.08,DDoS
SEC-LOG-104636,16.13,TCP,22,107,53323,0.521,0,15.19,48.88,1.64,3.038,4,45,0,11,1.07,0,1,0.976,Benign
SEC-LOG-104637,4.61,HTTP,80,127,6700,0.321,1,27.07,49.47,3.34,4.386,15,132,2,10,1.05,0,2,0.092,Phishing
SEC-LOG-104638,12.75,HTTPS,445,121,45330,0.461,0,74.85,69.87,202.45,7.54,8,48,1,8,0.88,1,107,0.105,Ransomware
SEC-LOG-104639,25.55,SMB,139,122,37399,0.338,0,75.86,92.6,318.59,7.717,6,11,1,10,1.02,1,96,0.358,Ransomware
SEC-LOG-104640,4.84,TCP,443,4594,793372,0.354,0,87.75,22.7,1.11,4.317,3,16,0,318,4.83,0,2,0.227,DDoS
SEC-LOG-104641,26.06,HTTP,443,106,70019,0.637,0,10.65,29.78,4.73,2.675,7,26,0,7,0.87,0,0,0.969,Benign
SEC-LOG-104642,0.87,SMB,139,128,77542,0.663,0,83.34,71.62,262.12,7.151,6,32,1,7,1.14,1,105,0.263,Ransomware
SEC-LOG-104643,4.91,DNS,80,124,74068,0.617,0,11.65,16.22,1.78,3.264,7,42,0,8,1.12,0,1,0.889,Benign
SEC-LOG-104644,3.89,HTTP,80,104,4269,0.662,2,31.37,37.42,2.06,2.442,6,96,3,5,0.88,0,1,0.177,Phishing
SEC-LOG-104645,8.22,HTTP,443,117,4504,0.5,6,12.67,21.74,0.63,3.597,20,125,3,9,1.1,0,2,0.22,Phishing
SEC-LOG-104646,9.45,HTTP,80,122,6022,0.341,1,9.27,15.29,5.64,2.63,18,51,4,12,0.98,0,1,0.115,Phishing
SEC-LOG-104647,2.22,HTTP,80,139,100375,0.472,2,22.31,47.82,0.83,2.61,4,48,0,10,1.0,0,1,0.818,Benign
SEC-LOG-104648,4.52,SMB,445,115,67126,0.313,0,80.54,92.63,337.5,7.7,5,26,4,8,1.12,1,76,0.285,Ransomware
SEC-LOG-104649,31.09,TCP,443,115,88648,0.36,0,24.58,17.96,0.66,4.309,5,19,0,8,0.89,0,2,0.807,Benign
SEC-LOG-104650,19.02,HTTP,53,110,84464,0.539,0,30.11,35.7,2.65,3.788,5,34,0,8,0.93,0,2,0.957,Benign
SEC-LOG-104651,6.56,HTTPS,443,118,4805,0.383,6,15.32,21.58,9.81,3.591,14,110,6,9,1.11,0,2,0.122,Phishing
SEC-LOG-104652,13.92,SSH,443,126,92727,0.604,0,40.53,79.47,8.44,3.288,27,46,1,6,0.97,1,16,0.381,Malware
SEC-LOG-104653,14.82,TCP,445,121,41088,0.434,0,98.48,72.99,199.5,6.929,5,32,2,7,0.92,1,77,0.152,Ransomware
SEC-LOG-104654,0.21,SMB,8080,130,75526,0.312,0,30.98,31.16,4.49,2.225,5,19,0,11,1.02,0,4,0.942,Benign
SEC-LOG-104655,30.47,UDP,53,120,36213,0.417,0,23.66,24.97,9.25,3.212,5,43,0,10,1.0,0,1,0.989,Benign
SEC-LOG-104656,12.02,TCP,445,128,81446,0.679,0,98.45,84.4,101.04,7.302,4,38,1,5,0.89,0,80,0.161,Ransomware
SEC-LOG-104657,9.94,DNS,3389,148,115083,0.774,1,43.26,44.12,6.51,3.877,19,32,1,12,1.14,1,25,0.28,Malware
SEC-LOG-104658,42.3,FTP,443,126,71143,0.679,0,25.95,46.28,2.54,3.608,3,36,0,6,1.06,0,3,0.83,Benign
SEC-LOG-104659,9.86,HTTP,80,133,2203,0.474,1,14.3,29.03,3.17,3.451,16,83,2,9,0.97,0,4,0.158,Phishing
SEC-LOG-104660,10.75,TCP,8080,118,46498,0.663,1,70.24,53.73,9.08,4.153,32,30,1,4,1.11,0,16,0.426,Malware
SEC-LOG-104661,2.43,HTTPS,80,132,3968,0.647,2,20.68,23.9,2.81,2.433,21,86,4,5,0.92,0,1,0.226,Phishing
SEC-LOG-104662,67.95,HTTP,22,145,77108,0.732,5,62.43,76.12,1.75,4.407,30,27,3,9,0.9,1,19,0.34,Malware
SEC-LOG-104663,7.1,TCP,443,113,83537,0.426,0,86.25,66.79,283.58,7.252,10,29,2,9,1.1,0,79,0.121,Ransomware
SEC-LOG-104664,2.3,TCP,445,126,41529,0.511,0,92.68,88.55,281.33,6.804,6,30,2,5,0.88,1,77,0.112,Ransomware
SEC-LOG-104665,12.53,HTTP,80,107,6444,0.651,6,16.78,24.28,1.94,3.37,21,45,4,8,1.09,0,2,0.072,Phishing
SEC-LOG-104666,10.91,HTTP,443,103,63290,0.616,0,7.48,22.82,1.73,3.06,5,32,0,10,0.9,0,5,0.986,Benign
SEC-LOG-104667,5.26,TCP,139,129,63785,0.55,0,87.42,78.3,259.55,7.749,2,25,4,10,0.85,1,73,0.137,Ransomware
SEC-LOG-104668,7.17,HTTP,80,136,3215,0.609,4,26.13,17.05,5.24,2.433,14,111,3,9,1.12,0,1,0.103,Phishing
SEC-LOG-104669,5.85,HTTPS,80,119,5612,0.34,4,31.8,42.77,5.32,2.264,14,89,4,11,0.86,0,0,0.104,Phishing
SEC-LOG-104670,15.57,TCP,443,116,52968,0.538,0,23.42,30.33,4.29,2.743,4,72,0,7,0.96,0,3,0.839,Benign
SEC-LOG-104671,14.81,SMB,139,138,48805,0.322,0,86.2,73.28,279.46,6.995,2,14,1,16,1.02,1,78,0.41,Ransomware
SEC-LOG-104672,19.04,DNS,80,125,5245,0.566,6,14.6,20.42,4.36,3.516,15,91,3,11,1.03,0,2,0.114,Phishing
SEC-LOG-104673,24.91,HTTPS,443,114,31736,0.438,0,33.09,27.25,6.76,2.815,4,41,0,8,0.94,0,5,0.922,Benign
SEC-LOG-104674,42.03,DNS,8080,124,91585,0.88,0,58.72,78.49,4.48,2.142,19,47,1,9,1.09,0,11,0.16,Malware
SEC-LOG-104675,9.44,SMB,139,112,55102,0.597,0,73.57,74.02,274.14,7.479,7,43,2,14,1.09,1,86,0.15,Ransomware
SEC-LOG-104676,15.13,TCP,443,100,68699,0.319,0,8.65,46.37,8.21,3.329,8,26,0,7,0.93,0,2,0.863,Benign
SEC-LOG-104677,2.89,TCP,53,4395,705921,0.661,0,68.61,36.21,1.5,3.363,6,39,0,374,4.44,0,2,0.098,DDoS
SEC-LOG-104678,11.71,DNS,443,136,2806,0.328,4,30.03,18.54,4.18,2.873,12,119,6,6,1.01,0,1,0.12,Phishing
SEC-LOG-104679,16.14,HTTPS,443,105,3407,0.66,2,34.24,17.63,2.04,2.337,15,81,3,11,0.87,0,1,0.06,Phishing
SEC-LOG-104680,3.53,FTP,443,105,22946,0.366,0,13.53,17.95,8.3,2.332,6,41,0,12,1.0,0,2,0.897,Benign
SEC-LOG-104681,12.32,TCP,80,107,45446,0.674,0,25.43,32.35,9.24,2.038,7,39,0,8,1.14,0,4,0.819,Benign
SEC-LOG-104682,2.61,TCP,443,4480,1107762,0.645,0,92.15,44.07,2.06,3.28,4,25,0,357,14.25,0,3,0.34,DDoS
SEC-LOG-104683,7.35,TCP,8443,125,96661,0.395,0,34.99,20.98,1.69,4.377,8,21,0,7,0.99,0,4,0.825,Benign
SEC-LOG-104684,85.03,SMB,139,136,36448,0.401,0,86.36,65.66,342.27,6.868,3,43,2,5,0.97,1,101,0.365,Ransomware
SEC-LOG-104685,9.01,HTTP,443,107,71529,0.461,0,27.53,33.45,6.43,2.759,3,24,0,10,0.91,0,1,0.937,Benign
SEC-LOG-104686,37.32,DNS,443,117,74938,0.585,0,14.44,17.44,4.81,4.044,3,50,0,7,1.09,0,1,0.899,Benign
SEC-LOG-104687,93.62,TCP,53,116,39004,0.56,0,15.08,26.89,3.32,3.392,7,18,0,6,1.07,0,2,0.861,Benign
SEC-LOG-104688,9.92,HTTP,8080,126,65977,0.78,5,52.22,79.65,5.73,2.287,14,33,1,8,0.99,0,20,0.303,Malware
SEC-LOG-104689,4.91,UDP,22,4430,528899,0.403,0,79.33,21.29,9.52,2.2,4,47,0,373,5.96,0,1,0.169,DDoS
SEC-LOG-104690,5.51,TCP,22,127,31564,0.336,0,8.69,20.07,3.56,3.713,4,54,0,9,1.02,0,2,0.947,Benign
SEC-LOG-104691,14.46,TCP,443,110,51683,0.624,0,27.88,24.25,2.49,3.935,7,28,0,13,1.13,0,0,0.826,Benign
SEC-LOG-104692,3.99,SMB,445,118,32002,0.573,0,27.22,37.39,5.43,3.231,4,37,0,14,0.94,0,0,0.855,Benign
SEC-LOG-104693,5.24,HTTP,53,130,97155,0.657,1,61.7,76.2,9.67,4.122,33,29,1,5,0.89,1,14,0.198,Malware
SEC-LOG-104694,19.78,DNS,4444,130,36769,0.899,0,61.34,55.64,6.6,2.078,34,51,2,9,0.93,0,31,0.253,Malware
SEC-LOG-104695,19.51,TCP,139,134,106216,0.648,0,83.86,60.71,130.61,7.61,4,52,2,5,1.04,1,79,0.499,Ransomware
SEC-LOG-104696,18.28,HTTP,8080,133,59297,0.833,0,48.13,47.97,2.6,3.542,27,35,4,9,1.05,1,12,0.24,Malware
SEC-LOG-104697,6.22,TCP,443,122,69266,0.73,5,72.2,64.71,6.5,4.275,18,46,3,6,1.0,1,18,0.388,Malware
SEC-LOG-104698,4.07,HTTPS,443,110,43367,0.545,0,5.38,33.37,2.41,2.805,7,35,0,6,1.09,0,2,0.856,Benign
SEC-LOG-104699,3.65,TCP,53,4623,1009917,0.525,0,81.74,19.12,9.24,3.638,5,48,0,361,13.1,0,2,0.149,DDoS
SEC-LOG-104700,9.44,HTTP,445,144,93819,0.697,0,25.91,38.18,3.01,3.459,4,41,0,4,0.9,0,2,0.831,Benign
SEC-LOG-104701,1.8,HTTP,80,103,80170,0.528,0,29.43,36.62,6.92,4.298,4,17,0,11,1.12,0,5,0.941,Benign
SEC-LOG-104702,6.72,HTTPS,443,127,5099,0.559,6,9.24,16.37,8.42,4.017,21,78,4,10,0.91,0,1,0.095,Phishing
SEC-LOG-104703,8.5,HTTPS,3389,122,55939,0.734,3,35.23,53.95,9.12,2.717,20,31,3,15,0.88,0,18,0.187,Malware
SEC-LOG-104704,26.51,TCP,8080,98,27798,0.823,0,47.36,54.67,4.59,2.415,18,47,2,8,1.01,0,24,0.157,Malware
SEC-LOG-104705,15.22,HTTPS,4444,132,44802,0.754,0,49.53,59.24,1.86,2.31,21,43,3,4,1.04,1,15,0.338,Malware
SEC-LOG-104706,2.77,TCP,8080,120,33201,0.694,0,78.92,69.32,169.59,7.095,5,42,2,4,0.85,1,86,0.399,Ransomware
SEC-LOG-104707,1.31,HTTPS,80,122,73188,0.412,0,13.99,24.84,7.34,3.191,3,54,0,14,0.86,0,1,0.997,Benign
SEC-LOG-104708,3.85,TCP,445,113,75109,0.505,0,74.28,62.24,255.06,7.197,4,49,4,11,1.14,1,68,0.123,Ransomware
SEC-LOG-104709,15.8,HTTP,80,117,4610,0.429,2,27.73,48.83,8.39,3.465,17,112,2,6,0.95,0,0,0.367,Phishing
SEC-LOG-104710,8.57,TCP,443,122,77548,0.947,1,51.37,78.15,9.78,3.233,24,33,2,9,1.14,0,14,0.254,Malware
SEC-LOG-104711,15.9,DNS,443,99,50979,0.709,5,61.35,83.19,9.41,2.79,19,41,2,6,0.92,1,25,0.402,Malware
SEC-LOG-104712,2.65,HTTPS,443,133,89381,0.485,0,20.34,40.99,8.35,2.181,3,29,0,10,0.86,0,1,0.857,Benign
SEC-LOG-104713,10.41,TCP,8080,109,68237,0.615,0,85.97,87.95,286.97,7.223,4,23,2,13,0.88,1,83,0.337,Ransomware
SEC-LOG-104714,24.52,HTTPS,8080,112,81772,0.713,0,44.28,43.42,6.83,3.406,21,35,2,4,1.08,0,14,0.185,Malware
SEC-LOG-104715,35.39,HTTP,8443,128,76676,0.557,0,10.4,33.61,2.9,2.97,5,32,0,11,1.03,0,4,0.956,Benign
SEC-LOG-104716,8.18,HTTPS,4444,112,63961,0.733,0,38.39,71.96,2.71,2.701,24,10,2,5,0.96,1,15,0.391,Malware
SEC-LOG-104717,1.48,DNS,80,4467,1083305,0.328,0,74.98,45.04,5.08,2.551,0,37,0,311,12.22,0,2,0.102,DDoS
SEC-LOG-104718,14.6,DNS,4444,133,30622,0.784,0,32.41,84.48,4.35,2.165,25,42,2,5,1.06,1,13,0.416,Malware
SEC-LOG-104719,0.36,UDP,80,4499,1073548,0.38,0,76.21,29.14,1.91,2.318,5,33,0,354,12.3,0,2,0.201,DDoS
SEC-LOG-104720,17.18,TCP,80,103,60429,0.613,0,20.84,37.0,4.59,4.01,4,47,0,5,1.01,0,0,0.855,Benign
SEC-LOG-104721,2.28,DNS,80,128,87351,0.369,0,12.88,17.22,6.95,3.387,5,28,0,8,1.15,0,2,0.971,Benign
SEC-LOG-104722,10.36,TCP,80,119,49781,0.446,0,17.76,47.21,1.97,3.198,8,35,0,9,1.15,0,1,0.874,Benign
SEC-LOG-104723,1.89,TCP,8080,121,58145,0.652,1,60.28,84.86,7.33,3.242,34,28,2,4,0.98,0,13,0.187,Malware
SEC-LOG-104724,22.58,HTTP,80,123,50805,0.624,0,8.84,41.22,5.21,4.002,6,35,0,9,1.0,0,0,0.924,Benign
SEC-LOG-104725,3.64,TCP,443,121,44580,0.626,0,24.07,37.01,4.18,4.293,6,18,0,6,0.9,0,2,0.958,Benign
SEC-LOG-104726,0.21,HTTP,80,4660,924913,0.586,0,80.2,46.53,1.86,2.22,7,40,0,358,12.11,0,1,0.177,DDoS
SEC-LOG-104727,29.42,SMB,8080,131,99963,0.333,0,94.81,91.55,208.48,7.108,2,29,1,4,0.96,1,78,0.373,Ransomware
SEC-LOG-104728,6.96,HTTP,80,129,6634,0.557,1,12.2,46.38,2.86,4.393,12,70,3,4,0.98,0,3,0.375,Phishing
SEC-LOG-104729,16.83,HTTP,445,111,71108,0.514,0,6.97,19.2,4.91,3.135,6,27,0,4,1.05,0,3,0.911,Benign
SEC-LOG-104730,11.57,TCP,443,97,24178,0.601,1,18.8,21.16,9.0,2.071,4,29,0,6,0.86,0,2,0.836,Benign
SEC-LOG-104731,3.32,HTTP,80,114,89191,0.635,0,25.98,24.28,1.29,3.124,4,13,0,15,1.04,0,3,0.942,Benign
SEC-LOG-104732,8.64,HTTP,443,109,4514,0.372,1,18.31,26.8,9.73,3.91,12,106,6,9,0.89,0,4,0.209,Phishing
SEC-LOG-104733,1.24,DNS,443,4621,1087864,0.347,0,90.25,25.06,2.27,4.358,5,21,0,355,12.64,0,0,0.216,DDoS
SEC-LOG-104734,4.62,HTTP,3389,115,64381,0.868,0,50.68,51.55,6.33,4.407,26,40,3,8,1.14,1,18,0.252,Malware
SEC-LOG-104735,1.34,UDP,8080,104,76698,0.48,0,31.11,26.2,5.28,2.518,3,20,0,8,0.9,0,1,0.802,Benign
SEC-LOG-104736,33.84,HTTP,443,109,65728,0.605,0,61.9,73.01,2.68,4.192,24,26,1,4,1.05,1,17,0.286,Malware
SEC-LOG-104737,0.46,DNS,80,117,44834,0.352,0,16.99,45.73,2.25,2.771,5,68,0,9,0.87,0,1,0.896,Benign
SEC-LOG-104738,41.73,HTTP,53,121,75078,0.428,0,12.35,25.78,1.63,2.011,7,41,0,5,1.04,0,2,0.935,Benign
SEC-LOG-104739,17.84,DNS,80,137,4359,0.659,2,14.21,38.48,2.1,3.51,12,103,2,7,1.12,0,0,0.353,Phishing
SEC-LOG-104740,2.92,HTTP,80,119,7621,0.64,1,33.66,42.23,3.06,4.444,12,107,3,5,1.05,0,3,0.182,Phishing
SEC-LOG-104741,5.18,DNS,53,106,68347,0.619,0,32.89,34.38,2.76,3.367,6,48,0,8,1.02,0,1,0.904,Benign
SEC-LOG-104742,3.05,TCP,80,128,50893,0.454,0,17.86,30.95,7.35,3.629,6,50,0,9,0.91,0,2,0.983,Benign
SEC-LOG-104743,2.5,TCP,22,4553,1098984,0.583,2,75.29,32.18,6.98,3.202,3,62,0,337,13.3,0,3,0.266,DDoS
SEC-LOG-104744,34.2,HTTP,80,108,76935,0.587,0,18.44,27.09,3.42,2.681,5,63,0,7,0.92,0,5,0.929,Benign
SEC-LOG-104745,23.9,HTTPS,443,118,27905,0.356,0,9.23,33.86,0.75,3.473,2,19,0,7,0.98,0,3,0.891,Benign
SEC-LOG-104746,17.12,HTTPS,80,124,57519,0.391,0,5.7,21.25,1.72,4.294,6,24,0,8,1.06,0,3,0.875,Benign
SEC-LOG-104747,3.97,HTTP,80,112,66269,0.466,0,12.04,40.99,4.95,4.093,5,47,0,7,0.99,0,5,0.925,Benign
SEC-LOG-104748,2.33,SMB,80,113,67396,0.652,0,5.7,37.84,6.46,3.597,4,44,0,12,0.9,0,1,0.829,Benign
SEC-LOG-104749,2.6,SMB,443,114,30246,0.583,0,95.98,68.28,336.88,7.218,3,34,1,9,1.01,1,94,0.319,Ransomware
SEC-LOG-104750,47.26,HTTP,445,113,39687,0.408,0,32.93,33.16,4.21,2.601,6,46,0,10,1.15,0,2,0.995,Benign
SEC-LOG-104751,22.35,TCP,443,129,78375,0.804,5,41.71,64.3,2.32,3.594,27,37,2,3,1.12,1,11,0.365,Malware
SEC-LOG-104752,16.5,HTTP,80,111,7403,0.581,4,19.1,35.82,0.95,3.307,12,111,4,7,1.05,0,1,0.3,Phishing
SEC-LOG-104753,11.44,SSH,4444,122,43879,0.759,1,51.45,55.52,3.09,2.676,30,45,1,4,0.94,1,13,0.429,Malware
SEC-LOG-104754,1.05,SMB,139,120,45419,0.379,0,94.77,79.81,218.13,7.798,8,22,4,9,0.93,1,98,0.406,Ransomware
SEC-LOG-104755,4.66,SMB,445,126,77573,0.318,0,86.49,69.47,236.1,7.896,2,18,2,4,0.86,1,79,0.196,Ransomware
SEC-LOG-104756,26.0,TCP,443,112,86947,0.675,0,9.5,45.28,0.71,4.48,4,30,0,11,0.9,0,6,0.965,Benign
SEC-LOG-104757,12.59,SMB,8080,129,40448,0.342,0,71.97,75.19,160.9,7.266,5,10,4,9,0.88,1,93,0.447,Ransomware
SEC-LOG-104758,52.53,HTTP,8080,126,30349,0.921,0,68.89,77.88,8.65,2.071,19,24,1,11,1.01,0,18,0.246,Malware
SEC-LOG-104759,1.2,TCP,80,4492,803515,0.445,1,66.59,26.92,6.81,3.674,4,25,0,331,6.79,0,3,0.314,DDoS
SEC-LOG-104760,12.01,TCP,8080,111,81641,0.911,1,42.16,75.71,2.28,3.14,32,24,3,4,0.94,0,22,0.132,Malware
SEC-LOG-104761,2.35,TCP,80,4483,777315,0.499,0,83.06,19.3,1.45,3.651,4,19,0,331,10.17,0,2,0.229,DDoS
SEC-LOG-104762,20.86,SMB,445,126,55051,0.349,0,97.29,84.03,142.71,7.453,5,36,4,8,0.9,0,88,0.161,Ransomware
SEC-LOG-104763,3.16,HTTPS,443,124,47508,0.644,0,9.67,15.19,6.13,2.875,5,33,0,5,1.08,0,1,0.915,Benign
SEC-LOG-104764,17.68,DNS,22,140,81250,0.822,1,41.27,47.7,6.73,2.722,18,24,2,11,1.14,1,20,0.231,Malware
SEC-LOG-104765,2.31,UDP,443,4564,515391,0.682,0,85.59,36.67,1.7,2.129,6,20,0,348,7.74,0,2,0.177,DDoS
SEC-LOG-104766,7.29,TCP,443,121,88781,0.516,0,76.21,83.89,321.81,7.287,2,37,1,8,1.08,1,96,0.184,Ransomware
SEC-LOG-104767,14.29,HTTPS,3389,144,75317,0.38,0,9.98,42.31,0.9,4.078,5,37,0,5,0.85,0,0,0.802,Benign
SEC-LOG-104768,3.14,HTTPS,80,108,2432,0.511,1,5.36,34.04,1.93,3.72,12,71,3,12,0.86,0,2,0.36,Phishing
SEC-LOG-104769,9.39,UDP,53,109,33249,0.63,0,15.19,26.43,7.58,3.038,3,33,0,5,1.09,0,4,0.986,Benign
SEC-LOG-104770,19.56,TCP,53,116,23899,0.613,0,19.99,25.02,7.44,4.373,8,23,0,7,1.03,0,6,0.819,Benign
SEC-LOG-104771,17.59,DNS,443,125,71880,0.867,1,63.53,64.64,7.79,2.624,23,35,1,8,0.94,1,19,0.114,Malware
SEC-LOG-104772,20.49,HTTPS,53,124,75774,0.305,0,33.39,43.57,2.44,2.762,7,68,0,6,0.97,0,0,0.814,Benign
SEC-LOG-104773,13.07,TCP,445,128,82734,0.677,1,96.21,84.91,315.25,7.77,6,34,2,6,0.98,0,77,0.102,Ransomware
SEC-LOG-104774,17.69,HTTP,443,104,24909,0.57,1,19.06,49.76,9.26,3.08,5,37,0,12,0.87,0,1,0.885,Benign
SEC-LOG-104775,2.06,HTTPS,139,108,66324,0.51,0,80.48,62.3,216.64,7.318,3,23,2,8,1.0,1,90,0.373,Ransomware
SEC-LOG-104776,11.68,UDP,443,129,28401,0.43,0,14.01,33.94,9.07,2.127,3,26,0,9,0.95,0,1,0.845,Benign
SEC-LOG-104777,43.51,HTTP,445,98,77057,0.586,0,22.26,44.41,1.55,3.327,7,28,0,5,1.12,0,2,0.953,Benign
SEC-LOG-104778,11.96,HTTPS,445,117,79231,0.688,0,33.38,16.55,8.15,3.401,5,37,0,14,1.15,0,1,0.822,Benign
SEC-LOG-104779,15.21,TCP,8080,115,71926,0.322,0,12.43,19.06,2.22,2.524,3,21,0,7,1.13,0,1,0.957,Benign
SEC-LOG-104780,11.54,HTTPS,443,139,99790,0.439,0,28.55,38.19,8.51,3.534,7,45,0,9,1.14,0,3,0.874,Benign
SEC-LOG-104781,16.28,HTTPS,443,122,67763,0.4,1,20.32,27.97,7.12,4.349,6,36,0,6,0.99,0,0,0.898,Benign
SEC-LOG-104782,27.81,DNS,3389,125,94864,0.76,0,32.67,54.62,8.62,2.964,33,25,2,9,0.85,1,20,0.113,Malware
SEC-LOG-104783,12.21,TCP,443,110,31097,0.381,0,34.17,19.67,3.68,3.937,3,36,0,4,0.87,0,2,0.841,Benign
SEC-LOG-104784,53.87,HTTPS,8080,114,43349,0.829,0,73.85,82.64,1.64,3.119,19,24,1,5,0.99,1,25,0.315,Malware
SEC-LOG-104785,0.32,TCP,8080,95,73088,0.35,1,29.22,40.01,9.58,2.443,10,17,0,7,1.11,0,0,0.829,Benign
SEC-LOG-104786,22.3,SMB,445,102,22767,0.556,0,71.02,68.64,198.29,7.162,4,25,2,8,0.97,1,91,0.331,Ransomware
SEC-LOG-104787,4.3,TCP,53,4462,369430,0.395,0,89.19,46.61,9.22,3.638,3,45,0,344,4.33,0,2,0.286,DDoS
SEC-LOG-104788,1.21,TCP,22,121,43722,0.867,0,60.98,68.26,5.04,3.121,15,26,2,12,1.14,0,12,0.118,Malware
SEC-LOG-104789,37.41,HTTPS,443,103,28568,0.324,0,12.22,47.77,8.83,2.894,4,44,0,6,0.88,0,2,0.918,Benign
SEC-LOG-104790,6.07,TCP,80,102,72917,0.371,0,23.54,31.18,3.58,3.23,4,37,0,11,0.92,0,1,0.979,Benign
SEC-LOG-104791,1.27,DNS,80,4490,517369,0.65,0,82.69,31.91,7.5,3.743,5,18,0,358,8.23,0,2,0.345,DDoS
SEC-LOG-104792,27.58,TCP,53,107,64648,0.508,0,10.87,36.45,6.02,3.095,5,37,0,6,1.04,0,4,0.901,Benign
SEC-LOG-104793,15.65,HTTP,443,115,68863,0.313,2,7.08,21.4,7.21,3.909,7,40,0,10,1.12,0,1,0.932,Benign
SEC-LOG-104794,1.15,HTTP,53,109,39904,0.325,0,26.85,22.73,8.03,4.487,7,39,0,7,0.99,0,2,0.915,Benign
SEC-LOG-104795,1.63,HTTP,443,127,100000,0.426,0,18.25,29.14,4.06,2.741,4,46,0,8,1.01,0,1,0.969,Benign
SEC-LOG-104796,0.88,TCP,53,133,41444,0.419,0,22.81,25.46,8.77,2.867,6,42,0,13,0.93,0,1,0.922,Benign
SEC-LOG-104797,28.43,SMB,445,118,25174,0.622,0,81.63,93.28,254.49,7.597,3,22,2,4,1.11,0,90,0.48,Ransomware
SEC-LOG-104798,19.41,DNS,53,112,50076,0.502,0,7.79,37.15,6.15,3.421,8,30,0,7,0.94,0,3,0.944,Benign
SEC-LOG-104799,11.71,HTTP,80,105,7248,0.606,2,28.42,28.72,8.73,2.032,15,98,3,6,1.06,0,1,0.245,Phishing
SEC-LOG-104800,13.26,HTTPS,80,122,70606,0.679,1,9.79,37.21,0.83,2.833,4,26,0,2,1.15,0,1,0.99,Benign
SEC-LOG-104801,4.8,TCP,80,122,82868,0.565,0,14.48,20.27,3.53,4.036,6,35,0,12,0.93,0,1,0.917,Benign
SEC-LOG-104802,4.51,UDP,80,4436,751836,0.649,0,65.37,49.8,1.62,4.165,6,46,0,359,6.86,0,1,0.173,DDoS
SEC-LOG-104803,10.17,TCP,443,118,23964,0.622,1,27.17,41.89,7.61,2.607,5,35,0,14,1.13,0,2,0.8,Benign
SEC-LOG-104804,16.81,SMB,139,118,79074,0.351,0,83.93,61.16,172.26,6.944,8,29,4,9,0.9,1,81,0.174,Ransomware
SEC-LOG-104805,15.44,DNS,8080,108,32670,0.656,3,31.06,56.82,3.27,3.344,26,46,4,8,0.96,0,15,0.176,Malware
SEC-LOG-104806,2.21,UDP,80,138,70577,0.33,1,7.38,32.12,7.73,3.822,3,25,0,8,1.01,0,2,0.851,Benign
SEC-LOG-104807,4.91,UDP,8080,4428,877582,0.534,0,89.34,38.84,0.7,3.801,4,43,0,350,11.7,0,2,0.225,DDoS
SEC-LOG-104808,11.53,UDP,80,130,93596,0.584,1,28.81,42.24,6.28,4.361,5,23,0,13,0.98,0,4,0.881,Benign
SEC-LOG-104809,4.21,TCP,445,127,71350,0.58,0,93.3,72.7,300.55,7.351,5,40,4,11,0.88,1,77,0.375,Ransomware
SEC-LOG-104810,31.72,HTTP,21,118,92387,0.374,1,28.68,42.05,8.44,2.427,2,35,0,14,1.0,0,3,0.804,Benign
SEC-LOG-104811,8.93,TCP,443,110,43629,0.382,0,74.97,64.58,170.23,7.048,5,39,4,12,0.94,1,91,0.335,Ransomware
SEC-LOG-104812,8.41,HTTPS,80,136,72470,0.696,0,5.53,16.39,7.71,3.342,5,24,0,7,1.12,0,1,0.898,Benign
SEC-LOG-104813,5.68,DNS,8080,134,68554,0.606,1,49.44,42.93,9.86,3.799,25,32,1,14,0.86,1,17,0.158,Malware
SEC-LOG-104814,0.88,SMB,139,115,76420,0.352,0,88.95,75.71,281.52,7.326,6,28,2,9,0.91,1,79,0.307,Ransomware
SEC-LOG-104815,0.75,TCP,443,4373,715753,0.375,0,78.59,38.52,7.94,2.35,5,35,0,324,7.94,0,1,0.142,DDoS
SEC-LOG-104816,0.48,DNS,443,4545,411013,0.482,0,78.69,45.32,9.48,3.876,5,18,0,362,13.87,0,0,0.282,DDoS
SEC-LOG-104817,3.12,TCP,443,120,49259,0.645,0,97.48,63.99,212.47,6.851,7,56,1,7,0.89,1,74,0.135,Ransomware
SEC-LOG-104818,50.16,TCP,445,92,68866,0.543,0,75.03,76.29,271.52,6.871,5,30,4,7,0.95,0,90,0.213,Ransomware
SEC-LOG-104819,2.7,TCP,443,126,59997,0.349,1,26.78,28.63,2.41,3.612,6,19,0,8,1.1,0,0,0.858,Benign
SEC-LOG-104820,4.19,TCP,53,109,57133,0.457,0,12.93,39.18,7.55,2.124,3,28,0,9,0.89,0,0,0.96,Benign
SEC-LOG-104821,16.95,TCP,53,129,81891,0.655,0,27.21,26.32,0.67,2.838,5,15,0,7,1.11,0,0,0.99,Benign
SEC-LOG-104822,0.29,TCP,80,112,42044,0.553,0,5.02,35.19,4.38,3.839,4,23,0,5,1.02,0,2,0.831,Benign
SEC-LOG-104823,2.04,HTTPS,25,120,41252,0.551,0,27.59,47.06,3.98,3.925,4,27,0,7,1.07,0,2,0.915,Benign
SEC-LOG-104824,2.47,HTTP,443,136,49332,0.648,1,73.8,64.34,9.08,3.854,20,29,1,4,1.06,1,23,0.199,Malware
SEC-LOG-104825,11.22,TCP,443,122,30707,0.365,0,29.48,16.88,2.72,4.466,8,26,0,9,1.05,0,1,0.969,Benign
SEC-LOG-104826,7.12,DNS,8080,106,2940,0.351,4,9.87,20.14,3.85,2.867,21,85,2,10,0.92,0,0,0.107,Phishing
SEC-LOG-104827,0.11,UDP,443,103,62133,0.312,0,32.75,17.88,3.24,4.084,4,30,0,7,0.86,0,3,0.834,Benign
SEC-LOG-104828,2.85,HTTP,22,131,92487,0.474,0,34.86,36.05,3.93,3.233,1,29,0,5,0.95,0,2,0.939,Benign
SEC-LOG-104829,16.83,TCP,3389,110,74887,0.718,0,47.67,45.12,2.39,3.025,23,51,3,8,0.9,1,14,0.357,Malware
SEC-LOG-104830,12.22,HTTPS,139,128,70553,0.68,0,98.81,86.32,290.66,7.252,5,21,2,6,1.12,0,68,0.392,Ransomware
SEC-LOG-104831,18.72,HTTP,80,117,7188,0.544,2,17.51,38.56,2.8,2.388,14,92,3,14,1.05,0,1,0.071,Phishing
SEC-LOG-104832,18.08,HTTPS,443,133,3132,0.573,1,17.93,44.72,2.18,2.176,21,163,3,7,0.88,0,3,0.365,Phishing
SEC-LOG-104833,2.82,HTTP,443,148,39784,0.496,0,24.82,36.63,9.89,4.445,4,37,0,8,1.07,0,0,0.964,Benign
SEC-LOG-104834,26.71,DNS,4444,129,86164,0.678,1,36.75,78.83,5.03,2.842,22,44,1,17,1.05,1,17,0.218,Malware
SEC-LOG-104835,22.73,UDP,443,123,75213,0.334,0,19.41,18.65,7.91,2.529,4,22,0,13,0.95,0,2,0.952,Benign
SEC-LOG-104836,14.34,TCP,80,128,88866,0.317,0,8.4,43.53,5.55,2.695,7,35,0,6,1.1,0,1,0.802,Benign
SEC-LOG-104837,6.64,DNS,8080,113,85184,0.63,0,46.38,77.94,0.8,3.092,22,30,3,7,0.94,0,17,0.423,Malware
SEC-LOG-104838,13.06,HTTPS,21,123,76912,0.607,0,9.76,27.79,8.5,3.316,4,15,0,14,1.02,0,2,0.885,Benign
SEC-LOG-104839,26.61,TCP,443,113,82959,0.31,0,16.86,21.9,5.01,3.38,5,32,0,5,1.06,0,1,0.848,Benign
SEC-LOG-104840,4.1,UDP,80,4523,962100,0.407,0,71.42,42.95,4.23,3.277,2,43,0,352,11.35,0,1,0.099,DDoS
SEC-LOG-104841,1.89,HTTP,443,4507,545281,0.541,0,82.5,38.78,4.0,2.504,1,37,0,338,10.17,0,0,0.29,DDoS
SEC-LOG-104842,1.77,UDP,443,103,70028,0.52,0,29.4,35.49,9.8,3.834,3,37,0,8,1.14,0,1,0.929,Benign
SEC-LOG-104843,11.52,HTTPS,445,112,72766,0.328,0,24.87,19.99,4.63,3.118,0,41,0,14,1.1,0,1,0.917,Benign
SEC-LOG-104844,3.62,TCP,80,115,52049,0.408,0,29.04,36.21,5.01,3.877,3,47,0,6,0.99,0,1,0.902,Benign
SEC-LOG-104845,22.8,SMB,80,129,66000,0.347,0,34.44,40.24,4.35,3.043,2,23,0,7,0.99,0,3,0.949,Benign
SEC-LOG-104846,1.82,TCP,443,4617,981714,0.36,0,65.84,33.62,6.12,2.214,2,14,0,343,8.01,0,1,0.286,DDoS
SEC-LOG-104847,10.56,HTTPS,443,123,64421,0.321,0,26.57,28.95,9.6,2.75,5,30,0,8,1.08,0,5,0.997,Benign
SEC-LOG-104848,12.48,HTTPS,139,122,50995,0.35,0,98.28,72.9,189.3,6.937,6,20,2,12,0.92,1,75,0.27,Ransomware
SEC-LOG-104849,14.29,HTTP,445,101,50491,0.517,0,5.72,26.32,7.34,3.223,4,25,0,4,1.02,0,0,0.949,Benign
SEC-LOG-104850,0.38,TCP,80,4485,722274,0.472,0,67.84,41.93,5.26,2.139,7,36,0,394,7.33,0,2,0.104,DDoS
SEC-LOG-104851,2.21,HTTPS,443,125,40280,0.38,0,33.18,47.03,5.67,4.356,8,38,0,6,1.14,0,2,0.858,Benign
SEC-LOG-104852,5.58,SMB,445,130,38902,0.545,0,90.05,79.11,176.41,7.547,3,19,2,8,0.98,0,72,0.425,Ransomware
SEC-LOG-104853,5.59,TCP,443,131,71488,0.523,0,7.27,32.51,2.11,4.493,3,29,0,12,1.02,0,6,0.912,Benign
SEC-LOG-104854,9.19,HTTPS,80,106,5433,0.469,1,17.77,37.12,2.22,2.075,15,141,3,12,1.06,0,6,0.067,Phishing
SEC-LOG-104855,1.08,TCP,3389,119,36898,0.429,0,28.28,15.48,6.31,3.028,5,28,0,6,0.9,0,2,0.897,Benign
SEC-LOG-104856,19.15,TCP,443,130,53278,0.659,0,16.04,39.47,6.32,3.749,3,37,0,6,0.91,0,3,0.821,Benign
SEC-LOG-104857,3.39,UDP,53,4406,650604,0.392,0,90.63,37.6,9.19,2.159,10,34,0,365,10.98,0,1,0.305,DDoS
SEC-LOG-104858,3.61,UDP,80,4438,995072,0.536,0,78.51,41.25,4.26,4.311,3,39,0,341,10.48,0,1,0.065,DDoS
SEC-LOG-104859,5.6,SMB,445,100,77660,0.548,2,79.31,72.0,338.68,6.984,5,30,4,9,1.14,1,89,0.435,Ransomware
SEC-LOG-104860,9.29,HTTP,80,118,6483,0.356,2,30.54,23.18,5.47,2.086,11,71,2,3,1.06,0,2,0.327,Phishing
SEC-LOG-104861,5.95,HTTPS,445,122,88096,0.485,0,74.45,69.23,148.15,7.859,2,40,1,10,1.12,1,77,0.304,Ransomware
SEC-LOG-104862,6.75,HTTP,8080,130,31714,0.643,0,21.48,26.66,1.21,2.802,4,51,0,6,1.07,0,3,0.997,Benign
SEC-LOG-104863,0.89,SSH,445,136,51698,0.35,0,15.41,47.62,3.27,3.874,1,29,0,8,1.03,0,1,0.963,Benign
SEC-LOG-104864,14.49,HTTPS,80,112,70853,0.438,0,15.13,41.38,8.14,2.854,3,41,0,4,0.92,0,1,0.854,Benign
SEC-LOG-104865,13.53,HTTP,8080,119,7663,0.596,1,25.93,19.01,8.24,2.193,13,104,4,5,0.9,0,1,0.161,Phishing
SEC-LOG-104866,1.89,UDP,443,121,66795,0.634,0,9.6,28.8,2.39,3.511,8,56,0,9,0.9,0,0,0.899,Benign
SEC-LOG-104867,17.46,HTTP,80,125,63735,0.524,0,29.33,31.65,3.74,3.063,6,40,0,2,0.9,0,4,0.918,Benign
SEC-LOG-104868,1.97,HTTP,4444,110,39908,0.782,0,62.91,48.9,2.59,2.387,29,21,3,11,0.91,1,16,0.13,Malware
SEC-LOG-104869,1.6,TCP,445,110,35898,0.45,0,89.62,72.47,112.08,7.332,6,24,1,9,0.85,1,82,0.264,Ransomware
SEC-LOG-104870,18.72,SMB,80,95,26324,0.5,1,12.38,40.62,9.02,4.323,5,32,0,14,1.02,0,1,0.839,Benign
SEC-LOG-104871,16.3,HTTPS,443,124,40796,0.597,0,20.18,16.86,6.87,3.212,4,10,0,6,0.98,0,3,0.851,Benign
SEC-LOG-104872,23.11,HTTP,443,113,71325,0.365,0,22.92,40.16,2.45,4.483,6,47,0,8,1.09,0,4,0.802,Benign
SEC-LOG-104873,11.15,TCP,80,127,100819,0.618,0,18.62,38.77,7.38,2.335,2,38,0,9,0.96,0,2,0.908,Benign
SEC-LOG-104874,3.64,UDP,8443,148,76254,0.36,0,29.94,31.52,0.68,3.669,8,40,0,8,1.14,0,3,0.941,Benign
SEC-LOG-104875,4.31,HTTPS,80,97,4672,0.621,1,30.31,45.51,9.08,4.248,13,143,2,8,0.96,0,1,0.133,Phishing
SEC-LOG-104876,12.26,HTTPS,443,125,4076,0.308,6,29.94,20.25,5.79,3.12,16,79,3,4,0.99,0,1,0.237,Phishing
SEC-LOG-104877,6.51,HTTPS,80,126,5644,0.346,2,8.6,30.33,1.75,3.453,16,96,3,6,0.88,0,2,0.375,Phishing
SEC-LOG-104878,2.5,HTTP,80,108,56903,0.389,1,17.49,41.56,1.18,4.203,6,61,0,12,0.96,0,3,0.91,Benign
SEC-LOG-104879,49.43,SMB,445,120,80953,0.627,0,90.4,64.88,196.05,7.755,3,37,1,9,1.08,1,80,0.269,Ransomware
SEC-LOG-104880,7.31,HTTP,80,126,27815,0.395,0,18.29,28.11,4.98,4.028,5,55,0,4,0.93,0,2,0.901,Benign
SEC-LOG-104881,20.42,TCP,443,100,55245,0.629,0,50.7,69.94,5.35,2.099,15,16,1,3,1.1,1,16,0.343,Malware
SEC-LOG-104882,41.04,SMB,139,106,44502,0.546,0,88.96,71.82,199.07,7.381,6,29,2,8,1.1,1,86,0.266,Ransomware
SEC-LOG-104883,25.43,TCP,80,128,75615,0.353,0,23.94,48.6,0.58,2.734,6,10,0,13,1.13,0,2,0.81,Benign
SEC-LOG-104884,1.25,HTTPS,3389,108,36810,0.397,0,10.96,20.09,1.47,2.367,1,38,0,9,1.07,0,1,0.866,Benign
SEC-LOG-104885,4.1,HTTPS,139,121,78809,0.567,0,73.35,69.8,116.27,7.572,5,55,2,11,1.05,1,92,0.448,Ransomware
SEC-LOG-104886,13.56,HTTP,80,133,41122,0.462,0,23.19,31.66,9.92,4.439,6,14,0,6,1.03,0,2,0.843,Benign
SEC-LOG-104887,2.97,HTTPS,80,114,2521,0.307,2,13.07,48.91,8.31,4.022,16,102,2,11,0.94,0,1,0.386,Phishing
SEC-LOG-104888,14.23,DNS,8080,102,24279,0.664,0,10.0,25.44,7.05,2.143,1,46,0,7,0.93,0,1,0.81,Benign
SEC-LOG-104889,15.5,HTTPS,8080,123,6985,0.587,6,25.92,46.58,4.36,3.849,10,119,2,6,0.86,0,1,0.275,Phishing
SEC-LOG-104890,12.66,TCP,80,125,75672,0.672,0,12.63,45.56,3.78,3.884,4,20,0,10,1.13,0,2,0.819,Benign
SEC-LOG-104891,0.47,UDP,3389,137,67007,0.452,0,11.66,33.55,8.86,3.728,6,15,0,9,1.0,0,1,0.854,Benign
SEC-LOG-104892,11.78,DNS,80,123,5917,0.555,2,17.86,39.76,7.81,4.363,14,117,3,9,0.94,0,3,0.369,Phishing
SEC-LOG-104893,9.86,SSH,22,107,73402,0.445,0,23.78,38.57,4.07,2.101,1,25,0,10,1.0,0,3,0.834,Benign
SEC-LOG-104894,9.33,TCP,80,133,30542,0.686,0,5.24,19.13,9.52,4.336,6,30,0,5,0.89,0,3,0.88,Benign
SEC-LOG-104895,1.6,UDP,443,128,68012,0.623,0,30.12,34.76,6.58,3.065,10,20,0,10,1.03,0,1,0.933,Benign
SEC-LOG-104896,15.12,HTTP,443,132,101466,0.647,0,9.28,47.55,0.84,3.767,6,41,0,6,1.14,0,3,0.877,Benign
SEC-LOG-104897,15.29,TCP,8080,107,56477,0.697,0,10.49,48.12,2.06,3.085,4,11,0,9,0.98,0,2,0.876,Benign
SEC-LOG-104898,6.38,TCP,80,113,89392,0.344,0,24.99,42.61,5.8,4.219,2,34,0,7,0.97,0,0,0.803,Benign
SEC-LOG-104899,2.91,DNS,80,4461,455280,0.349,0,66.45,41.95,9.45,3.316,11,37,0,334,9.68,0,2,0.258,DDoS
SEC-LOG-104900,38.28,HTTP,443,118,24535,0.441,2,15.37,31.46,9.6,3.685,7,36,0,8,0.98,0,1,0.99,Benign
SEC-LOG-104901,37.98,TCP,8080,123,65138,0.601,3,57.88,59.39,8.58,3.411,22,41,2,5,0.94,0,18,0.148,Malware
SEC-LOG-104902,4.23,TCP,443,130,52328,0.442,0,15.06,25.92,6.75,2.848,4,28,0,8,0.92,0,5,0.991,Benign
SEC-LOG-104903,28.08,HTTPS,22,119,38482,0.385,1,10.08,26.82,6.17,3.155,8,52,0,2,0.89,0,0,0.903,Benign
SEC-LOG-104904,4.93,UDP,443,4471,1049567,0.337,0,73.04,20.02,7.11,4.187,4,26,0,342,3.68,0,1,0.251,DDoS
SEC-LOG-104905,10.21,HTTPS,443,123,31212,0.48,0,26.82,16.87,8.73,2.239,5,45,0,5,1.14,0,1,0.935,Benign
SEC-LOG-104906,2.11,TCP,53,4499,717179,0.388,0,91.13,28.03,2.95,3.352,7,22,0,360,4.76,0,2,0.192,DDoS
SEC-LOG-104907,8.94,HTTPS,80,107,69455,0.619,0,25.01,43.33,5.0,2.833,4,25,0,9,1.1,0,4,0.951,Benign
SEC-LOG-104908,7.45,HTTPS,443,115,7930,0.637,2,30.05,30.54,6.78,2.235,14,121,2,12,1.1,0,5,0.359,Phishing
SEC-LOG-104909,24.16,TCP,8080,112,25301,0.656,1,66.9,45.91,6.73,3.618,18,38,3,11,0.91,0,24,0.137,Malware
SEC-LOG-104910,10.9,SMB,443,119,77339,0.601,0,72.88,76.77,215.57,7.404,3,23,2,10,1.04,0,90,0.492,Ransomware
SEC-LOG-104911,7.86,HTTPS,4444,100,79484,0.836,3,49.45,61.79,4.24,2.98,24,44,1,10,1.01,0,21,0.422,Malware
SEC-LOG-104912,18.21,TCP,8080,116,25175,0.68,5,51.08,80.79,2.14,4.201,29,29,3,13,0.85,1,25,0.349,Malware
SEC-LOG-104913,43.93,HTTP,443,118,29003,0.698,0,32.92,34.57,6.02,4.028,5,28,0,10,1.03,0,3,0.958,Benign
SEC-LOG-104914,0.67,TCP,443,114,27970,0.45,0,20.07,49.2,7.29,2.619,4,19,0,6,0.87,0,0,0.913,Benign
SEC-LOG-104915,1.06,UDP,80,4468,635900,0.536,0,82.38,48.04,2.25,2.567,5,26,0,351,14.4,0,1,0.058,DDoS
SEC-LOG-104916,17.9,TCP,443,121,64230,0.329,0,13.32,24.57,3.49,3.735,3,64,0,8,0.94,0,2,0.998,Benign
SEC-LOG-104917,8.6,HTTP,53,117,57585,0.484,0,28.43,18.29,3.55,2.214,6,16,0,7,1.11,0,0,0.802,Benign
SEC-LOG-104918,18.44,HTTPS,139,118,88357,0.34,0,70.8,76.83,316.02,7.143,2,30,2,12,0.89,0,83,0.318,Ransomware
SEC-LOG-104919,54.98,HTTPS,443,118,76781,0.69,0,19.16,25.01,8.41,3.754,2,30,0,5,0.88,0,0,0.912,Benign
SEC-LOG-104920,1.99,TCP,80,4366,1027724,0.356,0,81.55,20.88,0.68,3.088,3,47,0,322,5.48,0,3,0.211,DDoS
SEC-LOG-104921,5.86,HTTP,443,139,2914,0.383,2,16.27,33.5,3.75,3.891,14,45,2,9,1.14,0,1,0.122,Phishing
SEC-LOG-104922,1.85,HTTP,3389,115,59675,0.645,1,63.5,79.75,7.25,3.159,28,58,1,7,0.88,0,18,0.119,Malware
SEC-LOG-104923,22.11,HTTPS,139,107,72527,0.51,0,97.14,64.55,317.4,7.727,2,43,4,8,0.98,1,92,0.404,Ransomware
SEC-LOG-104924,6.1,TCP,443,129,37816,0.386,0,11.33,48.56,5.79,2.027,6,25,0,5,1.07,0,2,0.881,Benign
SEC-LOG-104925,22.49,DNS,53,138,47689,0.563,0,12.63,32.21,9.55,4.185,3,51,0,5,1.02,0,1,0.839,Benign
SEC-LOG-104926,15.09,HTTP,22,127,32412,0.776,1,51.64,73.92,4.7,4.251,23,48,3,10,0.91,0,20,0.377,Malware
SEC-LOG-104927,17.65,TCP,443,124,61280,0.635,0,25.55,49.88,5.2,2.866,5,36,0,7,0.96,0,0,0.937,Benign
SEC-LOG-104928,7.74,HTTP,80,107,4810,0.341,2,15.08,23.46,4.68,2.779,12,45,4,6,1.01,0,0,0.261,Phishing
SEC-LOG-104929,2.84,TCP,8080,4545,611601,0.549,0,81.49,49.96,6.01,3.719,3,51,0,358,9.79,0,2,0.181,DDoS
SEC-LOG-104930,38.87,SSH,22,124,68318,0.702,1,74.3,68.21,3.91,3.243,18,51,2,3,1.08,1,26,0.277,Malware
SEC-LOG-104931,0.72,TCP,443,105,29979,0.48,0,5.97,39.35,7.94,3.73,7,27,0,9,0.95,0,3,0.804,Benign
SEC-LOG-104932,3.64,TCP,53,4522,866861,0.303,0,76.48,20.08,9.95,2.381,6,33,0,338,14.91,0,0,0.127,DDoS
SEC-LOG-104933,13.46,DNS,4444,105,33100,0.86,5,49.16,83.86,6.12,2.723,21,45,2,7,0.87,1,25,0.398,Malware
SEC-LOG-104934,92.11,HTTP,4444,122,69893,0.712,1,44.36,58.74,5.62,3.467,21,27,1,12,0.96,1,21,0.36,Malware
SEC-LOG-104935,2.74,TCP,80,141,39107,0.577,0,10.32,23.91,5.63,2.914,2,28,0,2,1.09,0,1,0.868,Benign
SEC-LOG-104936,0.4,UDP,443,4499,944367,0.318,0,94.24,40.67,3.46,4.255,10,41,0,334,14.5,0,3,0.112,DDoS
SEC-LOG-104937,12.01,HTTP,53,126,68792,0.725,1,45.08,68.38,4.28,2.468,25,33,2,4,1.02,0,14,0.259,Malware
SEC-LOG-104938,1.75,SMB,139,127,64730,0.677,0,89.93,90.2,298.96,7.316,5,58,1,7,1.0,0,76,0.203,Ransomware
SEC-LOG-104939,2.05,TCP,8080,132,95076,0.328,0,71.84,61.52,315.16,7.067,4,32,1,7,1.02,1,88,0.363,Ransomware
SEC-LOG-104940,9.16,HTTPS,443,137,95230,0.316,0,6.15,34.32,6.9,4.441,5,46,0,6,1.08,0,2,0.922,Benign
SEC-LOG-104941,91.84,HTTP,443,119,68170,0.685,0,53.66,49.87,5.14,4.371,14,27,1,8,1.14,0,14,0.165,Malware
SEC-LOG-104942,9.93,SMB,445,128,71997,0.549,0,88.09,80.78,285.67,6.95,4,45,2,6,0.92,1,85,0.288,Ransomware
SEC-LOG-104943,4.91,HTTPS,443,128,68016,0.352,0,12.9,22.43,5.75,3.302,5,54,0,14,1.05,0,5,0.989,Benign
SEC-LOG-104944,18.13,SMB,445,108,86215,0.454,0,80.84,71.22,177.1,7.033,4,31,1,9,1.01,1,83,0.173,Ransomware
SEC-LOG-104945,2.56,UDP,443,4563,557281,0.469,0,82.79,45.99,1.83,2.602,2,26,0,394,7.08,0,5,0.18,DDoS
SEC-LOG-104946,4.25,HTTP,80,135,4570,0.378,2,26.18,48.44,2.3,3.812,12,77,2,8,1.1,0,2,0.138,Phishing
SEC-LOG-104947,17.04,HTTP,80,114,3187,0.423,6,14.57,28.47,5.14,2.246,18,120,2,9,0.94,0,1,0.279,Phishing
SEC-LOG-104948,16.98,SMB,139,126,44018,0.467,0,87.27,77.64,247.46,7.156,3,23,2,8,0.89,1,74,0.218,Ransomware
SEC-LOG-104949,15.4,SMB,139,117,28664,0.348,0,76.29,63.67,274.79,7.902,3,33,4,6,0.98,1,103,0.412,Ransomware
SEC-LOG-104950,5.28,SMB,80,127,48217,0.485,0,33.72,41.53,6.4,2.788,5,30,0,8,1.03,0,3,0.916,Benign
SEC-LOG-104951,0.35,UDP,80,108,32997,0.416,0,25.04,37.12,0.99,4.321,8,24,0,8,0.94,0,5,0.948,Benign
SEC-LOG-104952,27.57,HTTP,53,113,53925,0.881,0,71.32,79.41,5.77,4.209,26,40,2,8,0.97,1,17,0.177,Malware
SEC-LOG-104953,15.11,HTTPS,80,98,6045,0.51,6,26.7,31.49,4.79,4.059,6,111,2,7,0.88,0,2,0.295,Phishing
SEC-LOG-104954,37.77,DNS,4444,126,99675,0.828,3,49.67,63.3,7.93,2.431,34,34,2,13,0.95,1,18,0.332,Malware
SEC-LOG-104955,9.83,HTTPS,80,116,1552,0.406,4,8.81,49.74,8.0,3.874,19,107,2,5,1.09,0,0,0.219,Phishing
SEC-LOG-104956,28.72,HTTPS,22,123,93926,0.466,0,16.1,40.66,6.79,4.294,1,37,0,9,0.94,0,1,0.892,Benign
SEC-LOG-104957,15.59,HTTP,8080,140,6647,0.486,2,7.49,37.06,4.22,2.956,9,111,3,5,1.07,0,4,0.347,Phishing
SEC-LOG-104958,11.24,UDP,80,141,28686,0.462,0,6.17,33.62,4.13,2.859,5,45,0,10,1.13,0,4,0.806,Benign
SEC-LOG-104959,4.05,DNS,443,130,2487,0.425,6,16.35,47.33,4.51,2.633,13,92,2,6,1.12,0,0,0.079,Phishing
SEC-LOG-104960,15.84,HTTP,4444,116,65495,0.759,0,67.84,59.38,5.04,4.213,17,45,1,6,0.87,0,13,0.16,Malware
SEC-LOG-104961,4.08,HTTPS,8080,126,69867,0.522,0,24.0,32.45,4.79,2.632,7,31,0,7,0.97,0,3,0.844,Benign
SEC-LOG-104962,8.17,TCP,443,127,40326,0.565,0,30.44,44.01,6.22,2.743,5,21,0,4,1.0,0,2,0.893,Benign
SEC-LOG-104963,19.3,HTTPS,80,123,3984,0.684,2,27.74,29.23,5.13,3.218,10,133,2,6,1.09,0,2,0.097,Phishing
SEC-LOG-104964,1.68,HTTPS,8080,129,73517,0.61,1,32.5,75.19,9.72,3.237,28,23,1,3,0.98,1,15,0.317,Malware
SEC-LOG-104965,0.95,HTTP,53,129,89103,0.336,0,19.68,42.37,5.83,3.307,2,33,0,11,0.9,0,2,0.987,Benign
SEC-LOG-104966,4.14,TCP,443,4605,793362,0.601,0,68.39,23.33,5.3,3.607,4,26,0,336,8.04,0,0,0.281,DDoS
SEC-LOG-104967,18.53,HTTP,443,124,1571,0.53,2,33.56,37.54,2.77,4.123,13,97,2,5,0.91,0,0,0.154,Phishing
SEC-LOG-104968,2.4,TCP,443,4551,365312,0.359,0,69.26,23.8,8.07,4.21,5,27,0,386,4.03,0,3,0.269,DDoS
SEC-LOG-104969,11.23,SSH,3389,122,57182,0.841,5,36.44,83.71,6.74,4.247,26,19,3,13,1.0,0,16,0.425,Malware
SEC-LOG-104970,21.23,HTTPS,443,117,29924,0.86,3,69.36,47.82,8.83,3.868,27,46,1,5,1.09,1,17,0.363,Malware
SEC-LOG-104971,0.59,SMB,8080,118,90996,0.675,0,91.86,88.12,217.21,6.809,2,39,2,12,0.89,1,75,0.265,Ransomware
SEC-LOG-104972,8.66,DNS,22,122,80345,0.677,3,64.52,61.57,7.88,2.124,31,19,1,7,0.98,1,22,0.177,Malware
SEC-LOG-104973,7.04,HTTPS,80,113,6371,0.527,4,29.64,26.9,4.38,3.553,14,50,2,8,0.88,0,1,0.327,Phishing
SEC-LOG-104974,7.11,TCP,53,113,28781,0.697,0,7.53,34.31,7.88,3.854,5,43,0,5,1.07,0,1,0.818,Benign
SEC-LOG-104975,7.47,HTTP,443,121,88065,0.615,0,71.89,53.91,5.76,3.606,27,47,1,7,0.98,1,23,0.344,Malware
SEC-LOG-104976,3.08,HTTPS,443,119,23803,0.524,0,9.37,15.22,4.21,2.433,5,23,0,12,0.98,0,1,0.852,Benign
SEC-LOG-104977,1.37,TCP,443,138,109168,0.566,0,25.29,26.1,1.34,2.536,3,21,0,9,1.12,0,0,0.965,Benign
SEC-LOG-104978,8.71,HTTP,22,104,23646,0.593,0,8.96,26.86,7.99,2.362,3,42,0,8,1.15,0,0,0.903,Benign
SEC-LOG-104979,6.47,TCP,445,130,73594,0.334,0,26.92,15.92,1.73,4.176,9,49,0,7,1.02,0,1,0.972,Benign
SEC-LOG-104980,1.04,TCP,443,4403,1033778,0.48,0,72.16,23.65,5.86,2.785,1,44,0,341,13.14,0,3,0.144,DDoS
SEC-LOG-104981,13.58,UDP,53,122,41862,0.546,0,15.47,44.6,7.96,4.076,5,41,0,6,1.04,0,1,0.977,Benign
SEC-LOG-104982,6.33,HTTP,80,118,7174,0.62,1,23.95,39.4,6.86,2.205,15,98,2,6,0.95,0,2,0.067,Phishing
SEC-LOG-104983,1.05,SMB,445,121,80845,0.38,0,81.28,79.41,327.33,7.914,7,57,2,5,0.87,0,91,0.311,Ransomware
SEC-LOG-104984,7.78,HTTP,53,119,80680,0.907,0,60.62,40.35,5.14,3.702,22,29,3,7,1.03,1,13,0.18,Malware
SEC-LOG-104985,10.01,HTTP,80,119,40539,0.612,0,14.64,47.53,1.65,2.84,3,21,0,9,0.86,0,3,0.91,Benign
SEC-LOG-104986,17.47,HTTP,80,131,2025,0.474,4,23.87,45.64,6.64,2.747,20,53,3,7,1.07,0,2,0.171,Phishing
SEC-LOG-104987,17.36,HTTPS,8080,119,6717,0.398,6,27.75,21.48,7.32,2.086,17,98,4,12,0.93,0,1,0.197,Phishing
SEC-LOG-104988,8.1,HTTPS,8080,123,5617,0.565,2,29.9,38.08,6.89,2.228,14,163,6,9,1.0,0,1,0.278,Phishing
SEC-LOG-104989,24.41,HTTPS,445,112,45851,0.619,0,97.67,71.97,288.6,7.623,4,20,2,6,0.97,1,80,0.132,Ransomware
SEC-LOG-104990,2.4,DNS,80,4522,666311,0.619,0,92.5,39.28,0.96,2.985,7,10,0,355,10.84,0,2,0.14,DDoS
SEC-LOG-104991,5.04,HTTP,3389,103,22585,0.638,0,53.2,46.69,6.74,3.589,13,21,1,15,0.99,0,13,0.102,Malware
SEC-LOG-104992,1.76,HTTPS,8080,127,38401,0.361,0,11.7,30.5,0.51,3.824,1,49,0,9,1.09,0,1,0.885,Benign
SEC-LOG-104993,10.53,HTTP,443,126,4054,0.531,2,19.92,16.55,8.53,4.279,17,159,2,12,1.14,0,1,0.352,Phishing
SEC-LOG-104994,1.67,TCP,80,126,70609,0.352,0,19.6,48.98,1.74,3.464,3,23,0,11,0.96,0,0,0.838,Benign
SEC-LOG-104995,8.52,SMB,139,148,81160,0.665,0,72.1,75.8,172.84,7.694,5,25,1,7,0.92,1,79,0.425,Ransomware
SEC-LOG-104996,2.18,HTTP,443,125,57960,0.467,0,18.62,32.84,3.3,4.362,3,30,0,9,0.95,0,1,0.821,Benign
SEC-LOG-104997,3.25,DNS,443,114,37457,0.364,0,5.25,26.49,9.07,4.344,2,14,0,7,0.93,0,0,0.968,Benign
SEC-LOG-104998,74.43,SMB,443,113,37047,0.533,0,86.78,84.36,134.4,6.845,5,28,2,9,0.86,0,90,0.114,Ransomware
SEC-LOG-104999,9.52,DNS,8080,125,98647,0.758,0,35.68,62.4,9.23,3.997,20,35,2,12,0.86,1,18,0.389,Malware
