student_id,course_category,device_type,login_frequency_per_week,video_watch_time_hours,video_completion_rate,quiz_attempts,quiz_avg_score,assignment_submission_rate,discussion_forum_posts,days_inactive_last_30_days,time_spent_per_session_mins,previous_course_gpa,engagement_level
STU_10000,Data Science,Desktop,7,13.3,0.556,6,51.8,0.46,15,21,28.9,1.83,Medium
STU_10001,Humanities & Social Sciences,Mobile,9,20.1,0.698,10,48.5,0.609,8,22,20.6,2.72,Medium
STU_10002,Business & Management,Laptop,13,23.0,0.57,11,61.6,0.59,11,18,48.1,2.53,Medium
STU_10003,Business & Management,Desktop,18,32.0,0.651,16,87.1,0.933,15,11,62.4,3.34,High
STU_10004,Computer Science,Desktop,10,18.5,0.29,8,64.0,0.44,7,16,20.5,,Medium
STU_10005,Computer Science,Mobile,6,31.7,0.752,10,63.4,0.475,16,15,49.6,,Medium
STU_10006,Computer Science,Mobile,11,26.3,0.481,7,,0.347,9,22,36.4,2.76,Medium
STU_10007,Engineering,Laptop,11,15.4,0.454,6,54.8,0.337,7,23,21.8,2.82,Low
STU_10008,Business & Management,Desktop,11,32.4,0.605,11,64.2,0.698,13,13,54.9,3.02,Medium
STU_10009,Business & Management,Laptop,8,20.3,0.477,5,65.4,0.373,7,22,48.0,2.69,Low
STU_10010,Computer Science,Desktop,9,33.8,0.621,9,58.6,0.621,11,13,40.1,2.94,Medium
STU_10011,Humanities & Social Sciences,Laptop,8,30.5,0.815,15,72.6,0.678,12,12,52.1,2.67,Medium
STU_10012,Engineering,Laptop,6,12.4,0.296,7,41.2,0.399,8,16,49.4,2.24,Low
STU_10013,Computer Science,Laptop,10,27.7,0.695,10,68.1,0.614,10,9,18.6,3.34,Medium
STU_10014,Computer Science,Desktop,16,38.8,0.747,15,76.1,0.933,17,9,88.2,3.15,High
STU_10015,Computer Science,Laptop,2,8.5,0.266,6,43.6,0.352,4,21,24.4,2.31,Low
STU_10016,Data Science,Desktop,8,23.5,0.414,9,59.2,0.648,13,15,50.3,2.84,Medium
STU_10017,Data Science,Laptop,18,43.6,1.0,15,64.4,0.833,18,6,47.8,3.63,High
STU_10018,Data Science,Laptop,11,32.1,0.744,13,55.0,0.69,15,9,34.0,3.37,Medium
STU_10019,Computer Science,Mobile,17,42.1,0.963,12,85.6,0.793,17,10,49.1,3.18,High
STU_10020,Business & Management,Laptop,17,37.6,0.806,13,78.8,0.888,15,7,47.8,3.3,High
STU_10021,Computer Science,Laptop,21,39.7,0.629,12,89.9,0.807,17,8,31.1,3.22,High
STU_10022,Computer Science,Desktop,15,31.7,0.618,12,57.3,0.601,13,2,36.3,2.39,Medium
STU_10023,Data Science,Laptop,14,37.7,0.643,10,79.9,0.75,17,10,43.7,2.93,High
STU_10024,Data Science,Laptop,7,19.9,0.505,7,61.5,0.398,12,14,18.7,2.95,Medium
STU_10025,Engineering,Laptop,11,24.9,0.606,7,73.0,0.605,10,13,59.8,3.42,Medium
STU_10026,Computer Science,Tablet,17,39.5,0.942,14,79.0,0.807,19,4,70.6,3.72,High
STU_10027,Data Science,Desktop,15,41.0,0.837,13,81.7,0.835,17,4,55.0,3.58,High
STU_10028,Business & Management,Desktop,13,24.2,0.68,8,56.9,0.593,11,13,51.7,2.48,Medium
STU_10029,Computer Science,Desktop,9,26.5,0.701,12,65.4,0.579,12,13,52.4,,Medium
STU_10030,Business & Management,Laptop,8,23.5,0.449,9,52.7,0.416,9,21,14.8,2.64,Low
STU_10031,Computer Science,Laptop,15,29.0,0.804,10,59.6,0.799,13,11,57.9,3.84,High
STU_10032,Computer Science,Mobile,4,10.9,0.441,2,49.2,0.55,4,19,19.6,1.76,Low
STU_10033,Humanities & Social Sciences,Laptop,7,23.8,0.523,6,64.9,0.507,10,16,43.0,2.22,Medium
STU_10034,Humanities & Social Sciences,Laptop,12,28.8,0.683,10,78.6,0.645,14,15,35.6,3.37,Medium
STU_10035,Engineering,Laptop,9,30.3,0.62,9,57.2,0.47,14,15,50.9,3.34,Medium
STU_10036,Data Science,Laptop,15,28.3,0.711,11,68.1,0.473,12,8,61.8,3.12,Medium
STU_10037,Computer Science,Tablet,8,21.6,0.577,9,61.9,0.413,11,12,47.5,2.72,Medium
STU_10038,Business & Management,Laptop,5,4.2,0.311,6,59.4,0.389,7,22,5.0,2.39,Low
STU_10039,Data Science,Desktop,17,45.2,0.826,14,94.9,0.617,16,6,91.1,4.0,High
STU_10040,Computer Science,Laptop,7,19.8,0.652,8,49.8,0.617,12,13,48.0,2.58,Medium
STU_10041,Data Science,Tablet,11,30.3,0.721,9,69.2,0.488,10,13,41.9,3.03,Medium
STU_10042,Computer Science,Laptop,14,37.5,0.88,14,85.3,0.834,18,7,71.1,3.4,High
STU_10043,Humanities & Social Sciences,Laptop,18,42.1,0.635,13,73.6,0.704,17,10,82.8,,High
STU_10044,Computer Science,Desktop,14,51.0,0.851,19,69.9,0.721,22,6,47.5,3.72,High
STU_10045,Business & Management,Desktop,9,19.2,0.488,9,69.6,0.437,11,17,56.0,2.66,Medium
STU_10046,Data Science,Laptop,6,18.4,0.697,8,70.6,0.353,12,17,36.6,3.0,Medium
STU_10047,Data Science,Laptop,12,42.5,0.724,15,73.3,0.677,15,4,57.1,3.23,High
STU_10048,Data Science,Laptop,15,30.6,0.641,9,76.9,0.839,12,12,,3.11,High
STU_10049,Computer Science,Laptop,10,24.7,0.392,10,58.5,0.639,9,15,12.1,2.08,Medium
STU_10050,Humanities & Social Sciences,Laptop,18,41.4,1.0,15,95.7,0.869,19,5,72.3,3.78,High
STU_10051,Engineering,Desktop,6,28.3,0.589,9,69.8,0.452,8,14,6.3,2.35,Medium
STU_10052,Humanities & Social Sciences,Laptop,12,25.9,0.561,8,62.4,0.508,16,12,35.9,2.67,Medium
STU_10053,Engineering,Laptop,9,21.6,0.63,11,67.6,0.595,10,16,37.6,2.18,Medium
STU_10054,Business & Management,Desktop,16,33.8,0.757,11,66.8,0.657,14,7,50.2,3.13,High
STU_10055,Humanities & Social Sciences,Tablet,6,14.5,0.564,7,41.3,0.415,13,16,8.2,2.97,Medium
STU_10056,Computer Science,Desktop,3,18.2,0.459,5,49.8,0.404,4,24,34.7,1.8,Low
STU_10057,Computer Science,Laptop,14,28.7,0.655,11,56.1,0.559,13,11,28.1,3.11,Medium
STU_10058,Computer Science,Laptop,14,31.0,0.701,14,85.5,0.375,11,19,35.9,2.35,Medium
STU_10059,Data Science,Tablet,8,13.5,0.518,5,61.8,0.354,5,24,22.3,2.37,Low
STU_10060,Data Science,Laptop,8,25.1,0.662,13,63.8,0.747,10,6,41.4,3.16,Medium
STU_10061,Computer Science,Laptop,5,7.5,0.484,3,75.2,0.244,5,16,33.1,2.37,Low
STU_10062,Engineering,Desktop,14,35.8,0.725,12,65.9,0.568,15,10,53.1,3.37,Medium
STU_10063,Data Science,Desktop,4,21.5,0.407,8,,0.361,8,18,53.2,2.3,Low
STU_10064,Computer Science,Desktop,16,28.4,0.707,10,66.4,0.511,16,13,55.2,3.86,Medium
STU_10065,Data Science,Laptop,8,28.7,0.832,11,72.7,0.866,14,11,58.2,3.53,High
STU_10066,Computer Science,Laptop,9,31.2,0.717,10,62.7,0.617,11,8,38.7,2.98,Medium
STU_10067,Engineering,Tablet,16,36.0,0.869,16,85.9,0.658,18,9,68.8,4.0,High
STU_10068,Computer Science,Laptop,1,12.6,0.355,5,34.1,0.28,1,28,12.8,2.53,Low
STU_10069,Humanities & Social Sciences,Desktop,12,34.5,0.719,10,78.0,0.762,18,4,53.4,,High
STU_10070,Engineering,Desktop,13,25.2,0.729,8,62.5,0.609,12,11,85.9,3.13,Medium
STU_10071,Computer Science,Desktop,15,37.2,0.628,14,75.2,0.719,21,8,75.1,3.16,High
STU_10072,Computer Science,Laptop,20,36.8,0.924,16,70.2,0.796,16,10,52.5,3.71,High
STU_10073,Engineering,Laptop,14,23.7,0.777,11,56.1,0.616,10,18,51.5,3.33,Medium
STU_10074,Business & Management,Desktop,19,45.6,0.939,16,100.0,0.897,18,4,70.5,3.12,High
STU_10075,Business & Management,Mobile,8,9.4,0.596,10,47.4,0.319,7,16,25.8,2.6,Low
STU_10076,Engineering,Tablet,9,28.8,0.477,7,63.9,0.524,10,19,63.0,3.13,Medium
STU_10077,Computer Science,Laptop,1,17.1,0.477,7,48.4,0.453,11,18,28.4,2.7,Low
STU_10078,Data Science,Laptop,9,26.9,0.834,10,60.9,0.61,12,11,67.7,3.21,Medium
STU_10079,Computer Science,Tablet,6,9.1,0.431,4,49.6,0.547,4,23,18.0,2.65,Low
STU_10080,Engineering,Desktop,15,37.0,0.757,16,63.4,0.679,13,12,65.6,2.72,High
STU_10081,Business & Management,Mobile,19,48.0,1.0,16,89.8,0.933,19,5,85.2,3.8,High
STU_10082,Data Science,Laptop,12,41.2,0.874,12,72.9,0.682,15,5,44.2,3.6,High
STU_10083,Computer Science,Desktop,14,26.1,0.537,12,78.5,0.59,13,14,42.8,3.12,Medium
STU_10084,Data Science,Desktop,11,19.7,0.474,8,43.2,0.494,9,20,31.9,2.17,Medium
STU_10085,Data Science,Desktop,20,44.8,0.99,17,84.8,0.705,19,8,85.4,3.41,High
STU_10086,Business & Management,Laptop,20,46.2,0.857,14,86.1,0.923,19,1,84.9,3.54,High
STU_10087,Business & Management,Laptop,9,30.5,0.59,10,54.3,0.453,13,16,38.2,2.59,Medium
STU_10088,Engineering,Desktop,7,8.0,0.244,2,40.6,0.43,4,19,18.3,1.97,Low
STU_10089,Data Science,Laptop,12,29.6,0.772,15,55.0,0.613,11,5,51.4,3.15,Medium
STU_10090,Computer Science,Desktop,12,24.1,0.751,14,49.9,0.791,10,13,24.8,3.35,Medium
STU_10091,Business & Management,Tablet,13,29.6,0.601,10,66.5,0.734,11,8,63.4,,Medium
STU_10092,Engineering,Laptop,14,39.3,0.601,12,82.3,0.839,15,9,46.7,3.12,High
STU_10093,Business & Management,Mobile,5,11.3,0.452,7,53.2,0.465,7,14,33.4,2.3,Low
STU_10094,Engineering,Laptop,7,23.6,0.344,8,54.9,0.571,6,16,50.7,3.02,Low
STU_10095,Data Science,Desktop,20,38.4,0.945,14,70.5,0.917,20,1,71.0,3.74,High
STU_10096,Data Science,Tablet,7,19.7,0.587,10,38.7,0.304,9,14,31.4,3.05,Low
STU_10097,Data Science,Laptop,10,23.4,0.405,5,58.0,0.372,6,18,20.6,2.8,Low
STU_10098,Computer Science,Laptop,10,21.4,0.645,5,50.9,0.392,10,22,34.5,2.96,Medium
STU_10099,Computer Science,Laptop,13,35.3,1.0,13,55.9,0.622,15,9,50.1,3.24,High
STU_10100,Computer Science,Laptop,10,11.8,0.266,5,47.9,0.403,6,18,61.8,2.6,Low
STU_10101,Business & Management,Desktop,3,5.7,0.423,3,47.6,0.377,10,24,11.8,2.35,Low
STU_10102,Data Science,Mobile,20,45.1,0.886,13,84.0,0.932,17,7,57.0,3.46,High
STU_10103,Data Science,Laptop,9,18.4,0.664,6,59.3,0.556,10,18,24.0,2.63,Medium
STU_10104,Humanities & Social Sciences,Laptop,12,28.9,0.749,9,62.5,0.777,18,13,46.4,3.18,Medium
STU_10105,Computer Science,Laptop,9,32.8,0.811,8,71.9,0.516,13,11,53.2,,Medium
STU_10106,Data Science,Desktop,7,13.9,0.451,7,54.4,0.403,8,15,21.1,2.59,Low
STU_10107,Engineering,Laptop,15,40.0,0.687,15,,0.752,20,8,64.5,3.41,High
STU_10108,Computer Science,Desktop,13,41.2,0.863,14,70.0,0.744,17,0,48.5,3.66,High
STU_10109,Computer Science,Desktop,7,18.8,0.462,6,57.1,0.353,7,11,44.6,2.51,Medium
STU_10110,Computer Science,Desktop,8,23.9,0.489,10,71.2,0.616,11,18,37.5,2.47,Medium
STU_10111,Computer Science,Laptop,12,23.1,0.509,8,68.1,0.498,13,17,38.4,2.88,Medium
STU_10112,Humanities & Social Sciences,Desktop,14,23.6,0.742,10,66.9,0.687,12,11,62.4,2.65,Medium
STU_10113,Engineering,Laptop,8,29.0,0.776,9,70.2,0.471,17,10,39.2,3.19,Medium
STU_10114,Business & Management,Laptop,15,23.2,0.416,10,84.5,0.66,10,15,47.5,2.66,Medium
STU_10115,Engineering,Mobile,11,31.1,0.627,9,67.3,0.617,13,15,53.1,2.74,Medium
STU_10116,Engineering,Desktop,12,36.3,0.771,14,77.2,0.772,20,6,73.5,3.41,High
STU_10117,Computer Science,Laptop,13,24.0,0.483,8,70.7,0.635,11,12,49.9,2.92,Medium
STU_10118,Engineering,Laptop,17,43.1,0.897,14,90.2,0.85,24,0,63.3,3.92,High
STU_10119,Data Science,Laptop,8,18.8,0.483,9,45.1,0.484,7,15,29.3,2.55,Medium
STU_10120,Engineering,Laptop,13,39.7,0.537,14,75.7,0.7,20,8,59.6,3.14,Medium
STU_10121,Engineering,Laptop,9,25.2,0.504,9,73.1,0.617,14,14,34.8,2.64,Medium
STU_10122,Data Science,Laptop,12,23.5,0.423,13,77.5,0.61,9,21,47.6,2.43,Medium
STU_10123,Computer Science,Desktop,12,36.6,0.557,10,69.1,0.609,13,8,52.1,2.88,Medium
STU_10124,Computer Science,Desktop,9,34.7,0.697,10,66.7,0.82,14,15,37.9,3.23,Medium
STU_10125,Data Science,Desktop,15,40.5,0.675,9,73.6,0.663,13,8,38.8,3.54,High
STU_10126,Engineering,Desktop,10,37.7,0.659,12,64.9,0.61,12,8,52.8,3.36,Medium
STU_10127,Engineering,Laptop,12,33.4,0.859,12,89.6,0.732,14,12,54.2,3.11,High
STU_10128,Computer Science,Tablet,17,38.1,0.693,11,76.7,0.627,14,8,63.6,3.21,High
STU_10129,Data Science,Mobile,14,48.5,0.843,16,81.1,0.879,18,3,53.9,3.51,High
STU_10130,Data Science,Mobile,7,37.3,0.734,9,79.1,0.643,17,13,58.7,3.4,Medium
STU_10131,Computer Science,Mobile,15,36.7,0.763,11,60.4,0.754,13,12,61.1,3.5,High
STU_10132,Computer Science,Tablet,9,28.9,0.492,8,43.7,0.556,11,13,27.6,2.22,Medium
STU_10133,Data Science,Desktop,9,21.4,0.454,8,63.4,0.515,8,21,35.9,3.12,Medium
STU_10134,Humanities & Social Sciences,Laptop,6,13.1,0.548,5,62.4,0.387,7,17,46.7,1.99,Low
STU_10135,Data Science,Desktop,12,27.6,0.468,10,65.4,0.706,16,7,51.8,3.04,Medium
STU_10136,Data Science,Desktop,4,7.4,0.317,5,43.9,0.366,5,16,25.8,1.73,Low
STU_10137,Business & Management,Desktop,18,41.8,0.7,16,66.4,0.766,15,5,67.3,3.56,High
STU_10138,Data Science,Desktop,6,24.1,0.612,10,51.3,0.669,11,13,36.0,2.71,Medium
STU_10139,Humanities & Social Sciences,Laptop,9,25.7,0.305,9,63.2,0.483,8,21,31.8,2.82,Low
STU_10140,Humanities & Social Sciences,Laptop,6,6.1,0.347,4,54.1,0.334,4,16,25.1,2.16,Low
STU_10141,Computer Science,Mobile,12,38.0,0.804,10,80.1,0.673,13,15,70.3,3.44,Medium
STU_10142,Data Science,Desktop,11,32.1,0.586,18,72.4,0.722,14,8,42.8,2.66,Medium
STU_10143,Data Science,Desktop,15,25.0,0.497,14,57.5,0.722,13,10,54.2,3.19,Medium
STU_10144,Computer Science,Laptop,7,30.1,0.541,9,54.2,0.617,13,12,35.0,2.87,Medium
STU_10145,Computer Science,Laptop,11,35.0,0.759,12,73.8,0.697,13,10,64.0,3.14,Medium
STU_10146,Business & Management,Mobile,6,9.2,0.233,4,34.4,0.424,2,22,28.7,2.29,Low
STU_10147,Data Science,Desktop,11,26.6,0.565,11,62.9,0.592,10,13,42.7,3.2,Medium
STU_10148,Computer Science,Mobile,11,40.2,0.695,15,68.0,0.91,21,8,66.7,3.63,High
STU_10149,Computer Science,Desktop,10,13.7,0.195,4,42.6,0.479,8,14,18.7,1.9,Low
STU_10150,Humanities & Social Sciences,Desktop,4,10.8,0.493,5,39.6,0.324,4,19,19.3,2.39,Low
STU_10151,Computer Science,Laptop,9,23.6,0.505,10,62.6,0.643,14,16,72.2,2.91,Medium
STU_10152,Computer Science,Desktop,8,26.0,0.357,5,41.4,0.268,13,17,28.0,2.5,Low
STU_10153,Data Science,Laptop,15,45.4,0.861,16,66.2,0.833,14,9,56.8,3.24,High
STU_10154,Humanities & Social Sciences,Laptop,12,23.3,0.441,6,61.1,0.431,8,17,26.4,2.63,Medium
STU_10155,Computer Science,Desktop,4,23.5,0.407,10,67.8,0.43,9,19,21.6,2.89,Low
STU_10156,Business & Management,Tablet,11,21.5,0.439,11,65.8,0.352,9,17,26.5,2.88,Medium
STU_10157,Engineering,Laptop,13,25.2,0.717,12,78.7,0.6,11,12,50.2,3.19,Medium
STU_10158,Computer Science,Mobile,7,15.7,0.404,5,43.2,0.583,7,19,16.2,3.13,Low
STU_10159,Business & Management,Laptop,14,27.4,0.517,13,,0.657,16,15,39.2,2.92,Medium
STU_10160,Data Science,Laptop,9,26.3,0.248,9,54.8,0.408,9,14,39.8,2.47,Low
STU_10161,Business & Management,Laptop,6,31.4,0.66,8,78.8,0.529,9,16,43.2,2.98,Medium
STU_10162,Business & Management,Laptop,11,19.2,0.376,7,50.3,0.558,7,16,25.0,2.45,Medium
STU_10163,Data Science,Desktop,12,34.9,0.92,15,84.7,0.845,16,11,54.7,3.25,High
STU_10164,Computer Science,Laptop,10,36.8,0.884,15,86.6,0.685,14,7,40.3,2.99,High
STU_10165,Engineering,Desktop,8,20.8,0.571,8,59.8,0.605,10,16,64.1,2.86,Medium
STU_10166,Data Science,Mobile,22,35.1,0.93,15,78.8,0.932,19,6,54.8,3.68,High
STU_10167,Computer Science,Laptop,8,22.6,0.322,9,54.9,0.417,8,10,49.1,3.22,Medium
STU_10168,Computer Science,Mobile,10,21.7,0.403,7,46.9,0.528,10,8,15.2,2.5,Medium
STU_10169,Business & Management,Laptop,11,16.4,0.507,7,52.1,0.62,8,16,45.0,2.29,Medium
STU_10170,Business & Management,Desktop,6,15.3,0.529,14,39.7,0.493,7,23,41.8,2.47,Low
STU_10171,Computer Science,Laptop,3,13.4,0.376,8,58.6,0.59,6,18,17.7,2.18,Low
STU_10172,Data Science,Laptop,17,43.9,0.797,15,69.3,0.917,19,6,59.6,3.03,High
STU_10173,Computer Science,Laptop,15,28.8,0.638,11,70.3,0.554,14,3,60.0,2.84,High
STU_10174,Business & Management,Laptop,9,13.6,0.465,7,68.1,0.498,9,19,22.7,3.29,Medium
STU_10175,Computer Science,Laptop,13,26.1,0.607,8,63.2,0.562,14,18,40.2,3.34,Medium
STU_10176,Business & Management,Desktop,12,22.4,0.586,9,59.3,0.58,10,16,35.3,3.01,Medium
STU_10177,Data Science,Mobile,14,35.0,0.69,16,84.5,0.783,20,8,70.9,3.02,High
STU_10178,Humanities & Social Sciences,Mobile,6,13.5,0.454,5,51.0,0.606,5,15,50.5,2.16,Low
STU_10179,Computer Science,Desktop,5,18.4,0.58,9,51.3,0.442,8,15,21.4,2.58,Medium
STU_10180,Data Science,Laptop,8,31.3,0.588,9,59.4,0.6,10,11,49.3,2.67,Medium
STU_10181,Computer Science,Laptop,26,37.0,0.818,12,78.4,0.758,15,10,68.0,3.29,High
STU_10182,Humanities & Social Sciences,Laptop,7,14.5,0.341,6,34.0,0.453,10,20,5.0,2.3,Low
STU_10183,Engineering,Laptop,15,34.2,0.87,12,66.7,0.713,13,13,64.5,2.76,High
STU_10184,Computer Science,Desktop,16,45.8,0.984,16,87.7,0.884,20,6,72.4,3.58,High
STU_10185,Business & Management,Desktop,19,38.8,0.637,13,71.6,0.958,18,13,66.1,3.44,High
STU_10186,Engineering,Laptop,14,19.4,0.625,9,,0.584,10,13,22.6,2.77,Medium
STU_10187,Business & Management,Laptop,10,11.2,0.254,7,40.0,0.436,10,20,33.5,2.57,Low
STU_10188,Data Science,Mobile,9,15.6,0.312,4,48.1,0.214,4,21,20.7,2.25,Low
STU_10189,Computer Science,Mobile,9,46.4,0.715,9,72.8,0.649,16,3,35.5,2.99,High
STU_10190,Computer Science,Laptop,1,5.7,0.29,6,55.9,0.326,5,20,30.7,2.24,Low
STU_10191,Engineering,Mobile,8,29.2,0.669,9,72.0,0.592,12,15,54.7,2.74,Medium
STU_10192,Humanities & Social Sciences,Tablet,5,15.4,0.442,9,61.0,0.275,6,17,31.0,2.63,Low
STU_10193,Business & Management,Laptop,14,41.4,0.788,12,54.0,0.653,15,9,56.9,2.87,High
STU_10194,Data Science,Laptop,12,29.0,1.0,13,79.4,0.62,13,9,52.3,3.89,High
STU_10195,Data Science,Desktop,19,36.6,0.575,11,67.7,0.812,15,14,37.3,3.77,High
STU_10196,Business & Management,Tablet,20,32.0,0.907,11,63.2,0.67,15,9,56.7,3.28,High
STU_10197,Engineering,Mobile,12,29.8,0.682,11,73.9,0.718,12,11,64.1,3.21,Medium
STU_10198,Engineering,Laptop,20,36.7,0.65,13,77.0,0.813,14,16,,3.45,High
STU_10199,Engineering,Laptop,16,34.7,0.71,13,76.3,0.586,16,8,39.0,3.2,High
STU_10200,Business & Management,Desktop,9,20.4,0.476,11,57.1,0.471,11,12,44.1,2.99,Medium
STU_10201,Computer Science,Desktop,1,12.5,0.19,3,45.4,0.298,4,18,22.4,2.42,Low
STU_10202,Computer Science,Laptop,16,40.9,0.872,13,63.6,0.767,20,4,68.7,3.64,High
STU_10203,Engineering,Mobile,16,45.0,0.801,18,100.0,0.756,20,9,67.4,3.32,High
STU_10204,Business & Management,Desktop,10,28.4,0.545,7,49.6,0.524,9,11,49.7,2.91,Medium
STU_10205,Computer Science,Mobile,9,17.5,0.436,8,52.3,0.555,10,15,33.5,2.48,Medium
STU_10206,Computer Science,Mobile,5,14.9,0.262,5,38.1,0.234,11,22,37.1,2.42,Low
STU_10207,Business & Management,Desktop,11,21.7,0.408,10,63.0,0.526,9,17,34.0,3.04,Medium
STU_10208,Computer Science,Laptop,8,33.0,0.888,11,58.6,0.564,12,10,48.7,3.06,Medium
STU_10209,Computer Science,Desktop,8,17.9,0.19,9,62.5,0.439,7,20,38.4,2.69,Low
STU_10210,Data Science,Laptop,6,16.1,0.405,6,56.1,0.625,6,17,33.6,2.55,Low
STU_10211,Business & Management,Desktop,12,25.5,0.494,8,52.0,0.454,16,13,17.4,3.47,Medium
STU_10212,Business & Management,Laptop,13,28.7,0.567,7,69.7,0.557,10,11,45.8,2.94,Medium
STU_10213,Computer Science,Desktop,4,22.9,0.536,7,62.5,0.478,6,14,40.4,2.24,Low
STU_10214,Business & Management,Laptop,15,38.2,0.865,15,72.8,0.749,22,8,65.7,3.27,High
STU_10215,Computer Science,Laptop,3,2.6,0.189,6,32.1,0.32,4,29,29.2,2.22,Low
STU_10216,Data Science,Laptop,15,42.6,0.784,17,82.3,0.647,16,6,75.6,3.79,High
STU_10217,Business & Management,Laptop,10,12.5,0.435,9,60.7,0.421,7,17,24.4,2.65,Medium
STU_10218,Business & Management,Desktop,9,21.6,0.614,9,55.2,0.323,15,15,23.5,2.94,Medium
STU_10219,Engineering,Desktop,11,25.9,0.554,12,76.2,0.616,12,15,34.1,2.67,Medium
STU_10220,Business & Management,Desktop,9,25.0,0.549,10,58.9,0.464,11,17,44.8,3.44,Medium
STU_10221,Business & Management,Laptop,13,21.4,0.547,10,74.8,0.619,10,15,51.3,2.47,Medium
STU_10222,Computer Science,Laptop,9,17.5,0.461,10,48.3,0.707,20,14,40.5,2.35,Medium
STU_10223,Data Science,Laptop,12,22.4,0.57,8,57.8,0.619,13,15,27.7,2.74,Medium
STU_10224,Computer Science,Laptop,19,37.1,0.847,10,70.9,0.701,15,11,57.9,3.36,High
STU_10225,Computer Science,Mobile,14,30.1,0.71,15,,0.667,16,9,55.3,3.09,High
STU_10226,Humanities & Social Sciences,Laptop,9,13.9,0.517,4,51.1,0.381,10,22,30.6,2.22,Medium
STU_10227,Data Science,Laptop,20,47.5,0.803,13,75.5,0.764,22,8,83.1,3.14,High
STU_10228,Engineering,Laptop,9,16.3,0.533,6,50.9,0.43,8,16,40.1,2.99,Medium
STU_10229,Business & Management,Laptop,15,38.4,0.766,12,72.0,0.797,18,5,56.2,3.38,High
STU_10230,Engineering,Desktop,15,28.7,0.687,13,58.9,0.6,13,6,35.7,3.37,Medium
STU_10231,Data Science,Desktop,3,24.3,0.247,9,51.6,0.53,6,16,45.3,3.04,Low
STU_10232,Business & Management,Laptop,13,35.2,0.856,15,74.9,0.732,18,8,37.0,3.9,High
STU_10233,Data Science,Laptop,11,31.5,0.764,11,61.4,0.678,15,14,48.2,2.83,Medium
STU_10234,Computer Science,Laptop,18,35.6,0.81,11,79.4,0.773,16,11,34.4,3.09,High
STU_10235,Business & Management,Laptop,7,21.0,0.718,9,61.4,0.297,8,17,32.4,2.91,Medium
STU_10236,Computer Science,Laptop,10,30.2,0.625,10,74.3,0.385,13,14,47.3,3.03,Medium
STU_10237,Computer Science,Tablet,4,16.5,0.424,8,46.7,0.485,8,14,16.0,2.3,Low
STU_10238,Business & Management,Desktop,12,25.5,0.504,8,43.2,0.587,13,12,14.4,2.06,Medium
STU_10239,Computer Science,Desktop,6,16.5,0.43,3,66.8,0.554,5,16,16.8,2.8,Low
STU_10240,Humanities & Social Sciences,Laptop,19,43.7,1.0,14,82.1,0.705,20,5,47.4,4.0,High
STU_10241,Humanities & Social Sciences,Laptop,13,24.7,0.704,11,68.1,0.646,11,14,33.3,3.11,Medium
STU_10242,Humanities & Social Sciences,Desktop,6,21.4,0.409,7,64.5,0.517,11,15,37.6,2.77,Medium
STU_10243,Data Science,Desktop,11,30.0,0.692,14,74.1,0.772,14,8,69.8,2.93,High
STU_10244,Computer Science,Desktop,20,36.9,0.99,14,72.1,0.615,18,7,57.9,3.54,High
STU_10245,Humanities & Social Sciences,Laptop,8,13.7,0.498,6,47.5,0.458,9,17,28.7,3.0,Medium
STU_10246,Data Science,Desktop,16,32.9,0.678,10,60.4,0.738,18,12,49.3,,High
STU_10247,Humanities & Social Sciences,Laptop,11,33.3,0.477,12,72.2,0.552,12,12,55.6,2.33,Medium
STU_10248,Humanities & Social Sciences,Mobile,9,30.9,0.396,9,54.0,0.594,13,11,51.7,3.38,Medium
STU_10249,Engineering,Desktop,3,0.5,0.199,1,29.9,0.307,2,19,5.0,2.34,Low
STU_10250,Computer Science,Desktop,11,32.5,0.81,10,65.8,0.726,16,11,40.4,2.82,High
STU_10251,Data Science,Laptop,13,31.5,0.755,12,71.9,0.623,15,10,69.6,3.42,High
STU_10252,Engineering,Desktop,16,39.5,1.0,16,77.3,0.73,16,8,54.0,3.42,High
STU_10253,Data Science,Laptop,15,33.3,0.761,12,68.9,0.765,16,16,66.5,3.26,High
STU_10254,Computer Science,Laptop,6,26.1,0.543,10,65.2,0.616,10,13,48.6,,Medium
STU_10255,Business & Management,Laptop,7,18.1,0.448,6,65.1,0.472,6,19,5.6,2.45,Low
STU_10256,Humanities & Social Sciences,Desktop,2,1.3,0.334,4,44.8,0.276,13,22,5.0,1.67,Low
STU_10257,Business & Management,Laptop,12,30.9,0.859,10,83.5,0.722,15,9,50.7,3.56,High
STU_10258,Business & Management,Laptop,12,28.2,0.638,7,70.8,0.696,12,9,50.8,2.67,Medium
STU_10259,Computer Science,Mobile,10,27.9,0.616,7,56.5,0.621,12,12,41.9,,Medium
STU_10260,Business & Management,Laptop,11,14.2,0.348,8,48.9,0.363,11,20,32.5,2.78,Low
STU_10261,Humanities & Social Sciences,Desktop,8,6.0,0.157,3,39.9,0.249,4,22,25.0,2.17,Low
STU_10262,Computer Science,Laptop,21,44.6,0.891,16,82.0,0.866,18,7,66.3,3.35,High
STU_10263,Data Science,Laptop,15,34.5,0.86,12,76.5,0.63,17,5,61.4,3.47,High
STU_10264,Engineering,Mobile,14,34.2,0.799,15,85.2,0.887,18,9,34.3,3.76,High
STU_10265,Business & Management,Laptop,17,40.2,0.955,13,79.7,0.732,17,3,60.5,3.72,High
STU_10266,Business & Management,Desktop,11,27.4,0.639,9,69.3,0.514,13,11,43.7,3.15,Medium
STU_10267,Business & Management,Desktop,8,21.5,0.595,7,51.7,0.73,9,11,28.9,2.75,Medium
STU_10268,Data Science,Desktop,7,21.0,0.417,9,,0.491,11,20,30.8,3.0,Medium
STU_10269,Computer Science,Desktop,9,21.8,0.608,6,54.3,0.538,10,16,17.2,,Medium
STU_10270,Engineering,Laptop,8,19.3,0.5,9,54.1,0.577,8,18,42.5,2.76,Medium
STU_10271,Engineering,Laptop,14,31.7,0.485,11,63.5,0.806,12,12,36.4,3.06,Medium
STU_10272,Engineering,Desktop,8,15.2,0.463,9,66.7,0.374,9,20,29.2,2.1,Medium
STU_10273,Humanities & Social Sciences,Desktop,14,29.7,0.759,8,56.1,0.642,14,9,41.2,2.86,Medium
STU_10274,Data Science,Mobile,3,17.9,0.352,8,56.5,0.384,8,19,25.3,2.88,Low
STU_10275,Data Science,Mobile,12,30.5,0.712,10,64.2,0.834,11,10,55.4,3.06,Medium
STU_10276,Engineering,Mobile,10,34.1,0.733,12,54.3,0.42,18,11,38.1,3.24,Medium
STU_10277,Business & Management,Desktop,13,43.8,1.0,13,76.7,0.785,18,7,61.0,3.28,High
STU_10278,Business & Management,Laptop,6,17.6,0.315,10,31.9,0.429,5,16,38.1,1.96,Low
STU_10279,Engineering,Mobile,11,18.6,0.467,7,72.5,0.477,8,13,37.3,3.06,Medium
STU_10280,Engineering,Desktop,8,20.4,0.491,8,55.5,0.369,10,12,28.1,2.46,Medium
STU_10281,Data Science,Laptop,18,30.7,0.827,11,82.4,0.518,13,12,35.3,3.07,High
STU_10282,Data Science,Mobile,8,17.1,0.401,9,65.5,0.284,10,17,21.1,2.08,Low
STU_10283,Computer Science,Mobile,8,25.8,0.6,8,54.9,0.616,11,11,41.2,3.14,Medium
STU_10284,Business & Management,Desktop,18,34.6,0.583,13,76.3,0.753,15,8,57.7,3.4,High
STU_10285,Computer Science,Laptop,15,34.6,0.737,13,74.8,0.537,18,12,62.4,3.15,High
STU_10286,Data Science,Laptop,5,15.3,0.597,9,71.5,0.595,7,17,28.3,2.7,Medium
STU_10287,Data Science,Mobile,14,24.9,0.699,7,59.4,0.742,10,10,31.1,2.65,Medium
STU_10288,Computer Science,Mobile,13,28.6,0.622,12,,0.682,15,11,31.6,2.85,Medium
STU_10289,Business & Management,Laptop,17,38.9,0.941,14,68.4,0.866,18,3,49.6,3.12,High
STU_10290,Computer Science,Laptop,13,35.8,0.741,17,69.2,0.78,16,8,47.1,2.95,High
STU_10291,Computer Science,Mobile,16,35.5,0.769,12,67.1,0.63,13,9,68.7,3.46,High
STU_10292,Engineering,Laptop,10,21.9,0.471,9,70.9,0.335,9,16,23.8,3.07,Medium
STU_10293,Data Science,Desktop,9,16.6,0.549,7,71.8,0.348,8,12,18.7,2.02,Medium
STU_10294,Computer Science,Tablet,5,16.7,0.407,9,56.4,0.411,7,19,20.7,2.41,Low
STU_10295,Data Science,Laptop,8,13.9,0.373,6,54.9,0.472,7,18,41.5,2.46,Low
STU_10296,Engineering,Desktop,11,27.6,0.373,7,66.2,0.508,10,12,44.7,2.53,Medium
STU_10297,Computer Science,Laptop,6,16.3,0.509,7,50.7,0.477,8,17,32.2,2.36,Low
STU_10298,Business & Management,Laptop,4,17.5,0.443,7,67.2,0.46,8,16,13.7,2.56,Low
STU_10299,Computer Science,Mobile,7,8.7,0.267,4,37.5,0.406,5,19,25.9,2.16,Low
STU_10300,Computer Science,Laptop,4,17.3,0.311,8,51.1,0.404,6,14,41.6,2.56,Low
STU_10301,Data Science,Tablet,20,41.6,0.999,15,94.0,0.965,21,3,87.6,3.41,High
STU_10302,Data Science,Desktop,13,37.2,0.83,11,68.2,0.594,13,4,25.9,2.99,High
STU_10303,Business & Management,Laptop,8,15.7,0.487,6,70.7,0.399,4,19,13.9,2.22,Low
STU_10304,Business & Management,Laptop,14,41.0,0.816,12,82.5,0.609,15,8,57.9,3.21,High
STU_10305,Humanities & Social Sciences,Laptop,11,20.1,0.362,7,65.4,0.363,7,22,47.9,2.94,Low
STU_10306,Data Science,Laptop,4,10.6,0.446,6,43.3,0.32,5,19,9.3,2.2,Low
STU_10307,Data Science,Laptop,6,5.1,0.38,2,52.3,0.321,2,27,,2.41,Low
STU_10308,Engineering,Laptop,21,45.6,0.752,11,85.6,0.809,16,10,53.2,2.48,High
STU_10309,Computer Science,Desktop,12,42.3,0.776,17,89.1,0.655,15,8,38.1,3.26,High
STU_10310,Data Science,Desktop,10,24.7,0.674,10,41.7,0.408,9,14,14.9,2.14,Medium
STU_10311,Computer Science,Desktop,23,37.0,0.862,16,70.9,0.901,16,4,83.8,3.73,High
STU_10312,Computer Science,Desktop,5,17.3,0.426,5,50.6,0.362,6,19,18.9,2.88,Low
STU_10313,Humanities & Social Sciences,Laptop,11,24.8,0.654,10,68.4,0.588,11,13,35.2,2.89,Medium
STU_10314,Engineering,Laptop,13,28.7,0.616,7,64.9,0.641,12,12,29.0,3.43,Medium
STU_10315,Business & Management,Desktop,11,33.3,0.633,8,51.7,0.51,10,15,42.9,2.68,Medium
STU_10316,Data Science,Desktop,4,17.6,0.575,6,59.4,0.604,7,18,27.5,2.93,Medium
STU_10317,Computer Science,Laptop,20,45.2,0.852,17,83.7,0.881,18,7,71.4,3.73,High
STU_10318,Computer Science,Mobile,2,20.8,0.64,8,55.2,0.435,7,19,18.2,2.5,Low
STU_10319,Computer Science,Mobile,16,42.6,0.881,14,81.6,0.831,17,7,62.9,3.51,High
STU_10320,Data Science,Desktop,19,35.7,0.688,14,87.0,0.765,16,7,58.3,3.49,High
STU_10321,Business & Management,Laptop,11,26.0,0.59,11,65.1,0.755,11,10,51.1,3.02,Medium
STU_10322,Business & Management,Mobile,2,11.6,0.192,6,34.8,0.378,6,27,17.9,2.32,Low
STU_10323,Computer Science,Desktop,10,14.9,0.578,6,69.9,0.546,8,18,40.5,3.26,Medium
STU_10324,Humanities & Social Sciences,Mobile,6,20.0,0.612,7,68.2,0.481,7,18,35.6,3.18,Medium
STU_10325,Business & Management,Mobile,6,24.7,0.68,8,59.1,0.523,11,13,46.5,2.96,Medium
STU_10326,Business & Management,Mobile,12,32.6,0.844,13,74.2,0.806,11,20,51.5,3.57,Medium
STU_10327,Business & Management,Desktop,6,10.7,0.495,5,38.9,0.39,6,16,25.7,2.12,Low
STU_10328,Data Science,Laptop,3,20.2,0.381,5,,0.426,5,19,45.9,2.64,Low
STU_10329,Computer Science,Desktop,11,30.2,0.623,9,45.0,0.742,9,15,31.2,2.99,Medium
STU_10330,Data Science,Desktop,10,22.6,0.552,7,67.8,0.631,7,12,52.5,2.51,Medium
STU_10331,Engineering,Desktop,11,25.5,0.593,13,53.9,0.672,16,13,58.8,3.63,Medium
STU_10332,Computer Science,Laptop,2,5.9,0.422,4,38.8,0.133,5,24,24.0,2.57,Low
STU_10333,Computer Science,Laptop,11,24.4,0.711,7,63.7,0.771,10,11,38.9,2.94,Medium
STU_10334,Computer Science,Mobile,16,33.9,0.624,12,78.3,0.659,14,13,42.6,2.9,High
STU_10335,Computer Science,Desktop,7,18.5,0.34,6,59.7,0.468,7,14,34.3,2.08,Low
STU_10336,Engineering,Mobile,15,35.3,0.652,12,82.7,0.807,14,9,55.1,2.86,High
STU_10337,Business & Management,Mobile,15,33.2,0.596,11,78.9,0.673,16,8,50.8,3.63,High
STU_10338,Data Science,Desktop,16,35.0,0.558,13,83.9,0.722,14,12,59.1,3.08,High
STU_10339,Computer Science,Desktop,15,36.0,0.658,12,60.7,0.767,15,9,68.6,3.66,High
STU_10340,Data Science,Mobile,10,30.2,0.688,10,65.1,0.626,12,8,39.3,3.17,Medium
STU_10341,Data Science,Desktop,9,23.7,0.707,12,67.4,0.611,14,12,34.0,2.23,Medium
STU_10342,Computer Science,Desktop,8,26.0,0.583,7,69.0,0.394,6,16,16.6,2.46,Medium
STU_10343,Data Science,Laptop,7,13.1,0.323,2,37.9,0.171,6,25,21.5,1.8,Low
STU_10344,Data Science,Desktop,15,41.5,0.907,15,95.8,0.838,18,5,78.6,3.62,High
STU_10345,Business & Management,Desktop,12,30.8,0.699,9,66.0,0.694,10,14,25.6,3.09,Medium
STU_10346,Business & Management,Laptop,14,39.7,0.669,13,68.7,0.667,14,8,47.0,3.21,High
STU_10347,Computer Science,Laptop,10,24.7,0.645,7,50.7,0.492,9,14,22.9,3.22,Medium
STU_10348,Data Science,Laptop,19,31.6,0.709,13,82.9,0.758,16,13,51.2,3.63,High
STU_10349,Business & Management,Laptop,11,22.4,0.637,11,54.8,0.538,10,13,13.9,2.61,Medium
STU_10350,Data Science,Laptop,7,25.1,0.455,9,61.4,0.386,12,13,56.6,3.02,Medium
STU_10351,Engineering,Laptop,8,19.5,0.476,6,62.6,0.503,10,16,48.4,2.52,Medium
STU_10352,Business & Management,Mobile,13,19.7,0.57,9,64.7,0.75,10,13,44.7,2.72,Medium
STU_10353,Computer Science,Desktop,8,21.3,0.463,8,73.1,0.612,9,15,44.9,2.76,Medium
STU_10354,Computer Science,Laptop,6,22.9,0.664,8,62.0,0.678,13,17,47.3,2.68,Medium
STU_10355,Business & Management,Laptop,9,22.4,0.682,10,59.1,0.656,15,16,43.7,2.46,Medium
STU_10356,Computer Science,Desktop,15,29.9,0.732,14,64.2,0.63,14,14,35.9,3.24,Medium
STU_10357,Business & Management,Laptop,20,48.5,0.859,14,98.2,0.88,17,4,57.7,3.46,High
STU_10358,Humanities & Social Sciences,Mobile,8,15.9,0.427,6,51.4,0.534,7,15,33.2,2.34,Medium
STU_10359,Business & Management,Desktop,12,16.0,0.418,5,56.7,0.378,6,17,19.4,2.08,Medium
STU_10360,Data Science,Mobile,6,9.8,0.34,5,47.9,0.164,5,26,43.1,2.16,Low
STU_10361,Business & Management,Laptop,7,21.9,0.583,7,60.3,0.572,8,18,36.7,2.67,Medium
STU_10362,Data Science,Desktop,8,21.2,0.446,10,74.4,0.511,11,12,42.5,2.72,Medium
STU_10363,Data Science,Laptop,9,28.8,0.544,10,68.5,0.677,14,11,57.6,3.03,Medium
STU_10364,Humanities & Social Sciences,Tablet,14,32.6,0.646,9,77.3,0.511,12,7,54.2,3.0,Medium
STU_10365,Data Science,Desktop,7,22.6,0.595,8,61.3,0.445,13,16,34.1,,Medium
STU_10366,Humanities & Social Sciences,Laptop,17,31.7,0.703,13,65.2,0.699,13,13,68.3,3.01,High
STU_10367,Humanities & Social Sciences,Laptop,16,32.6,0.743,13,73.6,0.721,12,16,55.2,2.56,High
STU_10368,Computer Science,Laptop,9,28.4,0.5,8,50.4,0.553,10,20,28.6,2.23,Medium
STU_10369,Computer Science,Desktop,5,29.9,0.484,9,45.8,0.471,12,17,36.7,2.43,Medium
STU_10370,Computer Science,Laptop,2,6.8,0.349,6,50.1,0.337,5,20,14.4,2.55,Low
STU_10371,Computer Science,Desktop,16,23.8,0.802,12,75.4,0.726,16,12,42.6,2.84,High
STU_10372,Computer Science,Laptop,9,28.7,0.647,10,66.9,0.613,14,8,52.9,2.97,Medium
STU_10373,Business & Management,Desktop,15,31.3,0.656,8,68.2,0.705,13,9,43.1,3.15,High
STU_10374,Computer Science,Mobile,10,27.2,0.699,10,59.3,0.414,10,17,29.7,2.35,Medium
STU_10375,Data Science,Mobile,12,29.6,0.613,10,56.3,0.801,11,15,48.4,2.86,Medium
STU_10376,Engineering,Mobile,10,30.4,0.602,11,51.2,0.623,12,16,61.2,3.05,Medium
STU_10377,Computer Science,Laptop,10,30.9,0.552,8,71.8,0.574,11,13,18.4,2.77,Medium
STU_10378,Engineering,Laptop,11,31.4,0.473,8,71.6,0.553,12,17,34.8,3.02,Medium
STU_10379,Computer Science,Desktop,17,30.8,0.701,13,72.6,0.761,15,8,30.0,3.41,High
STU_10380,Computer Science,Laptop,10,27.6,0.561,11,82.0,0.509,13,10,8.9,3.1,Medium
STU_10381,Business & Management,Laptop,7,18.1,0.396,5,59.5,0.411,12,18,33.5,2.81,Medium
STU_10382,Business & Management,Laptop,6,16.0,0.537,8,54.9,0.225,6,22,13.4,2.42,Low
STU_10383,Engineering,Laptop,10,20.5,0.56,8,76.4,0.459,16,19,,2.69,Medium
STU_10384,Business & Management,Laptop,5,20.7,0.412,6,44.3,0.484,10,20,,2.65,Low
STU_10385,Engineering,Mobile,8,31.8,0.612,9,65.0,0.662,12,14,52.5,2.58,Medium
STU_10386,Computer Science,Laptop,5,16.2,0.283,7,37.1,0.31,2,25,24.2,2.34,Low
STU_10387,Computer Science,Desktop,4,22.9,0.438,8,54.0,0.521,8,16,24.5,,Low
STU_10388,Engineering,Laptop,14,23.3,0.56,8,63.6,0.42,11,14,37.9,2.81,Medium
STU_10389,Engineering,Desktop,11,26.7,0.695,10,64.3,0.612,12,21,46.8,3.06,Medium
STU_10390,Humanities & Social Sciences,Laptop,9,31.5,0.785,8,60.1,0.793,13,14,57.1,3.21,Medium
STU_10391,Data Science,Mobile,5,16.4,0.485,6,51.0,0.442,8,19,43.9,1.95,Low
STU_10392,Data Science,Mobile,12,28.0,0.563,10,56.4,0.509,12,16,46.2,2.43,Medium
STU_10393,Engineering,Laptop,5,24.3,0.475,6,63.1,0.44,6,15,29.3,2.15,Low
STU_10394,Data Science,Mobile,13,30.1,0.662,9,76.8,0.806,15,10,51.2,3.14,High
STU_10395,Humanities & Social Sciences,Tablet,9,20.5,0.682,9,58.6,0.525,7,17,30.6,2.95,Medium
STU_10396,Engineering,Mobile,9,32.7,0.376,16,56.1,0.594,8,13,33.8,2.59,Medium
STU_10397,Data Science,Mobile,7,21.4,0.554,6,62.2,0.463,9,20,28.8,2.47,Medium
STU_10398,Engineering,Laptop,13,34.2,0.738,12,78.1,0.658,13,11,57.8,2.86,High
STU_10399,Engineering,Desktop,11,13.7,0.301,9,50.8,0.437,9,20,21.5,2.63,Low
STU_10400,Computer Science,Laptop,9,13.2,0.377,6,34.4,0.553,5,20,27.5,2.64,Low
STU_10401,Humanities & Social Sciences,Laptop,5,22.4,0.605,11,69.3,0.479,11,10,42.0,3.13,Medium
STU_10402,Data Science,Tablet,11,25.7,0.619,10,63.2,0.533,10,16,44.8,2.46,Medium
STU_10403,Engineering,Laptop,12,29.3,0.592,7,,0.686,13,11,49.4,2.49,Medium
STU_10404,Data Science,Desktop,20,41.0,0.917,15,77.3,0.942,19,2,58.7,3.61,High
STU_10405,Engineering,Mobile,10,32.1,0.637,9,75.0,0.594,14,15,33.3,3.39,Medium
STU_10406,Data Science,Mobile,7,29.9,0.775,12,,0.593,12,11,59.7,3.1,Medium
STU_10407,Computer Science,Tablet,5,13.7,0.397,3,47.9,0.518,5,16,16.4,1.79,Low
STU_10408,Humanities & Social Sciences,Laptop,14,36.1,0.877,12,76.1,0.778,19,7,79.3,3.41,High
STU_10409,Computer Science,Laptop,5,23.3,0.577,5,55.3,0.47,8,16,6.0,2.37,Medium
STU_10410,Data Science,Laptop,10,35.3,0.799,12,66.7,0.767,13,13,53.5,3.19,Medium
STU_10411,Humanities & Social Sciences,Laptop,8,14.9,0.349,8,48.9,0.443,9,19,40.7,2.45,Low
STU_10412,Humanities & Social Sciences,Laptop,5,7.1,0.445,4,44.7,0.231,7,19,25.6,2.2,Low
STU_10413,Business & Management,Laptop,11,23.4,0.498,7,63.5,0.636,8,16,42.3,2.55,Medium
STU_10414,Business & Management,Mobile,9,24.4,0.423,5,64.1,0.435,7,15,41.1,2.71,Medium
STU_10415,Data Science,Desktop,7,24.9,0.344,7,70.2,0.449,8,19,45.4,2.97,Low
STU_10416,Computer Science,Laptop,10,24.6,0.535,10,55.5,0.848,10,17,50.7,3.34,Medium
STU_10417,Data Science,Desktop,14,34.1,0.818,11,71.3,0.759,16,0,75.4,3.49,High
STU_10418,Business & Management,Laptop,8,19.7,0.551,10,65.8,0.512,8,14,31.2,3.04,Medium
STU_10419,Engineering,Laptop,13,36.2,0.873,13,68.5,0.855,15,9,79.1,3.02,High
STU_10420,Engineering,Mobile,18,45.2,0.893,15,72.3,0.755,18,5,53.9,3.44,High
STU_10421,Engineering,Desktop,10,18.6,0.501,5,47.1,0.524,10,21,45.2,2.27,Medium
STU_10422,Computer Science,Mobile,6,17.7,0.511,6,55.9,0.587,8,20,40.7,2.48,Medium
STU_10423,Data Science,Laptop,13,28.4,0.517,6,75.8,0.678,10,18,67.2,2.45,Medium
STU_10424,Computer Science,Mobile,11,26.7,0.656,11,62.3,0.644,11,9,46.7,3.33,Medium
STU_10425,Data Science,Desktop,14,36.2,0.752,12,75.2,0.598,17,9,62.5,3.07,High
STU_10426,Data Science,Desktop,5,15.1,0.701,7,48.1,0.558,9,18,17.8,2.64,Medium
STU_10427,Engineering,Desktop,9,24.1,0.899,11,81.7,0.563,13,10,63.6,2.69,Medium
STU_10428,Data Science,Mobile,15,29.8,0.8,14,81.8,0.849,18,9,59.2,2.62,High
STU_10429,Computer Science,Desktop,11,20.0,0.36,9,54.6,0.621,11,19,46.4,3.19,Medium
STU_10430,Computer Science,Desktop,13,38.7,0.817,10,68.7,0.76,16,10,45.4,3.18,High
STU_10431,Engineering,Tablet,13,12.3,0.494,5,67.2,0.528,8,15,31.3,3.36,Medium
STU_10432,Business & Management,Mobile,18,47.7,0.875,17,78.3,0.814,16,3,65.6,3.41,High
STU_10433,Computer Science,Laptop,11,34.8,0.663,15,66.4,0.701,13,15,53.0,2.79,Medium
STU_10434,Computer Science,Desktop,18,49.1,0.958,15,79.6,0.948,18,6,69.8,3.55,High
STU_10435,Business & Management,Laptop,20,31.3,0.603,9,75.3,0.683,14,8,56.7,3.21,High
STU_10436,Computer Science,Laptop,4,19.0,0.392,9,59.9,0.655,6,21,25.0,2.52,Low
STU_10437,Engineering,Desktop,20,46.7,1.0,18,88.9,0.911,19,0,67.3,3.63,High
STU_10438,Business & Management,Mobile,13,37.8,0.943,12,75.3,0.834,16,15,45.4,2.73,High
STU_10439,Computer Science,Mobile,17,37.0,0.63,16,74.5,0.597,17,10,92.0,2.86,High
STU_10440,Computer Science,Laptop,10,20.1,0.579,6,55.9,0.397,6,24,36.6,2.88,Low
STU_10441,Humanities & Social Sciences,Desktop,5,20.5,0.204,7,48.8,0.514,12,20,50.8,3.03,Low
STU_10442,Data Science,Laptop,15,28.8,0.551,11,66.9,0.693,15,12,37.7,2.97,Medium
STU_10443,Data Science,Tablet,10,11.4,0.211,2,58.9,0.338,3,20,21.2,1.67,Low
STU_10444,Engineering,Tablet,13,24.3,0.721,12,70.2,0.774,12,10,45.5,3.44,High
STU_10445,Humanities & Social Sciences,Desktop,10,23.4,0.357,9,54.0,0.704,7,13,40.5,2.37,Medium
STU_10446,Humanities & Social Sciences,Mobile,11,39.6,0.644,9,,0.551,15,17,53.2,3.18,Medium
STU_10447,Engineering,Desktop,11,22.8,0.605,9,45.5,0.704,11,13,31.7,2.75,Medium
STU_10448,Data Science,Desktop,11,29.3,0.714,13,86.2,0.59,11,15,53.6,2.84,Medium
STU_10449,Computer Science,Laptop,10,23.4,0.456,11,76.3,0.567,8,20,38.1,2.34,Medium
STU_10450,Engineering,Desktop,19,38.9,0.785,14,83.2,0.73,17,7,63.6,3.77,High
STU_10451,Business & Management,Desktop,17,43.2,0.964,16,72.4,0.888,17,3,78.9,3.64,High
STU_10452,Data Science,Desktop,11,16.7,0.509,7,,0.518,7,15,44.0,2.63,Medium
STU_10453,Humanities & Social Sciences,Laptop,17,32.4,0.784,11,59.7,0.633,13,5,73.3,3.18,High
STU_10454,Computer Science,Tablet,6,9.9,0.252,4,49.4,0.284,3,18,26.0,2.32,Low
STU_10455,Data Science,Laptop,10,27.5,0.441,10,49.4,0.579,11,15,55.8,2.54,Medium
STU_10456,Computer Science,Desktop,10,24.0,0.683,7,46.8,0.456,12,15,44.3,3.1,Medium
STU_10457,Data Science,Desktop,4,16.0,0.322,5,54.6,0.47,6,19,32.3,2.81,Low
STU_10458,Computer Science,Desktop,12,30.6,0.582,10,64.7,0.698,9,17,47.7,2.84,Medium
STU_10459,Computer Science,Desktop,13,37.5,0.826,12,79.0,0.656,15,10,54.6,3.63,High
STU_10460,Computer Science,Laptop,18,35.7,0.72,15,93.0,0.87,16,6,63.3,3.3,High
STU_10461,Business & Management,Laptop,6,20.7,0.483,9,57.7,0.538,7,19,21.3,2.77,Low
STU_10462,Business & Management,Desktop,8,12.2,0.496,6,58.5,0.337,5,19,43.2,2.29,Low
STU_10463,Business & Management,Desktop,9,18.2,0.564,11,53.6,0.743,8,14,54.9,2.25,Medium
STU_10464,Humanities & Social Sciences,Laptop,16,32.3,0.697,13,81.4,0.781,13,11,36.1,3.0,High
STU_10465,Data Science,Desktop,13,23.7,0.707,10,76.4,0.709,10,9,57.6,3.2,Medium
STU_10466,Computer Science,Desktop,13,21.6,0.48,8,58.9,0.551,13,15,52.1,2.36,Medium
STU_10467,Engineering,Desktop,11,19.4,0.578,8,58.7,0.313,10,10,37.2,3.04,Medium
STU_10468,Computer Science,Mobile,7,11.6,0.538,5,47.8,0.464,6,20,35.8,2.34,Low
STU_10469,Humanities & Social Sciences,Laptop,10,26.0,0.71,13,69.0,0.672,14,6,59.1,3.29,Medium
STU_10470,Computer Science,Laptop,6,24.9,0.444,8,65.8,0.621,14,16,22.3,3.15,Medium
STU_10471,Humanities & Social Sciences,Mobile,6,21.2,0.754,10,70.9,0.563,12,17,74.5,3.5,Medium
STU_10472,Computer Science,Desktop,1,3.7,0.407,4,27.3,0.424,5,23,5.0,2.59,Low
STU_10473,Engineering,Desktop,9,14.2,0.454,9,48.0,0.443,11,10,19.3,2.43,Medium
STU_10474,Data Science,Mobile,15,39.6,0.991,15,75.3,0.889,22,7,76.5,3.81,High
STU_10475,Humanities & Social Sciences,Mobile,15,40.7,0.774,15,79.8,0.704,16,7,71.4,3.18,High
STU_10476,Computer Science,Tablet,10,21.9,0.518,5,50.0,0.502,7,19,57.4,2.38,Medium
STU_10477,Business & Management,Desktop,8,32.6,0.569,8,47.3,0.397,8,15,40.3,2.54,Medium
STU_10478,Humanities & Social Sciences,Desktop,2,17.3,0.392,6,25.1,0.38,5,23,14.5,2.7,Low
STU_10479,Data Science,Laptop,14,31.8,0.852,14,92.7,0.624,15,10,56.5,3.08,High
STU_10480,Business & Management,Laptop,3,8.7,0.479,11,51.2,0.437,4,22,36.5,2.1,Low
STU_10481,Business & Management,Desktop,9,35.0,0.652,10,48.4,0.619,9,14,32.3,3.25,Medium
STU_10482,Data Science,Laptop,15,34.5,0.672,10,77.4,0.642,14,15,35.9,2.97,Medium
STU_10483,Business & Management,Mobile,3,12.7,0.325,5,59.4,0.268,3,20,22.6,2.41,Low
STU_10484,Business & Management,Desktop,14,23.7,0.625,10,62.4,0.577,10,9,30.9,2.46,Medium
STU_10485,Humanities & Social Sciences,Desktop,22,46.9,0.959,14,91.0,0.98,21,1,67.4,3.51,High
STU_10486,Computer Science,Laptop,6,12.1,0.544,6,66.2,0.435,7,18,24.9,2.46,Medium
STU_10487,Computer Science,Laptop,6,22.4,0.462,10,64.1,0.467,8,17,44.3,2.5,Medium
STU_10488,Humanities & Social Sciences,Laptop,12,29.7,0.797,12,72.8,0.503,15,13,42.1,2.95,Medium
STU_10489,Engineering,Laptop,13,22.8,0.514,12,49.9,0.604,10,17,37.3,2.59,Medium
STU_10490,Data Science,Laptop,16,40.9,0.648,15,57.7,0.948,20,6,74.2,3.5,High
STU_10491,Business & Management,Desktop,17,42.4,0.7,13,82.6,0.88,18,10,43.4,3.6,High
STU_10492,Computer Science,Mobile,16,31.9,0.851,12,68.4,0.7,14,14,40.6,2.59,High
STU_10493,Computer Science,Mobile,3,19.6,0.435,7,42.9,0.208,5,16,27.5,2.21,Low
STU_10494,Data Science,Desktop,8,16.6,0.582,11,69.4,0.492,9,17,29.3,2.6,Medium
STU_10495,Data Science,Laptop,16,34.7,0.823,16,66.7,0.861,18,12,73.0,3.1,High
STU_10496,Business & Management,Mobile,11,19.1,0.599,10,62.2,0.648,10,16,29.4,3.4,Medium
STU_10497,Computer Science,Mobile,6,14.5,0.462,7,56.4,0.369,8,18,32.6,3.01,Low
STU_10498,Humanities & Social Sciences,Laptop,9,21.8,0.608,12,68.6,0.761,9,17,31.4,2.66,Medium
STU_10499,Humanities & Social Sciences,Desktop,11,29.6,0.721,8,69.0,0.504,16,6,63.6,2.53,Medium
STU_10500,Business & Management,Laptop,3,18.0,0.494,7,56.4,0.397,11,18,18.3,2.93,Low
STU_10501,Data Science,Mobile,15,29.4,0.697,9,66.5,0.722,15,7,74.2,3.21,High
STU_10502,Data Science,Tablet,4,5.0,0.437,5,46.5,0.381,5,21,27.9,2.01,Low
STU_10503,Engineering,Laptop,1,25.7,0.514,8,59.5,0.448,7,14,32.5,2.32,Low
STU_10504,Business & Management,Mobile,8,18.7,0.691,6,52.0,0.482,8,19,9.8,2.63,Medium
STU_10505,Computer Science,Desktop,13,33.0,0.914,15,68.6,0.857,18,7,78.3,3.82,High
STU_10506,Humanities & Social Sciences,Tablet,12,20.6,0.587,6,67.6,0.667,8,13,40.4,2.47,Medium
STU_10507,Engineering,Desktop,5,17.8,0.347,7,47.3,0.467,7,15,16.4,2.62,Low
STU_10508,Humanities & Social Sciences,Mobile,6,21.1,0.523,6,55.2,0.458,12,12,32.0,2.52,Medium
STU_10509,Business & Management,Laptop,10,21.3,0.57,8,68.5,0.505,8,16,16.1,2.77,Medium
STU_10510,Business & Management,Laptop,15,37.3,0.886,13,,1.0,20,8,54.9,2.99,High
STU_10511,Data Science,Laptop,6,24.1,0.461,7,60.7,0.581,8,14,35.0,2.83,Medium
STU_10512,Humanities & Social Sciences,Tablet,19,39.2,0.863,16,86.2,0.979,17,1,85.6,3.6,High
STU_10513,Engineering,Mobile,7,21.0,0.642,8,59.7,0.62,11,15,69.5,2.49,Medium
STU_10514,Computer Science,Mobile,11,39.2,0.607,15,71.6,0.835,18,8,63.5,2.26,High
STU_10515,Computer Science,Tablet,12,23.3,0.461,6,44.9,0.465,7,16,14.4,3.03,Medium
STU_10516,Data Science,Laptop,18,46.8,0.892,14,85.1,0.946,17,4,90.3,2.9,High
STU_10517,Engineering,Laptop,11,32.6,0.699,9,75.9,0.331,14,16,24.9,3.31,Medium
STU_10518,Humanities & Social Sciences,Laptop,7,15.2,0.472,6,61.7,0.485,9,17,40.6,2.21,Medium
STU_10519,Computer Science,Laptop,18,35.1,0.983,13,83.6,0.862,23,2,64.1,3.56,High
STU_10520,Business & Management,Laptop,10,25.2,0.518,7,38.4,0.39,7,17,49.3,2.77,Low
STU_10521,Data Science,Desktop,8,31.2,0.579,12,69.9,0.606,11,15,33.5,3.32,Medium
STU_10522,Humanities & Social Sciences,Laptop,14,30.1,0.786,11,69.9,0.742,16,12,64.5,2.79,High
STU_10523,Engineering,Laptop,5,20.6,0.55,8,47.9,0.262,7,13,48.3,2.46,Low
STU_10524,Engineering,Laptop,3,7.3,0.345,3,49.9,0.342,3,26,24.7,1.85,Low
STU_10525,Data Science,Laptop,17,47.0,0.831,11,82.1,0.94,18,7,63.2,3.13,High
STU_10526,Data Science,Tablet,8,18.8,0.546,11,66.7,0.665,8,18,48.4,2.66,Medium
STU_10527,Computer Science,Mobile,7,20.4,0.324,4,51.4,0.429,4,28,41.1,2.55,Low
STU_10528,Computer Science,Tablet,14,33.9,0.846,10,66.2,0.642,12,14,43.7,,Medium
STU_10529,Engineering,Laptop,6,31.5,0.598,7,58.3,0.648,10,16,33.1,2.71,Medium
STU_10530,Engineering,Laptop,6,22.8,0.492,9,67.3,0.472,10,14,33.5,2.77,Medium
STU_10531,Humanities & Social Sciences,Mobile,9,27.4,0.804,11,51.1,0.653,14,14,15.8,2.83,Medium
STU_10532,Humanities & Social Sciences,Laptop,20,34.6,0.593,13,72.7,0.768,15,4,70.9,3.39,High
STU_10533,Business & Management,Laptop,11,35.5,0.464,9,50.3,0.791,13,11,51.0,,Medium
STU_10534,Engineering,Laptop,5,17.3,0.438,3,53.5,0.339,11,25,23.2,2.0,Low
STU_10535,Humanities & Social Sciences,Laptop,3,20.4,0.462,3,52.2,0.513,4,22,17.4,1.5,Low
STU_10536,Engineering,Laptop,14,39.7,0.864,13,69.4,0.882,15,15,63.9,3.23,High
STU_10537,Computer Science,Laptop,20,51.4,0.773,17,78.5,0.965,23,4,65.1,4.0,High
STU_10538,Data Science,Desktop,15,27.5,0.609,11,75.7,0.659,14,13,58.3,3.0,Medium
STU_10539,Computer Science,Laptop,11,27.5,0.505,7,56.2,0.738,11,14,37.6,2.77,Medium
STU_10540,Humanities & Social Sciences,Laptop,10,27.7,0.545,12,72.8,0.844,15,18,33.6,2.96,Medium
STU_10541,Business & Management,Mobile,18,29.0,0.801,8,66.0,0.583,11,11,53.6,2.73,High
STU_10542,Computer Science,Laptop,11,27.3,0.474,9,59.2,0.557,11,11,33.4,2.83,Medium
STU_10543,Business & Management,Laptop,12,31.4,0.734,16,76.2,0.816,16,8,51.3,3.13,High
STU_10544,Business & Management,Mobile,14,26.8,0.654,7,64.2,0.351,11,20,54.9,2.87,Medium
STU_10545,Data Science,Laptop,6,15.5,0.497,5,66.8,0.184,11,19,31.6,2.52,Low
STU_10546,Computer Science,Laptop,19,34.8,0.915,11,68.2,0.665,14,9,58.0,3.28,High
STU_10547,Business & Management,Desktop,7,26.6,0.55,8,47.3,0.554,9,17,32.9,2.67,Medium
STU_10548,Data Science,Laptop,14,27.4,0.667,10,64.0,0.481,11,13,45.9,3.21,Medium
STU_10549,Engineering,Desktop,15,37.6,0.865,12,79.0,0.615,16,6,49.1,3.82,High
STU_10550,Data Science,Mobile,17,29.7,0.726,13,72.2,0.681,14,7,62.0,2.71,High
STU_10551,Engineering,Laptop,20,40.1,0.819,13,93.3,0.911,15,5,55.6,3.17,High
STU_10552,Business & Management,Desktop,11,36.8,0.604,10,83.8,0.677,21,4,52.2,2.52,High
STU_10553,Business & Management,Desktop,17,33.4,0.751,11,68.6,0.833,18,10,42.9,3.35,High
STU_10554,Engineering,Laptop,6,32.5,0.672,9,61.9,0.564,9,10,46.8,3.14,Medium
STU_10555,Data Science,Desktop,4,7.3,0.406,7,36.4,0.588,6,20,23.7,2.49,Low
STU_10556,Computer Science,Laptop,2,14.4,0.374,6,56.4,0.328,4,23,10.2,2.29,Low
STU_10557,Computer Science,Desktop,15,36.9,0.518,14,66.2,0.749,17,8,47.5,2.99,High
STU_10558,Engineering,Laptop,12,32.9,0.605,11,70.4,0.678,13,12,59.1,3.09,Medium
STU_10559,Business & Management,Desktop,6,16.2,0.321,7,49.3,0.405,8,21,36.0,2.4,Low
STU_10560,Business & Management,Laptop,11,28.9,0.511,9,50.7,0.674,15,18,17.1,3.19,Medium
STU_10561,Computer Science,Mobile,8,20.0,0.487,9,60.3,0.504,7,17,22.1,3.07,Medium
STU_10562,Computer Science,Laptop,17,36.1,0.707,12,68.2,0.808,16,3,77.6,3.83,High
STU_10563,Computer Science,Laptop,16,35.2,0.829,13,67.5,0.515,14,7,68.7,3.84,High
STU_10564,Data Science,Desktop,20,37.6,0.883,12,84.7,0.656,19,3,44.3,3.53,High
STU_10565,Business & Management,Desktop,14,30.2,0.693,13,64.1,0.623,15,11,65.2,,Medium
STU_10566,Data Science,Desktop,2,12.2,0.238,3,58.2,0.347,6,12,5.0,2.17,Low
STU_10567,Data Science,Desktop,18,38.9,0.79,15,71.3,0.815,21,3,53.2,3.56,High
STU_10568,Humanities & Social Sciences,Mobile,3,9.7,0.276,5,41.3,0.347,6,19,16.4,2.53,Low
STU_10569,Data Science,Mobile,11,29.0,0.553,10,69.5,0.581,13,8,58.7,3.44,Medium
STU_10570,Data Science,Laptop,17,32.0,0.645,14,88.3,0.796,16,7,55.7,3.16,High
STU_10571,Engineering,Desktop,14,39.5,0.763,10,73.7,0.656,14,12,61.6,2.9,High
STU_10572,Data Science,Mobile,3,15.3,0.344,6,59.6,0.16,6,16,5.0,2.38,Low
STU_10573,Business & Management,Tablet,11,43.4,0.844,15,64.4,0.783,15,7,69.4,3.04,High
STU_10574,Engineering,Mobile,11,24.6,0.513,9,61.5,0.549,14,16,64.4,2.83,Medium
STU_10575,Humanities & Social Sciences,Laptop,14,30.6,0.683,11,61.8,0.676,16,12,47.3,2.37,Medium
STU_10576,Computer Science,Laptop,11,32.7,0.355,7,46.8,0.434,8,23,60.6,2.66,Low
STU_10577,Humanities & Social Sciences,Desktop,15,37.3,0.733,12,60.0,0.713,16,12,66.6,2.97,High
STU_10578,Data Science,Desktop,21,43.9,0.754,12,77.2,0.835,18,10,84.0,3.64,High
STU_10579,Computer Science,Desktop,8,24.3,0.66,11,72.6,0.294,10,12,34.3,2.55,Medium
STU_10580,Data Science,Desktop,11,22.7,0.777,9,67.9,0.558,13,12,50.0,2.36,Medium
STU_10581,Humanities & Social Sciences,Mobile,8,39.4,0.949,13,69.5,0.677,15,7,49.6,3.16,High
STU_10582,Data Science,Laptop,5,16.4,0.303,7,33.0,0.365,5,18,11.1,2.38,Low
STU_10583,Data Science,Mobile,17,35.4,0.706,13,71.6,0.693,14,7,47.2,3.36,High
STU_10584,Business & Management,Laptop,20,35.9,0.813,14,74.3,0.79,20,7,64.3,3.54,High
STU_10585,Computer Science,Laptop,8,27.6,0.404,9,65.5,0.581,10,7,26.3,2.55,Medium
STU_10586,Computer Science,Desktop,18,39.2,0.834,16,80.0,0.909,24,3,67.1,3.29,High
STU_10587,Computer Science,Mobile,18,46.9,0.752,14,82.7,0.824,16,13,33.3,3.32,High
STU_10588,Computer Science,Laptop,10,24.4,0.62,9,68.0,0.669,10,13,36.3,2.85,Medium
STU_10589,Computer Science,Laptop,1,12.6,0.285,10,53.2,0.545,9,16,34.8,2.64,Low
STU_10590,Computer Science,Tablet,7,15.0,0.505,7,,0.581,9,18,22.6,2.77,Medium
STU_10591,Business & Management,Laptop,17,36.1,0.68,12,76.1,0.878,15,8,54.1,2.78,High
STU_10592,Computer Science,Desktop,14,49.8,0.698,13,63.3,0.749,16,0,61.6,3.7,High
STU_10593,Data Science,Desktop,10,22.2,0.646,8,69.5,0.547,9,14,38.0,3.08,Medium
STU_10594,Engineering,Desktop,6,22.5,0.473,11,75.2,0.511,11,17,42.4,2.97,Medium
STU_10595,Data Science,Desktop,6,29.0,0.692,13,69.6,0.779,15,13,29.6,2.98,Medium
STU_10596,Business & Management,Laptop,18,40.7,0.667,11,70.4,0.756,15,5,45.7,3.42,High
STU_10597,Computer Science,Desktop,13,30.0,0.868,9,70.0,0.754,13,15,38.8,3.23,High
STU_10598,Computer Science,Laptop,23,42.8,0.893,14,83.1,0.725,20,8,68.9,3.64,High
STU_10599,Computer Science,Desktop,17,35.5,0.757,15,75.0,0.534,15,13,78.4,3.54,High
STU_10600,Computer Science,Laptop,4,12.2,0.321,6,46.6,0.518,5,22,33.2,1.98,Low
STU_10601,Computer Science,Desktop,12,28.5,0.604,12,49.3,0.709,20,10,28.8,3.25,Medium
STU_10602,Computer Science,Laptop,16,34.3,0.794,11,75.8,0.866,17,9,59.4,3.41,High
STU_10603,Computer Science,Laptop,13,30.3,0.543,9,82.9,0.426,9,18,35.9,3.28,Medium
STU_10604,Computer Science,Laptop,12,26.8,0.702,11,53.6,0.635,11,6,40.3,3.5,Medium
STU_10605,Data Science,Laptop,7,5.7,0.357,2,55.7,0.191,3,19,13.2,2.15,Low
STU_10606,Computer Science,Mobile,9,22.3,0.669,10,64.9,0.646,9,16,37.1,3.23,Medium
STU_10607,Data Science,Laptop,6,21.7,0.599,8,50.1,0.519,10,15,15.6,2.75,Medium
STU_10608,Data Science,Mobile,9,18.8,0.571,10,49.2,0.544,9,13,39.0,2.86,Medium
STU_10609,Business & Management,Tablet,11,33.8,0.715,10,67.2,0.694,11,18,48.6,3.01,Medium
STU_10610,Computer Science,Desktop,11,37.7,0.534,10,,0.705,15,12,44.3,2.77,Medium
STU_10611,Engineering,Laptop,1,17.0,0.421,4,33.4,0.344,3,24,17.0,2.59,Low
STU_10612,Business & Management,Laptop,19,47.1,0.879,16,93.4,0.745,19,2,54.7,3.21,High
STU_10613,Computer Science,Mobile,13,27.8,0.819,11,70.2,0.879,17,7,51.7,3.4,High
STU_10614,Engineering,Laptop,17,48.9,0.77,14,86.4,0.858,21,7,66.4,2.76,High
STU_10615,Humanities & Social Sciences,Laptop,8,17.9,0.519,9,64.6,0.567,7,17,34.6,2.59,Medium
STU_10616,Computer Science,Desktop,19,34.4,0.697,15,84.3,0.63,16,14,66.3,3.3,High
STU_10617,Computer Science,Mobile,16,33.9,0.716,12,62.5,0.838,15,11,64.1,3.32,High
STU_10618,Engineering,Mobile,7,30.6,0.559,7,80.4,0.588,12,19,34.7,3.24,Medium
STU_10619,Business & Management,Laptop,7,25.6,0.548,10,50.0,0.686,10,18,34.1,2.63,Medium
STU_10620,Computer Science,Desktop,10,22.6,0.505,8,63.6,0.576,10,16,20.4,2.19,Medium
STU_10621,Computer Science,Laptop,14,30.4,0.637,13,65.2,0.429,12,9,44.8,2.93,Medium
STU_10622,Data Science,Laptop,9,21.7,0.566,9,60.5,0.616,9,18,39.7,2.79,Medium
STU_10623,Data Science,Mobile,16,48.4,0.815,17,85.6,1.0,22,2,80.1,3.73,High
STU_10624,Business & Management,Laptop,11,30.3,0.759,11,72.9,0.723,15,11,48.3,2.51,High
STU_10625,Data Science,Laptop,2,12.6,0.487,3,54.0,0.341,2,20,24.1,2.01,Low
STU_10626,Data Science,Laptop,11,28.4,0.604,7,56.8,0.549,11,14,25.7,2.64,Medium
STU_10627,Business & Management,Mobile,14,27.0,0.483,8,54.0,0.559,9,16,44.2,2.72,Medium
STU_10628,Computer Science,Mobile,8,14.5,0.487,8,43.2,0.7,12,13,30.6,2.96,Medium
STU_10629,Computer Science,Desktop,9,28.5,0.549,9,67.1,0.76,13,11,64.4,2.68,Medium
STU_10630,Business & Management,Mobile,6,15.8,0.448,9,51.0,0.413,6,19,51.8,2.77,Low
STU_10631,Engineering,Laptop,16,34.8,0.656,13,73.4,0.631,15,11,72.4,3.39,High
STU_10632,Data Science,Desktop,8,27.2,0.45,11,67.1,0.774,13,12,37.5,2.38,Medium
STU_10633,Data Science,Laptop,12,16.6,0.428,8,65.6,0.611,8,21,45.4,2.55,Medium
STU_10634,Computer Science,Laptop,13,34.2,0.792,11,65.9,0.702,17,11,21.6,3.16,High
STU_10635,Data Science,Desktop,8,24.0,0.567,8,65.9,0.477,9,16,55.1,3.27,Medium
STU_10636,Data Science,Mobile,8,32.3,0.625,11,67.5,0.476,12,14,47.9,2.64,Medium
STU_10637,Computer Science,Laptop,8,11.8,0.193,3,41.9,0.478,6,21,5.8,1.86,Low
STU_10638,Computer Science,Laptop,18,50.5,0.948,14,78.1,0.819,21,2,75.4,3.66,High
STU_10639,Data Science,Laptop,7,19.5,0.294,6,59.9,0.359,5,16,24.8,2.12,Low
STU_10640,Computer Science,Laptop,6,22.2,0.41,9,65.2,0.546,9,13,32.2,2.62,Medium
STU_10641,Data Science,Mobile,5,14.0,0.702,7,57.6,0.353,4,15,34.4,,Low
STU_10642,Computer Science,Desktop,7,23.8,0.34,6,55.5,0.443,10,17,47.4,2.89,Low
STU_10643,Data Science,Desktop,11,30.9,0.631,9,46.9,0.561,11,16,50.7,3.2,Medium
STU_10644,Computer Science,Mobile,2,9.1,0.364,4,28.5,0.37,4,25,5.0,1.94,Low
STU_10645,Engineering,Laptop,11,41.7,0.898,12,73.8,0.662,16,10,61.6,3.76,High
STU_10646,Business & Management,Desktop,19,37.1,0.676,11,55.7,0.514,12,8,37.8,,Medium
STU_10647,Business & Management,Laptop,4,13.3,0.387,11,65.1,0.362,6,19,38.5,2.63,Low
STU_10648,Engineering,Desktop,7,11.4,0.255,6,44.5,0.559,5,20,33.0,2.23,Low
STU_10649,Data Science,Tablet,8,28.7,0.721,8,67.4,0.61,16,16,46.9,2.85,Medium
STU_10650,Computer Science,Mobile,8,26.7,0.679,11,86.4,0.731,14,11,50.2,3.57,Medium
STU_10651,Data Science,Laptop,9,21.0,0.537,11,67.3,0.472,12,21,14.4,2.68,Medium
STU_10652,Business & Management,Mobile,9,24.4,0.483,9,,0.494,8,16,56.2,2.75,Medium
STU_10653,Business & Management,Laptop,7,10.7,0.391,3,48.4,0.477,3,23,25.7,2.08,Low
STU_10654,Data Science,Laptop,18,39.5,0.741,12,73.9,0.833,22,10,66.0,3.55,High
STU_10655,Computer Science,Laptop,10,31.3,0.586,8,71.0,0.755,12,14,46.7,2.88,Medium
STU_10656,Computer Science,Laptop,10,31.2,0.806,10,70.4,0.842,14,7,26.5,3.02,High
STU_10657,Data Science,Desktop,9,13.8,0.353,7,47.0,0.523,8,17,35.6,2.79,Low
STU_10658,Business & Management,Desktop,10,24.8,0.433,7,62.7,0.435,15,25,29.4,2.65,Medium
STU_10659,Business & Management,Mobile,2,11.3,0.466,4,53.5,0.373,3,21,24.4,1.93,Low
STU_10660,Data Science,Desktop,13,39.9,0.708,12,60.9,0.813,12,13,42.3,3.22,Medium
STU_10661,Humanities & Social Sciences,Desktop,15,34.0,0.757,13,82.5,0.809,14,6,40.3,3.12,High
STU_10662,Business & Management,Laptop,10,35.0,0.567,8,63.7,0.708,13,14,36.7,2.58,Medium
STU_10663,Computer Science,Laptop,15,28.6,0.515,11,71.3,0.802,13,15,48.2,2.88,Medium
STU_10664,Computer Science,Desktop,14,31.3,0.725,13,55.0,0.756,13,7,46.0,3.29,High
STU_10665,Computer Science,Laptop,14,32.6,0.887,14,62.0,0.622,17,10,48.1,2.9,High
STU_10666,Computer Science,Mobile,14,40.3,0.731,15,61.2,0.725,16,10,53.7,2.94,High
STU_10667,Computer Science,Laptop,9,10.4,0.365,4,69.7,0.3,3,21,20.0,2.31,Low
STU_10668,Computer Science,Laptop,11,23.1,0.554,7,79.3,0.503,9,22,20.0,2.58,Medium
STU_10669,Computer Science,Laptop,12,26.2,0.514,12,51.1,0.642,11,12,45.2,2.66,Medium
STU_10670,Computer Science,Laptop,6,28.1,0.478,10,47.8,0.561,10,13,39.2,3.05,Medium
STU_10671,Engineering,Laptop,9,16.7,0.323,9,51.3,0.415,7,16,24.7,2.45,Low
STU_10672,Computer Science,Desktop,15,39.9,0.779,12,81.2,0.562,13,17,62.6,2.74,Medium
STU_10673,Data Science,Laptop,1,15.6,0.5,7,61.8,0.324,10,17,33.1,2.67,Low
STU_10674,Data Science,Desktop,12,23.7,0.742,8,86.3,0.808,18,14,50.7,3.21,High
STU_10675,Humanities & Social Sciences,Laptop,8,27.6,0.494,8,58.2,0.667,15,8,28.6,2.89,Medium
STU_10676,Computer Science,Laptop,6,15.2,0.476,9,47.7,0.48,6,18,22.6,2.7,Low
STU_10677,Data Science,Laptop,7,24.3,0.641,8,62.0,0.265,12,14,36.4,2.97,Medium
STU_10678,Humanities & Social Sciences,Mobile,13,33.1,0.852,10,71.1,0.625,15,10,38.6,3.1,High
STU_10679,Engineering,Laptop,12,15.0,0.556,9,56.8,0.538,10,16,12.2,2.47,Medium
STU_10680,Engineering,Mobile,11,31.2,0.611,14,70.4,0.748,16,7,65.7,2.86,Medium
STU_10681,Computer Science,Laptop,14,33.1,0.567,13,84.7,0.578,18,12,37.9,2.92,Medium
STU_10682,Computer Science,Mobile,3,16.5,0.226,6,49.4,0.422,4,25,22.3,1.81,Low
STU_10683,Business & Management,Laptop,7,12.8,0.42,6,38.1,0.347,6,21,26.7,1.93,Low
STU_10684,Humanities & Social Sciences,Desktop,8,23.9,0.595,7,53.5,0.589,9,12,30.9,2.98,Medium
STU_10685,Business & Management,Desktop,7,10.1,0.393,5,56.9,0.392,5,16,13.1,2.64,Low
STU_10686,Business & Management,Mobile,19,46.2,1.0,14,92.6,0.904,20,4,83.3,3.75,High
STU_10687,Computer Science,Laptop,16,38.3,0.68,12,80.2,0.693,14,5,50.7,3.73,High
STU_10688,Engineering,Laptop,3,23.5,0.578,8,45.8,0.621,13,15,47.2,2.88,Medium
STU_10689,Computer Science,Laptop,6,23.2,0.584,8,47.3,0.59,13,18,57.3,2.78,Medium
STU_10690,Data Science,Mobile,10,18.7,0.547,11,59.3,0.422,10,16,23.9,2.33,Medium
STU_10691,Data Science,Desktop,9,27.3,0.787,12,78.0,0.765,15,6,65.4,3.14,High
STU_10692,Data Science,Mobile,9,28.8,0.665,10,55.4,0.589,10,14,43.6,3.12,Medium
STU_10693,Computer Science,Laptop,10,27.4,0.615,12,77.3,0.68,13,16,32.7,3.03,Medium
STU_10694,Computer Science,Laptop,12,39.3,0.666,11,79.0,0.719,14,7,61.1,3.82,High
STU_10695,Business & Management,Laptop,7,19.4,0.512,7,53.3,0.403,8,13,37.7,2.65,Medium
STU_10696,Computer Science,Tablet,5,8.8,0.367,7,72.4,0.308,7,20,16.5,1.5,Low
STU_10697,Business & Management,Desktop,18,38.8,0.796,12,73.4,0.959,17,12,,3.47,High
STU_10698,Computer Science,Tablet,10,35.2,0.685,14,66.4,0.645,14,8,55.2,2.33,Medium
STU_10699,Data Science,Laptop,12,32.0,0.656,10,67.2,0.787,13,9,39.1,2.97,Medium
STU_10700,Data Science,Desktop,12,38.8,0.657,12,74.3,0.588,14,5,59.7,3.49,Medium
STU_10701,Computer Science,Desktop,8,31.2,0.876,17,63.9,0.76,16,7,53.1,3.71,High
STU_10702,Data Science,Laptop,8,18.6,0.466,10,62.4,0.318,6,17,20.4,2.26,Low
STU_10703,Computer Science,Mobile,8,13.7,0.318,4,57.9,0.397,5,19,24.2,2.48,Low
STU_10704,Computer Science,Tablet,18,43.9,0.742,12,83.8,0.705,16,0,65.0,3.83,High
STU_10705,Humanities & Social Sciences,Mobile,9,28.5,0.595,12,61.1,0.51,11,12,34.1,2.94,Medium
STU_10706,Data Science,Desktop,1,14.5,0.209,5,38.7,0.184,2,28,5.0,1.91,Low
STU_10707,Engineering,Laptop,13,26.3,0.703,12,75.2,0.644,13,11,34.1,3.62,Medium
STU_10708,Computer Science,Laptop,8,15.9,0.277,4,53.4,0.221,6,18,12.9,2.71,Low
STU_10709,Business & Management,Tablet,9,22.2,0.516,6,51.1,0.362,8,14,43.4,2.68,Medium
STU_10710,Engineering,Laptop,11,27.5,0.533,10,44.0,0.571,9,11,46.6,2.34,Medium
STU_10711,Business & Management,Desktop,14,23.5,0.606,11,60.6,0.413,13,14,32.9,2.76,Medium
STU_10712,Data Science,Desktop,16,50.8,0.998,12,88.1,0.706,19,6,64.5,3.35,High
STU_10713,Data Science,Desktop,5,13.6,0.354,5,53.9,0.561,5,25,10.6,1.83,Low
STU_10714,Data Science,Tablet,17,28.5,0.624,9,57.3,0.84,14,8,44.4,3.52,High
STU_10715,Humanities & Social Sciences,Laptop,10,25.9,0.546,10,70.8,0.492,10,18,34.9,3.01,Medium
STU_10716,Engineering,Laptop,4,17.9,0.409,6,72.4,0.503,7,21,37.5,2.35,Low
STU_10717,Humanities & Social Sciences,Laptop,12,45.8,0.766,11,69.8,0.63,15,8,68.7,3.01,High
STU_10718,Computer Science,Laptop,10,34.2,0.684,10,65.9,0.561,12,10,35.2,2.86,Medium
STU_10719,Business & Management,Laptop,8,16.8,0.518,9,48.1,0.116,6,14,20.5,2.16,Low
STU_10720,Humanities & Social Sciences,Laptop,11,33.5,0.679,15,69.0,0.853,13,10,56.9,,Medium
STU_10721,Computer Science,Mobile,11,30.2,0.661,9,,0.638,10,13,26.2,2.64,Medium
STU_10722,Computer Science,Tablet,14,43.6,0.787,16,71.4,0.862,16,10,50.1,3.29,High
STU_10723,Business & Management,Laptop,8,21.5,0.66,14,73.4,0.74,13,11,62.7,2.92,Medium
STU_10724,Business & Management,Laptop,14,34.6,0.655,14,67.5,0.65,16,5,65.7,2.54,High
STU_10725,Engineering,Mobile,10,25.2,0.6,9,64.1,0.514,9,14,30.6,2.43,Medium
STU_10726,Computer Science,Laptop,18,36.6,0.793,12,78.4,0.82,26,7,54.2,3.79,High
STU_10727,Engineering,Laptop,9,30.1,0.42,10,71.3,0.732,16,13,51.8,2.76,Medium
STU_10728,Computer Science,Laptop,2,19.4,0.435,2,55.3,0.336,4,24,33.7,2.34,Low
STU_10729,Computer Science,Desktop,12,30.0,0.629,11,68.6,0.798,13,11,41.7,3.05,Medium
STU_10730,Computer Science,Laptop,17,37.2,0.872,12,68.9,0.605,18,14,43.6,3.25,High
STU_10731,Engineering,Tablet,9,30.6,0.512,11,67.5,0.386,9,13,45.5,2.53,Medium
STU_10732,Business & Management,Laptop,10,18.1,0.681,6,51.4,0.412,8,15,40.6,3.16,Medium
STU_10733,Data Science,Desktop,10,20.3,0.55,8,69.1,0.588,10,19,44.4,3.19,Medium
STU_10734,Data Science,Laptop,1,13.7,0.203,5,42.1,0.483,4,17,44.6,2.39,Low
STU_10735,Engineering,Desktop,17,35.9,0.747,12,77.3,0.697,14,9,60.0,3.35,High
STU_10736,Data Science,Desktop,14,23.6,0.7,9,58.1,0.478,16,13,32.9,2.55,Medium
STU_10737,Engineering,Mobile,20,44.8,1.0,13,95.2,0.875,19,3,73.0,3.85,High
STU_10738,Data Science,Mobile,14,39.6,0.714,14,63.9,0.865,19,10,48.6,3.23,High
STU_10739,Data Science,Desktop,11,24.3,0.506,8,61.0,0.56,9,16,39.1,2.55,Medium
STU_10740,Data Science,Mobile,10,17.0,0.389,10,43.5,0.506,9,17,43.9,2.3,Medium
STU_10741,Data Science,Mobile,18,34.3,0.683,14,84.1,0.718,16,10,65.2,3.5,High
STU_10742,Business & Management,Mobile,17,36.5,0.517,12,89.1,0.721,15,10,21.3,2.85,High
STU_10743,Data Science,Laptop,7,9.8,0.515,7,43.2,0.685,10,16,24.4,2.38,Medium
STU_10744,Computer Science,Laptop,4,18.0,0.485,8,58.0,0.592,7,15,26.5,2.59,Medium
STU_10745,Engineering,Laptop,17,36.1,0.698,15,77.9,1.0,17,8,63.1,3.41,High
STU_10746,Data Science,Desktop,13,33.9,0.71,11,73.8,0.947,19,10,39.0,3.18,High
STU_10747,Data Science,Laptop,13,21.3,0.675,11,79.3,0.73,11,13,41.2,3.26,Medium
STU_10748,Humanities & Social Sciences,Laptop,14,31.3,0.542,11,68.2,0.549,10,6,43.3,3.08,Medium
STU_10749,Business & Management,Mobile,15,37.3,0.76,20,70.9,0.867,16,9,39.7,3.38,High
STU_10750,Computer Science,Mobile,15,21.3,0.628,11,54.3,0.728,10,19,37.1,2.6,Medium
STU_10751,Humanities & Social Sciences,Mobile,6,26.9,0.528,8,59.8,0.626,11,16,53.8,2.4,Medium
STU_10752,Business & Management,Laptop,9,16.7,0.356,7,50.3,0.451,9,19,19.9,2.59,Low
STU_10753,Data Science,Desktop,5,19.6,0.378,5,61.9,0.598,8,20,34.4,2.43,Low
STU_10754,Computer Science,Laptop,6,22.9,0.607,9,70.7,0.446,10,13,43.4,2.99,Medium
STU_10755,Engineering,Laptop,19,45.9,0.997,15,99.2,0.935,20,0,50.4,3.68,High
STU_10756,Business & Management,Laptop,9,32.3,0.778,13,64.7,0.726,14,13,44.8,3.34,Medium
STU_10757,Data Science,Laptop,13,29.5,0.679,14,,0.691,15,13,52.4,3.03,High
STU_10758,Engineering,Laptop,7,12.4,0.464,5,69.0,0.507,6,15,46.4,2.33,Medium
STU_10759,Engineering,Mobile,16,33.8,0.567,13,59.0,0.748,13,13,47.5,3.24,Medium
STU_10760,Computer Science,Laptop,8,30.1,0.65,10,63.7,0.699,17,13,52.9,3.04,Medium
STU_10761,Data Science,Desktop,12,25.5,0.774,10,61.1,0.54,13,14,,2.91,Medium
STU_10762,Computer Science,Desktop,15,38.4,0.746,12,83.0,0.709,16,8,61.1,3.24,High
STU_10763,Business & Management,Laptop,20,42.9,0.9,18,93.9,0.824,17,6,75.5,3.51,High
STU_10764,Computer Science,Desktop,9,27.2,0.635,8,46.4,0.421,11,12,21.3,2.7,Medium
STU_10765,Business & Management,Laptop,10,33.2,0.757,13,64.8,0.82,12,20,53.5,3.15,Medium
STU_10766,Engineering,Desktop,13,31.5,0.693,16,88.6,0.841,18,3,67.2,3.75,High
STU_10767,Engineering,Laptop,15,37.3,0.81,17,76.0,0.879,20,0,65.7,3.42,High
STU_10768,Data Science,Laptop,15,41.2,0.88,10,78.8,0.625,14,11,55.6,2.96,High
STU_10769,Engineering,Laptop,19,37.1,0.864,12,80.8,0.762,14,9,66.7,3.38,High
STU_10770,Computer Science,Desktop,11,35.3,0.721,8,76.5,0.673,14,13,33.8,3.01,Medium
STU_10771,Engineering,Mobile,15,31.1,0.738,17,77.7,0.635,16,2,56.2,3.52,High
STU_10772,Computer Science,Laptop,6,23.6,0.51,12,57.1,0.648,10,9,54.2,2.96,Medium
STU_10773,Data Science,Desktop,13,30.3,0.563,9,,0.559,15,9,45.9,,Medium
STU_10774,Engineering,Desktop,11,34.0,0.452,10,58.1,0.456,9,17,32.8,3.05,Medium
STU_10775,Computer Science,Tablet,11,36.7,0.824,11,76.1,0.838,16,4,48.2,3.03,High
STU_10776,Computer Science,Mobile,7,16.3,0.433,6,35.7,0.609,8,19,36.3,2.57,Low
STU_10777,Business & Management,Desktop,14,24.9,0.777,13,73.8,0.69,13,10,67.3,3.26,High
STU_10778,Business & Management,Desktop,1,29.8,0.606,8,74.3,0.414,10,16,62.4,2.68,Medium
STU_10779,Business & Management,Mobile,13,22.5,0.484,7,61.9,0.664,10,15,58.0,2.46,Medium
STU_10780,Business & Management,Laptop,18,46.1,1.0,16,81.3,0.865,19,5,61.7,3.8,High
STU_10781,Data Science,Laptop,16,38.7,0.795,12,74.3,0.733,14,9,45.0,3.16,High
STU_10782,Computer Science,Laptop,6,16.5,0.406,6,59.6,0.612,7,21,14.3,2.62,Low
STU_10783,Data Science,Mobile,9,36.7,0.711,12,82.5,0.785,22,10,59.1,3.34,High
STU_10784,Computer Science,Mobile,16,33.3,0.675,13,73.5,0.691,15,12,91.2,3.68,High
STU_10785,Humanities & Social Sciences,Laptop,12,26.8,0.735,9,67.1,0.494,12,10,51.8,3.09,Medium
STU_10786,Business & Management,Desktop,15,42.9,0.863,11,64.6,0.735,19,11,63.4,2.72,High
STU_10787,Data Science,Desktop,14,28.5,0.495,12,67.2,0.673,11,11,46.6,3.02,Medium
STU_10788,Data Science,Laptop,11,24.1,0.452,10,48.1,0.579,9,15,44.4,2.77,Medium
STU_10789,Humanities & Social Sciences,Tablet,14,23.6,0.51,11,53.9,0.391,8,10,30.1,2.18,Medium
STU_10790,Computer Science,Laptop,13,33.2,0.625,9,,0.584,18,9,53.0,3.47,Medium
STU_10791,Business & Management,Laptop,12,29.3,0.704,12,83.1,0.429,15,7,52.1,2.43,Medium
STU_10792,Data Science,Desktop,9,22.5,0.525,9,66.3,0.594,11,9,47.2,2.97,Medium
STU_10793,Business & Management,Desktop,11,22.6,0.626,7,71.9,0.372,10,12,40.0,2.29,Medium
STU_10794,Computer Science,Laptop,10,16.0,0.322,8,41.0,0.426,6,19,40.3,2.89,Low
STU_10795,Engineering,Desktop,6,26.6,0.509,7,76.7,0.469,10,17,30.5,2.96,Medium
STU_10796,Humanities & Social Sciences,Desktop,10,30.6,0.629,9,55.6,0.642,10,9,55.9,3.28,Medium
STU_10797,Business & Management,Laptop,14,29.1,0.63,9,63.6,0.58,18,20,51.7,2.91,Medium
STU_10798,Business & Management,Laptop,5,13.8,0.356,10,45.3,0.334,8,22,24.9,2.51,Low
STU_10799,Humanities & Social Sciences,Desktop,18,41.5,0.624,16,82.1,0.816,20,13,55.4,3.32,High
STU_10800,Business & Management,Laptop,18,44.5,0.888,14,82.0,0.904,18,9,50.1,2.99,High
STU_10801,Computer Science,Tablet,11,24.2,0.661,12,68.9,0.541,8,21,23.4,3.32,Medium
STU_10802,Business & Management,Mobile,11,28.1,0.698,13,91.7,0.326,13,12,45.7,2.92,Medium
STU_10803,Business & Management,Tablet,6,26.4,0.7,9,63.7,0.701,8,15,35.7,2.67,Medium
STU_10804,Data Science,Laptop,9,24.9,0.673,6,56.9,0.556,10,17,39.0,2.4,Medium
STU_10805,Business & Management,Tablet,1,11.4,0.173,6,56.7,0.403,5,16,39.4,1.78,Low
STU_10806,Humanities & Social Sciences,Laptop,8,27.3,0.558,8,44.1,0.449,12,15,32.1,2.72,Medium
STU_10807,Humanities & Social Sciences,Laptop,13,34.2,0.685,12,64.8,0.577,12,11,43.7,3.21,Medium
STU_10808,Data Science,Laptop,14,20.6,0.607,8,59.8,0.504,12,17,40.2,3.32,Medium
STU_10809,Computer Science,Laptop,12,26.3,0.624,8,61.8,0.791,12,14,33.2,3.18,Medium
STU_10810,Humanities & Social Sciences,Desktop,17,30.8,0.933,16,,0.722,16,7,76.6,3.38,High
STU_10811,Engineering,Desktop,14,29.7,0.569,9,71.9,0.603,12,9,67.3,2.91,Medium
STU_10812,Computer Science,Laptop,6,19.2,0.488,8,56.5,0.667,11,14,44.3,,Medium
STU_10813,Humanities & Social Sciences,Desktop,14,34.9,0.978,12,72.2,0.682,15,9,66.3,3.13,High
STU_10814,Engineering,Laptop,15,27.2,0.467,6,72.0,0.522,8,13,36.3,2.77,Medium
STU_10815,Data Science,Desktop,17,41.7,0.836,13,78.8,0.717,18,0,74.4,3.3,High
STU_10816,Business & Management,Laptop,13,23.8,0.76,9,71.3,0.753,14,14,56.4,2.63,High
STU_10817,Data Science,Mobile,9,16.4,0.502,6,50.1,0.35,8,17,26.2,2.44,Low
STU_10818,Computer Science,Mobile,6,16.2,0.663,9,58.3,0.521,9,13,56.9,2.84,Medium
STU_10819,Data Science,Desktop,12,27.8,0.644,9,59.7,0.288,13,13,46.6,2.92,Medium
STU_10820,Engineering,Laptop,17,30.4,0.736,16,66.2,0.783,16,5,60.9,,High
STU_10821,Computer Science,Laptop,10,20.8,0.44,9,54.2,0.525,9,18,28.7,2.45,Medium
STU_10822,Data Science,Mobile,4,18.5,0.528,5,35.2,0.366,6,17,31.1,,Low
STU_10823,Data Science,Laptop,4,18.3,0.353,6,55.1,0.256,6,16,43.8,2.45,Low
STU_10824,Data Science,Laptop,4,11.4,0.51,9,46.9,0.441,4,17,5.0,1.84,Low
STU_10825,Humanities & Social Sciences,Laptop,13,32.1,0.66,13,79.7,0.479,15,11,55.0,3.34,Medium
STU_10826,Data Science,Desktop,12,19.5,0.501,10,54.4,0.377,12,15,48.8,2.34,Medium
STU_10827,Data Science,Desktop,18,33.5,0.612,14,69.3,0.667,14,8,54.4,3.02,High
STU_10828,Business & Management,Mobile,18,48.3,0.675,14,86.1,0.863,14,9,33.5,3.42,High
STU_10829,Data Science,Laptop,12,30.8,0.565,11,68.5,0.532,9,16,23.3,3.01,Medium
STU_10830,Computer Science,Laptop,13,38.5,0.83,13,78.2,0.797,15,10,58.4,3.52,High
STU_10831,Data Science,Mobile,3,11.0,0.154,4,36.7,0.266,3,21,5.0,2.36,Low
STU_10832,Computer Science,Mobile,13,27.3,0.654,9,74.4,0.59,16,9,82.2,3.82,Medium
STU_10833,Computer Science,Laptop,13,33.6,0.774,13,72.8,0.833,15,6,73.0,2.96,High
STU_10834,Data Science,Desktop,11,26.0,0.542,10,57.0,0.677,9,15,28.6,2.88,Medium
STU_10835,Data Science,Laptop,11,20.0,0.639,8,71.0,0.627,8,18,48.3,2.87,Medium
STU_10836,Humanities & Social Sciences,Tablet,18,44.9,0.904,15,93.5,0.876,22,7,71.4,3.56,High
STU_10837,Data Science,Laptop,10,24.3,0.39,7,46.5,0.486,7,16,28.1,2.38,Medium
STU_10838,Business & Management,Tablet,9,29.8,0.644,9,81.5,0.472,12,11,58.1,3.1,Medium
STU_10839,Business & Management,Desktop,10,20.1,0.391,8,55.5,0.422,8,19,9.6,2.73,Medium
STU_10840,Computer Science,Desktop,8,16.5,0.421,9,67.3,0.462,8,11,35.2,3.1,Medium
STU_10841,Business & Management,Laptop,5,21.4,0.451,6,71.4,0.465,13,16,26.6,2.68,Medium
STU_10842,Computer Science,Desktop,19,38.5,0.946,16,80.9,0.92,17,10,87.4,2.95,High
STU_10843,Humanities & Social Sciences,Laptop,11,18.0,0.38,8,58.7,0.445,9,20,23.1,2.82,Medium
STU_10844,Computer Science,Laptop,9,23.7,0.564,6,63.0,0.231,7,17,43.0,2.47,Medium
STU_10845,Data Science,Desktop,13,37.0,0.556,9,85.3,0.811,14,9,,3.06,High
STU_10846,Computer Science,Tablet,12,25.4,0.682,10,64.9,0.506,14,12,57.4,2.55,Medium
STU_10847,Humanities & Social Sciences,Desktop,9,20.6,0.49,9,66.4,0.434,11,16,32.8,2.73,Medium
STU_10848,Data Science,Desktop,6,18.7,0.477,9,51.4,0.572,8,22,22.5,3.25,Low
STU_10849,Business & Management,Laptop,8,24.0,0.678,8,53.1,0.568,12,15,46.3,3.27,Medium
STU_10850,Computer Science,Laptop,8,18.4,0.443,9,51.6,0.5,7,19,46.4,2.28,Low
STU_10851,Business & Management,Laptop,14,27.6,0.859,10,66.1,0.735,19,9,60.0,3.1,High
STU_10852,Computer Science,Desktop,13,35.7,0.732,16,79.9,0.7,15,9,34.4,3.42,High
STU_10853,Engineering,Tablet,14,32.2,0.753,8,67.8,0.623,12,11,30.0,2.97,Medium
STU_10854,Computer Science,Desktop,11,30.5,0.839,10,60.3,0.624,11,16,38.2,2.31,Medium
STU_10855,Computer Science,Laptop,11,20.9,0.536,12,53.9,0.789,9,19,29.5,2.63,Medium
STU_10856,Computer Science,Laptop,10,21.5,0.568,11,59.8,0.71,13,11,32.5,3.26,Medium
STU_10857,Data Science,Desktop,15,26.3,0.738,14,71.7,0.674,11,7,37.6,3.3,High
STU_10858,Business & Management,Laptop,3,6.6,0.383,4,33.5,0.319,1,23,23.9,2.0,Low
STU_10859,Computer Science,Mobile,14,19.5,0.466,8,55.6,0.653,11,20,31.8,2.52,Medium
STU_10860,Engineering,Mobile,12,26.7,0.626,7,61.9,0.702,10,11,31.2,2.22,Medium
STU_10861,Data Science,Desktop,10,32.3,0.601,9,65.9,0.707,10,15,31.2,2.79,Medium
STU_10862,Data Science,Laptop,15,45.0,0.934,13,99.1,0.988,18,2,71.3,3.36,High
STU_10863,Data Science,Laptop,4,28.0,0.502,10,50.9,0.562,7,16,33.8,2.04,Low
STU_10864,Data Science,Laptop,5,23.1,0.434,6,57.3,0.515,8,15,23.8,2.23,Low
STU_10865,Business & Management,Laptop,8,31.9,0.587,9,62.2,0.54,11,14,49.4,2.41,Medium
STU_10866,Computer Science,Laptop,14,29.4,0.719,14,67.6,0.898,13,11,62.9,3.16,High
STU_10867,Computer Science,Desktop,9,28.0,0.58,10,63.4,0.574,9,16,51.7,3.29,Medium
STU_10868,Engineering,Desktop,6,12.7,0.49,5,66.8,0.293,5,18,26.3,2.33,Low
STU_10869,Humanities & Social Sciences,Laptop,11,12.9,0.559,7,55.6,0.522,7,13,23.6,2.66,Medium
STU_10870,Data Science,Laptop,16,45.4,0.98,13,77.6,0.774,16,3,58.2,4.0,High
STU_10871,Computer Science,Laptop,17,29.2,0.807,10,64.7,0.55,12,15,40.3,2.44,Medium
STU_10872,Business & Management,Laptop,7,21.7,0.651,9,67.0,0.487,10,11,11.3,2.89,Medium
STU_10873,Data Science,Mobile,10,23.2,0.529,9,53.0,0.569,12,16,38.6,3.14,Medium
STU_10874,Computer Science,Laptop,10,25.8,0.724,9,67.8,0.64,11,7,21.2,3.05,Medium
STU_10875,Computer Science,Laptop,10,16.1,0.514,6,,0.329,8,22,24.7,2.07,Medium
STU_10876,Business & Management,Laptop,6,27.4,0.542,11,58.3,0.579,10,21,39.1,3.51,Medium
STU_10877,Business & Management,Mobile,1,18.5,0.189,4,61.6,0.452,5,22,42.2,2.51,Low
STU_10878,Computer Science,Desktop,7,16.4,0.385,6,69.7,0.214,9,16,19.6,2.64,Low
STU_10879,Computer Science,Laptop,20,48.0,0.693,11,100.0,0.791,18,11,66.3,3.04,High
STU_10880,Computer Science,Desktop,8,21.2,0.336,6,59.3,0.452,6,16,28.2,3.2,Low
STU_10881,Business & Management,Desktop,1,8.0,0.33,7,45.3,0.339,1,23,22.5,2.23,Low
STU_10882,Computer Science,Tablet,1,13.5,0.288,4,45.4,0.315,6,13,,,Low
STU_10883,Computer Science,Laptop,10,13.4,0.261,4,49.9,0.341,5,20,7.2,2.51,Low
STU_10884,Engineering,Mobile,10,34.6,0.619,11,75.5,0.692,11,16,48.9,3.27,Medium
STU_10885,Computer Science,Tablet,12,38.2,0.714,12,74.5,0.726,19,7,56.5,3.27,High
STU_10886,Business & Management,Mobile,8,4.0,0.123,8,45.0,0.515,5,20,24.8,2.19,Low
STU_10887,Computer Science,Desktop,18,40.0,0.701,12,82.6,0.838,18,6,56.5,2.68,High
STU_10888,Computer Science,Desktop,16,34.1,0.86,10,63.2,0.736,12,17,45.4,2.8,High
STU_10889,Computer Science,Laptop,8,24.5,0.745,9,77.1,0.578,10,15,52.2,3.42,Medium
STU_10890,Business & Management,Mobile,2,16.0,0.336,6,51.7,0.601,6,19,37.5,2.17,Low
STU_10891,Engineering,Desktop,13,29.0,0.667,10,76.3,0.605,14,10,40.6,2.97,Medium
STU_10892,Engineering,Desktop,16,32.1,0.74,13,69.0,0.643,15,11,56.7,2.96,High
STU_10893,Data Science,Laptop,17,33.1,0.77,15,77.7,0.774,17,5,46.3,3.52,High
STU_10894,Business & Management,Desktop,13,17.9,0.662,9,57.6,0.519,11,18,47.1,2.68,Medium
STU_10895,Computer Science,Mobile,11,39.8,0.654,11,72.5,0.735,15,8,63.3,3.2,High
STU_10896,Computer Science,Laptop,10,8.5,0.432,8,44.8,0.658,8,21,50.0,2.3,Medium
STU_10897,Engineering,Mobile,7,20.9,0.546,10,,0.459,9,14,48.6,2.87,Medium
STU_10898,Computer Science,Desktop,15,30.0,0.726,13,75.6,0.681,14,13,54.6,3.57,High
STU_10899,Computer Science,Mobile,14,36.8,0.759,12,63.8,0.599,15,10,89.9,2.81,High
STU_10900,Computer Science,Laptop,6,13.5,0.437,11,55.7,0.686,9,16,40.3,2.54,Medium
STU_10901,Computer Science,Laptop,5,17.6,0.549,6,50.3,0.189,5,23,36.4,2.39,Low
STU_10902,Computer Science,Mobile,10,28.8,0.845,9,75.7,0.714,16,14,31.8,2.93,High
STU_10903,Business & Management,Laptop,14,39.7,0.655,13,72.2,0.585,15,7,64.9,3.55,High
STU_10904,Data Science,Mobile,11,30.6,0.95,11,81.0,0.548,14,8,81.4,3.47,High
STU_10905,Engineering,Desktop,7,11.4,0.349,3,56.2,0.267,8,20,27.5,2.34,Low
STU_10906,Engineering,Desktop,20,45.5,0.987,13,100.0,0.769,18,3,78.3,3.41,High
STU_10907,Data Science,Laptop,16,30.4,0.742,10,47.1,0.657,12,15,60.9,3.32,Medium
STU_10908,Computer Science,Desktop,13,31.4,0.789,11,81.5,0.531,13,12,71.6,2.96,Medium
STU_10909,Data Science,Laptop,17,37.1,0.758,12,84.7,0.88,22,5,67.4,3.65,High
STU_10910,Business & Management,Laptop,19,40.7,0.718,12,76.6,0.918,18,5,41.8,4.0,High
STU_10911,Computer Science,Laptop,15,42.8,1.0,15,77.6,0.974,19,7,65.7,3.44,High
STU_10912,Business & Management,Laptop,4,16.7,0.535,7,55.6,0.327,7,19,44.1,2.64,Low
STU_10913,Data Science,Tablet,17,43.7,0.774,12,83.4,0.747,17,11,72.7,3.27,High
STU_10914,Business & Management,Tablet,9,36.3,0.646,11,64.6,0.614,12,12,48.5,3.37,Medium
STU_10915,Data Science,Laptop,15,25.8,0.465,10,45.6,0.474,10,15,34.6,2.78,Medium
STU_10916,Computer Science,Desktop,13,27.6,0.636,7,56.3,0.624,9,14,35.8,2.38,Medium
STU_10917,Humanities & Social Sciences,Laptop,19,33.5,0.716,11,68.6,0.715,13,8,50.4,2.9,High
STU_10918,Engineering,Desktop,11,22.7,0.55,11,69.0,0.491,12,13,45.2,3.45,Medium
STU_10919,Computer Science,Mobile,15,30.3,0.82,9,61.0,0.665,16,9,59.5,3.07,High
STU_10920,Engineering,Tablet,11,31.0,0.689,13,73.2,0.631,11,11,52.4,2.66,Medium
STU_10921,Data Science,Laptop,11,25.4,0.571,9,47.6,0.491,12,18,31.9,2.72,Medium
STU_10922,Engineering,Mobile,13,50.7,0.773,12,82.0,0.715,15,3,46.9,3.22,High
STU_10923,Engineering,Laptop,11,48.0,0.854,15,88.4,0.747,18,0,71.7,3.51,High
STU_10924,Data Science,Tablet,8,21.4,0.551,10,62.2,0.653,13,11,39.6,,Medium
STU_10925,Computer Science,Laptop,9,29.3,0.784,11,70.8,0.557,14,13,70.8,,Medium
STU_10926,Computer Science,Desktop,17,42.1,0.77,10,77.4,0.756,18,11,63.3,3.13,High
STU_10927,Data Science,Desktop,19,34.3,0.836,11,68.3,0.743,15,12,59.3,3.02,High
STU_10928,Business & Management,Desktop,16,48.2,0.92,14,90.5,0.833,24,0,,3.18,High
STU_10929,Computer Science,Laptop,16,28.2,0.626,11,,0.722,13,12,34.9,3.66,High
STU_10930,Computer Science,Tablet,7,17.9,0.296,7,61.3,0.281,5,16,23.8,2.82,Low
STU_10931,Engineering,Laptop,12,42.0,0.794,15,83.7,0.85,26,4,63.4,3.41,High
STU_10932,Humanities & Social Sciences,Desktop,6,13.5,0.461,10,43.5,0.352,6,14,9.7,2.72,Low
STU_10933,Data Science,Laptop,10,24.1,0.806,9,82.0,0.62,10,9,51.5,2.91,Medium
STU_10934,Computer Science,Laptop,12,25.8,0.668,8,70.7,0.549,9,22,41.6,2.55,Medium
STU_10935,Computer Science,Desktop,5,21.6,0.466,6,47.4,0.444,11,18,5.0,2.68,Low
STU_10936,Computer Science,Laptop,8,25.0,0.652,7,44.8,0.478,9,10,26.9,2.71,Medium
STU_10937,Humanities & Social Sciences,Laptop,10,31.8,0.606,11,56.3,0.568,12,7,38.3,3.43,Medium
STU_10938,Computer Science,Laptop,18,42.2,0.899,16,73.6,0.962,20,6,51.3,3.56,High
STU_10939,Business & Management,Laptop,14,34.3,0.74,13,76.4,0.67,17,9,61.6,3.77,High
STU_10940,Computer Science,Mobile,5,14.7,0.499,8,52.3,0.404,6,17,50.3,2.37,Low
STU_10941,Business & Management,Mobile,10,23.2,0.526,8,69.2,0.358,13,19,47.7,2.64,Medium
STU_10942,Business & Management,Laptop,16,26.5,0.588,10,61.7,0.524,11,11,52.0,3.33,Medium
STU_10943,Engineering,Laptop,5,14.1,0.256,3,47.6,0.453,6,22,17.7,2.78,Low
STU_10944,Computer Science,Laptop,5,16.3,0.578,8,57.6,0.529,7,19,41.0,2.62,Medium
STU_10945,Computer Science,Laptop,19,47.5,0.829,14,94.6,0.916,18,12,66.1,3.7,High
STU_10946,Computer Science,Desktop,18,43.7,0.9,14,67.6,0.872,22,12,68.5,3.69,High
STU_10947,Humanities & Social Sciences,Desktop,6,21.3,0.645,10,59.6,0.581,10,16,34.0,2.85,Medium
STU_10948,Engineering,Laptop,15,23.3,0.52,10,73.8,0.701,10,14,22.4,2.68,Medium
STU_10949,Business & Management,Laptop,11,30.8,0.57,10,68.2,0.543,13,13,59.1,3.71,Medium
STU_10950,Business & Management,Laptop,9,25.9,0.61,9,60.2,0.692,11,16,44.3,2.7,Medium
STU_10951,Business & Management,Mobile,10,26.2,0.501,12,54.4,0.466,9,9,38.3,2.95,Medium
STU_10952,Computer Science,Tablet,15,31.3,0.486,7,73.3,0.633,13,8,67.2,2.96,Medium
STU_10953,Humanities & Social Sciences,Laptop,5,28.7,0.449,8,56.2,0.451,10,18,27.6,1.98,Low
STU_10954,Data Science,Laptop,9,22.0,0.49,5,53.3,0.582,11,20,43.9,2.67,Medium
STU_10955,Data Science,Mobile,18,28.2,0.583,13,82.7,0.548,14,15,76.2,3.01,High
STU_10956,Data Science,Mobile,7,16.1,0.48,5,44.1,0.339,6,17,36.3,2.32,Low
STU_10957,Computer Science,Laptop,2,7.9,0.197,3,62.4,0.347,4,22,10.3,1.97,Low
STU_10958,Computer Science,Laptop,13,42.6,0.611,14,75.7,0.65,14,8,67.8,3.77,Medium
STU_10959,Business & Management,Laptop,13,38.9,0.721,9,69.1,0.583,12,17,43.1,2.71,Medium
STU_10960,Computer Science,Desktop,9,16.3,0.532,5,52.2,0.374,4,19,19.2,2.29,Low
STU_10961,Business & Management,Laptop,13,37.5,0.611,10,72.5,0.577,18,7,42.9,3.01,Medium
STU_10962,Computer Science,Laptop,18,40.6,0.86,17,73.7,0.801,20,7,80.7,3.07,High
STU_10963,Data Science,Desktop,1,10.7,0.318,9,47.8,0.352,3,21,15.8,2.4,Low
STU_10964,Computer Science,Laptop,7,20.3,0.702,11,59.7,0.43,10,13,32.9,3.0,Medium
STU_10965,Data Science,Mobile,6,17.7,0.491,6,58.3,0.477,6,20,47.3,2.37,Low
STU_10966,Business & Management,Laptop,15,25.3,0.539,8,87.2,0.64,11,13,27.6,2.67,Medium
STU_10967,Computer Science,Laptop,15,37.0,0.678,13,80.2,0.774,19,7,56.9,3.39,High
STU_10968,Business & Management,Desktop,12,27.3,0.766,9,63.4,0.613,12,11,36.9,3.03,Medium
STU_10969,Data Science,Laptop,8,25.8,0.64,7,56.8,0.488,9,16,39.7,2.48,Medium
STU_10970,Business & Management,Tablet,18,42.2,0.869,15,74.3,0.806,16,2,54.6,3.77,High
STU_10971,Humanities & Social Sciences,Desktop,11,32.1,0.586,10,67.2,0.678,13,14,32.7,3.51,Medium
STU_10972,Business & Management,Laptop,10,20.1,0.457,7,56.9,0.539,9,18,38.3,2.49,Medium
STU_10973,Computer Science,Desktop,11,38.5,0.816,15,,0.822,12,16,45.3,3.7,Medium
STU_10974,Computer Science,Laptop,20,38.0,0.73,15,85.0,0.897,16,9,69.3,3.24,High
STU_10975,Computer Science,Mobile,3,13.9,0.37,7,67.3,0.356,7,16,25.8,2.22,Low
STU_10976,Business & Management,Laptop,13,39.3,0.889,14,83.7,0.718,17,8,86.2,3.58,High
STU_10977,Computer Science,Desktop,13,27.9,0.616,10,57.4,0.759,12,13,41.1,,Medium
STU_10978,Data Science,Laptop,3,6.6,0.115,3,30.1,0.502,2,26,31.0,2.07,Low
STU_10979,Business & Management,Laptop,9,11.8,0.45,9,55.6,0.475,7,22,30.3,2.01,Low
STU_10980,Data Science,Mobile,14,28.6,0.824,13,,0.763,15,6,53.3,2.71,High
STU_10981,Engineering,Mobile,12,37.0,0.749,11,72.2,0.694,14,11,64.9,2.84,High
STU_10982,Computer Science,Laptop,20,45.6,0.93,13,76.4,0.837,22,7,49.4,3.38,High
STU_10983,Computer Science,Laptop,11,24.2,0.481,11,67.9,0.329,8,23,53.0,2.56,Medium
STU_10984,Business & Management,Mobile,21,40.0,0.828,13,81.8,0.786,18,8,73.8,3.4,High
STU_10985,Data Science,Tablet,16,37.7,0.794,16,92.0,0.92,18,4,75.7,3.45,High
STU_10986,Business & Management,Laptop,16,40.1,0.679,14,61.9,0.659,14,12,68.8,3.57,Medium
STU_10987,Data Science,Desktop,16,36.5,0.774,14,81.8,0.831,17,7,67.0,3.58,High
STU_10988,Computer Science,Laptop,8,16.6,0.442,8,34.0,0.442,12,22,35.2,2.24,Low
STU_10989,Engineering,Mobile,18,40.0,0.791,13,79.5,0.828,18,7,75.3,3.25,High
STU_10990,Engineering,Laptop,11,29.2,0.493,13,72.9,0.546,10,13,44.8,2.63,Medium
STU_10991,Business & Management,Laptop,7,28.3,0.686,9,51.1,0.687,12,16,43.8,2.83,Medium
STU_10992,Computer Science,Mobile,16,30.8,0.724,12,46.3,0.812,11,11,53.1,3.36,Medium
STU_10993,Business & Management,Laptop,7,12.7,0.392,7,56.8,0.329,5,11,27.1,2.6,Low
STU_10994,Data Science,Desktop,6,16.3,0.438,8,59.5,0.399,6,15,44.7,2.67,Low
STU_10995,Computer Science,Laptop,18,37.7,0.923,14,70.7,0.801,19,11,86.1,3.14,High
STU_10996,Humanities & Social Sciences,Laptop,1,2.9,0.264,2,50.5,0.394,3,25,13.6,2.28,Low
STU_10997,Computer Science,Laptop,18,37.2,0.76,10,71.7,0.658,15,6,60.0,3.2,High
STU_10998,Humanities & Social Sciences,Desktop,10,40.5,0.655,12,71.1,0.662,17,5,41.5,3.13,Medium
STU_10999,Data Science,Laptop,8,23.1,0.443,6,54.5,0.632,12,15,32.7,2.84,Medium
STU_11000,Computer Science,Desktop,14,34.2,0.721,15,59.4,0.803,13,13,50.9,3.45,Medium
STU_11001,Data Science,Mobile,11,18.3,0.654,9,66.2,0.404,8,15,32.0,3.38,Medium
STU_11002,Engineering,Mobile,8,24.4,0.463,11,47.6,0.677,10,10,46.5,2.35,Medium
STU_11003,Business & Management,Laptop,13,28.0,0.659,8,67.0,0.573,12,14,50.7,3.31,Medium
STU_11004,Engineering,Laptop,10,31.6,0.588,11,68.4,0.599,15,17,34.8,2.77,Medium
STU_11005,Business & Management,Laptop,11,23.4,0.632,11,57.3,0.601,11,18,55.6,2.68,Medium
STU_11006,Business & Management,Laptop,14,30.5,0.671,13,69.2,0.786,13,4,51.7,3.79,High
STU_11007,Engineering,Laptop,11,25.5,0.634,9,62.0,0.508,11,16,40.5,3.49,Medium
STU_11008,Computer Science,Desktop,6,19.5,0.515,8,78.3,0.516,11,15,30.1,2.73,Medium
STU_11009,Data Science,Laptop,9,22.6,0.773,11,72.0,0.491,12,12,25.9,2.64,Medium
STU_11010,Computer Science,Laptop,5,11.6,0.239,5,53.7,0.24,6,16,17.6,1.72,Low
STU_11011,Humanities & Social Sciences,Laptop,14,33.1,0.847,16,94.3,0.658,19,3,57.0,3.62,High
STU_11012,Humanities & Social Sciences,Desktop,13,18.6,0.684,11,75.4,0.617,13,8,64.8,2.55,Medium
STU_11013,Computer Science,Laptop,13,38.3,0.829,14,69.2,0.765,16,7,29.1,3.12,High
STU_11014,Business & Management,Desktop,6,14.7,0.611,7,45.3,0.466,11,16,59.2,2.39,Medium
STU_11015,Humanities & Social Sciences,Laptop,11,32.0,0.606,9,61.1,0.608,15,16,38.6,3.4,Medium
STU_11016,Computer Science,Mobile,16,42.1,0.75,13,82.5,0.641,17,6,59.7,4.0,High
STU_11017,Business & Management,Mobile,11,36.9,0.66,12,74.4,0.713,12,8,42.0,2.43,Medium
STU_11018,Humanities & Social Sciences,Laptop,14,35.5,0.653,11,63.6,0.491,13,8,42.8,3.08,Medium
STU_11019,Computer Science,Laptop,14,33.3,0.816,18,87.9,0.731,15,10,51.8,3.29,High
STU_11020,Business & Management,Laptop,11,32.3,0.687,10,59.6,0.851,14,7,52.2,3.12,High
STU_11021,Computer Science,Laptop,7,32.9,0.536,10,60.9,0.744,12,13,42.4,2.68,Medium
STU_11022,Humanities & Social Sciences,Desktop,21,31.0,0.856,14,79.1,0.608,17,12,76.5,3.75,High
STU_11023,Humanities & Social Sciences,Mobile,10,32.7,0.642,9,71.2,0.652,12,13,42.1,,Medium
STU_11024,Humanities & Social Sciences,Desktop,14,38.4,0.902,14,81.9,0.854,16,6,,3.95,High
STU_11025,Data Science,Mobile,15,32.9,0.876,11,73.7,0.666,14,7,60.6,2.97,High
STU_11026,Engineering,Laptop,7,16.4,0.103,4,,0.514,7,25,9.7,2.63,Low
STU_11027,Engineering,Laptop,16,37.6,0.734,13,73.1,0.541,16,6,47.4,3.52,High
STU_11028,Data Science,Desktop,12,35.8,0.605,13,,0.715,14,17,42.2,2.96,Medium
STU_11029,Engineering,Laptop,6,12.9,0.315,4,40.7,0.409,5,25,24.5,1.76,Low
STU_11030,Computer Science,Desktop,7,20.0,0.664,5,74.4,0.343,7,17,48.6,2.28,Medium
STU_11031,Business & Management,Laptop,6,16.3,0.477,5,51.5,0.5,5,15,39.4,2.08,Low
STU_11032,Computer Science,Laptop,12,26.1,0.695,12,70.3,0.517,11,13,34.4,3.2,Medium
STU_11033,Computer Science,Tablet,12,22.4,0.488,7,57.5,0.683,8,19,52.8,2.58,Medium
STU_11034,Computer Science,Laptop,8,16.6,0.641,7,70.4,0.443,9,16,21.8,2.99,Medium
STU_11035,Business & Management,Tablet,8,17.6,0.334,5,57.4,0.479,16,12,25.3,2.8,Medium
STU_11036,Data Science,Tablet,17,34.6,0.762,11,77.4,0.629,15,7,68.9,3.18,High
STU_11037,Business & Management,Mobile,10,18.0,0.342,5,47.1,0.424,11,19,45.2,2.56,Medium
STU_11038,Computer Science,Desktop,12,20.7,0.539,5,73.2,0.422,9,18,45.6,2.23,Medium
STU_11039,Data Science,Desktop,10,38.6,0.806,13,75.2,0.745,14,10,55.1,3.14,High
STU_11040,Data Science,Mobile,17,34.6,0.858,11,91.3,0.768,14,7,56.3,3.31,High
STU_11041,Engineering,Laptop,16,38.1,0.857,16,70.5,0.743,17,8,44.0,3.18,High
STU_11042,Data Science,Desktop,15,43.2,0.834,13,77.9,0.853,19,4,65.1,3.34,High
STU_11043,Business & Management,Desktop,6,11.2,0.412,5,44.9,0.275,4,20,18.4,2.65,Low
STU_11044,Engineering,Laptop,15,31.7,0.702,11,66.8,0.557,13,12,48.0,2.77,Medium
STU_11045,Business & Management,Laptop,2,14.6,0.231,6,52.3,0.458,7,21,50.1,2.4,Low
STU_11046,Computer Science,Laptop,12,28.7,0.753,7,47.1,0.533,11,10,49.5,3.25,Medium
STU_11047,Computer Science,Desktop,18,40.5,0.73,16,78.0,0.818,19,11,47.8,3.53,High
STU_11048,Engineering,Mobile,4,13.0,0.443,9,45.0,0.188,5,20,44.4,2.07,Low
STU_11049,Computer Science,Laptop,15,46.0,0.925,11,68.9,0.809,16,10,75.3,3.36,High
STU_11050,Engineering,Tablet,18,40.9,0.858,14,87.0,0.966,19,3,83.6,3.81,High
STU_11051,Data Science,Desktop,4,9.3,0.423,4,,0.433,6,18,23.9,2.35,Low
STU_11052,Humanities & Social Sciences,Mobile,10,33.0,0.724,12,75.1,0.649,12,10,46.4,2.73,Medium
STU_11053,Engineering,Desktop,11,28.5,0.707,11,70.1,0.779,11,17,31.8,2.69,Medium
STU_11054,Humanities & Social Sciences,Mobile,21,45.1,0.835,17,87.5,0.921,21,1,88.8,3.75,High
STU_11055,Data Science,Laptop,11,22.2,0.542,10,56.5,0.484,9,11,42.4,2.68,Medium
STU_11056,Engineering,Mobile,3,19.2,0.475,9,39.1,0.31,5,21,7.4,2.08,Low
STU_11057,Data Science,Laptop,16,36.7,0.953,13,79.0,0.66,17,6,75.2,2.58,High
STU_11058,Data Science,Mobile,14,43.2,1.0,14,77.7,0.907,20,11,54.9,3.98,High
STU_11059,Business & Management,Tablet,13,43.4,0.859,20,85.5,0.966,17,1,,3.42,High
STU_11060,Engineering,Laptop,7,21.4,0.612,10,57.0,0.596,9,16,,2.86,Medium
STU_11061,Humanities & Social Sciences,Laptop,12,29.0,0.476,10,42.0,0.463,10,14,25.0,3.14,Medium
STU_11062,Engineering,Mobile,17,36.9,0.705,16,80.9,0.769,15,9,63.5,4.0,High
STU_11063,Data Science,Laptop,7,11.7,0.596,7,48.3,0.515,7,15,23.4,2.71,Medium
STU_11064,Data Science,Mobile,11,34.3,0.835,11,76.4,0.535,12,12,31.1,3.13,Medium
STU_11065,Business & Management,Laptop,9,26.2,0.485,7,44.6,0.639,10,12,52.5,2.3,Medium
STU_11066,Computer Science,Laptop,8,20.2,0.348,8,73.5,0.564,10,14,40.7,1.98,Medium
STU_11067,Computer Science,Tablet,8,28.2,0.669,10,58.3,0.641,14,13,64.8,2.14,Medium
STU_11068,Data Science,Desktop,5,14.0,0.456,7,55.9,0.496,7,19,24.5,2.37,Low
STU_11069,Computer Science,Mobile,16,41.9,0.838,12,74.5,0.815,18,5,64.6,3.18,High
STU_11070,Computer Science,Laptop,7,24.9,0.63,10,57.5,0.484,15,13,44.7,2.67,Medium
STU_11071,Computer Science,Desktop,8,22.1,0.502,8,67.8,0.67,10,19,42.6,3.21,Medium
STU_11072,Computer Science,Desktop,7,18.7,0.364,5,48.1,0.394,5,21,30.0,2.51,Low
STU_11073,Computer Science,Desktop,11,21.1,0.495,12,63.0,0.536,14,14,40.1,2.87,Medium
STU_11074,Humanities & Social Sciences,Desktop,5,24.7,0.561,4,59.0,0.422,5,22,7.1,2.47,Low
STU_11075,Data Science,Desktop,3,17.5,0.451,4,51.7,0.402,4,16,30.5,2.15,Low
STU_11076,Data Science,Laptop,12,12.4,0.432,5,60.2,0.43,10,23,41.3,2.44,Medium
STU_11077,Business & Management,Laptop,2,9.8,0.343,4,40.7,0.393,7,16,18.5,1.81,Low
STU_11078,Computer Science,Mobile,7,14.4,0.292,8,57.2,0.598,5,23,58.3,2.64,Low
STU_11079,Humanities & Social Sciences,Laptop,10,30.8,0.603,10,68.0,0.503,14,7,41.6,3.5,Medium
STU_11080,Engineering,Desktop,10,20.1,0.623,8,65.0,0.424,10,14,32.9,3.17,Medium
STU_11081,Computer Science,Laptop,8,18.0,0.284,5,57.6,0.574,8,16,37.5,2.52,Medium
STU_11082,Data Science,Desktop,9,30.2,0.54,10,78.7,0.728,12,16,52.0,3.31,Medium
STU_11083,Engineering,Desktop,13,30.5,0.578,11,76.2,0.86,20,12,34.1,3.3,High
STU_11084,Humanities & Social Sciences,Laptop,17,30.3,0.803,13,61.6,0.888,17,9,63.0,3.21,High
STU_11085,Data Science,Laptop,20,43.0,0.882,14,72.8,0.862,16,9,55.3,3.48,High
STU_11086,Business & Management,Laptop,9,15.5,0.493,6,61.2,0.404,12,16,52.9,2.3,Medium
STU_11087,Computer Science,Desktop,12,30.7,0.657,8,70.0,0.656,15,14,51.5,2.81,Medium
STU_11088,Humanities & Social Sciences,Mobile,17,32.9,0.544,10,55.5,0.599,12,11,45.1,2.78,Medium
STU_11089,Computer Science,Laptop,11,20.2,0.58,11,49.0,0.551,13,14,51.8,2.19,Medium
STU_11090,Humanities & Social Sciences,Desktop,13,36.8,0.852,15,85.0,0.669,22,2,50.6,3.44,High
STU_11091,Business & Management,Laptop,15,45.4,0.87,12,97.4,0.861,16,5,46.6,3.64,High
STU_11092,Business & Management,Desktop,7,9.8,0.431,3,33.6,0.442,4,21,8.8,1.54,Low
STU_11093,Data Science,Mobile,11,31.4,0.721,13,74.4,0.728,14,7,56.4,3.15,High
STU_11094,Computer Science,Laptop,19,39.8,0.767,13,81.3,0.866,18,6,85.9,3.37,High
STU_11095,Computer Science,Desktop,9,24.7,0.433,6,65.8,0.559,7,20,33.3,2.41,Medium
STU_11096,Computer Science,Laptop,14,36.1,0.726,10,73.3,0.58,12,12,58.7,2.54,Medium
STU_11097,Computer Science,Laptop,12,25.4,0.591,12,76.3,0.686,19,9,53.4,3.06,Medium
STU_11098,Engineering,Laptop,8,27.7,0.532,6,40.2,0.534,11,18,34.9,2.75,Medium
STU_11099,Data Science,Laptop,15,32.7,0.613,12,67.1,0.744,15,13,27.7,2.86,High
STU_11100,Computer Science,Desktop,12,38.5,0.77,9,62.2,0.755,19,11,53.4,3.33,High
STU_11101,Humanities & Social Sciences,Laptop,17,45.5,0.798,15,75.3,0.8,18,4,76.6,3.79,High
STU_11102,Engineering,Desktop,12,30.7,0.699,14,57.7,0.725,14,8,55.0,2.48,Medium
STU_11103,Humanities & Social Sciences,Laptop,19,49.6,1.0,18,86.6,1.0,18,5,64.3,3.83,High
STU_11104,Humanities & Social Sciences,Laptop,6,25.2,0.421,8,62.3,0.563,9,17,31.9,2.41,Medium
STU_11105,Computer Science,Desktop,10,37.9,0.757,11,72.2,0.591,11,10,39.2,2.87,Medium
STU_11106,Data Science,Tablet,10,33.6,0.631,12,63.9,0.528,11,12,40.1,3.48,Medium
STU_11107,Engineering,Laptop,16,35.3,0.645,13,85.4,0.515,13,12,55.1,3.17,Medium
STU_11108,Business & Management,Mobile,6,16.7,0.382,7,49.9,0.618,9,13,35.0,2.97,Medium
STU_11109,Computer Science,Desktop,13,40.4,0.993,19,69.0,0.701,23,7,71.3,3.43,High
STU_11110,Engineering,Desktop,7,24.9,0.717,10,70.5,0.548,12,11,37.6,3.31,Medium
STU_11111,Computer Science,Desktop,5,21.6,0.61,9,53.3,0.533,9,18,38.0,2.68,Medium
STU_11112,Computer Science,Laptop,10,20.8,0.371,6,58.2,0.469,8,21,30.6,2.4,Medium
STU_11113,Data Science,Laptop,7,17.7,0.416,9,48.2,0.595,7,18,25.8,2.55,Low
STU_11114,Business & Management,Desktop,8,20.0,0.489,5,47.0,0.457,10,19,33.3,2.1,Medium
STU_11115,Business & Management,Laptop,8,17.6,0.476,7,46.5,0.397,5,18,19.2,2.29,Low
STU_11116,Computer Science,Mobile,15,35.9,0.725,13,69.5,0.729,14,5,72.6,3.48,High
STU_11117,Engineering,Laptop,5,12.6,0.246,4,48.0,0.211,4,22,29.7,2.54,Low
STU_11118,Computer Science,Laptop,15,32.0,0.664,12,70.1,0.785,13,12,55.1,2.73,High
STU_11119,Computer Science,Desktop,7,18.3,0.497,7,47.6,0.537,6,15,31.2,3.03,Low
STU_11120,Engineering,Laptop,15,28.5,0.608,7,54.9,0.634,11,7,41.6,3.46,Medium
STU_11121,Humanities & Social Sciences,Desktop,12,23.5,0.537,10,68.4,0.729,13,15,35.1,2.59,Medium
STU_11122,Engineering,Desktop,7,18.9,0.506,9,60.8,0.6,7,15,25.8,2.49,Medium
STU_11123,Engineering,Mobile,9,35.2,0.506,11,69.9,0.633,11,16,24.9,2.84,Medium
STU_11124,Business & Management,Mobile,10,34.2,0.622,10,57.6,0.625,17,8,48.5,3.34,Medium
STU_11125,Business & Management,Desktop,15,23.1,0.529,11,59.3,0.628,13,12,55.4,3.13,Medium
STU_11126,Computer Science,Desktop,13,25.1,0.71,15,,0.562,15,9,39.8,3.09,High
STU_11127,Data Science,Tablet,5,16.9,0.439,8,60.9,0.537,6,18,46.3,2.08,Low
STU_11128,Data Science,Laptop,13,33.0,0.714,10,63.4,0.61,12,17,28.7,2.39,Medium
STU_11129,Computer Science,Laptop,13,30.5,0.621,14,62.1,0.785,15,11,62.0,3.19,Medium
STU_11130,Business & Management,Laptop,14,36.7,0.727,12,64.3,0.752,16,5,41.6,3.65,High
STU_11131,Data Science,Laptop,12,17.6,0.395,8,45.0,0.452,8,17,44.4,2.49,Medium
STU_11132,Computer Science,Desktop,17,35.7,0.817,13,82.0,0.822,17,4,66.0,3.38,High
STU_11133,Computer Science,Desktop,8,22.1,0.525,8,62.1,0.392,6,21,65.6,2.63,Low
STU_11134,Business & Management,Desktop,9,29.7,0.744,9,70.6,0.52,12,12,43.3,2.58,Medium
STU_11135,Computer Science,Laptop,10,26.9,0.492,12,59.5,0.593,13,12,18.9,3.39,Medium
STU_11136,Engineering,Desktop,13,31.3,0.806,15,58.4,0.662,11,8,23.9,2.71,Medium
STU_11137,Data Science,Laptop,6,22.3,0.582,7,53.9,0.608,12,16,35.8,2.46,Medium
STU_11138,Data Science,Desktop,21,46.7,0.938,15,69.9,0.79,17,10,62.4,3.5,High
STU_11139,Business & Management,Desktop,6,17.2,0.286,7,52.6,0.307,6,21,19.0,2.16,Low
STU_11140,Engineering,Laptop,14,38.4,0.77,14,81.2,0.861,17,11,60.5,2.84,High
STU_11141,Data Science,Laptop,3,11.5,0.25,6,54.6,0.318,6,25,34.6,2.56,Low
STU_11142,Business & Management,Laptop,15,38.7,0.618,12,65.6,0.759,16,14,62.3,3.25,High
STU_11143,Business & Management,Mobile,9,29.7,0.764,12,63.5,0.704,14,12,49.1,3.33,Medium
STU_11144,Computer Science,Mobile,14,22.6,0.662,8,53.3,0.512,9,18,26.8,2.55,Medium
STU_11145,Engineering,Desktop,7,6.6,0.542,4,55.0,0.138,8,27,32.0,2.07,Low
STU_11146,Engineering,Laptop,9,19.4,0.421,4,,0.343,9,16,45.3,2.49,Low
STU_11147,Business & Management,Laptop,4,19.6,0.54,4,54.9,0.505,7,19,25.7,2.64,Low
STU_11148,Engineering,Desktop,18,51.2,0.938,14,74.7,1.0,20,2,52.0,3.34,High
STU_11149,Engineering,Mobile,14,36.5,0.661,11,62.7,0.659,14,12,58.1,2.65,Medium
STU_11150,Business & Management,Laptop,11,26.8,0.441,7,67.0,0.589,10,19,43.8,3.02,Medium
STU_11151,Engineering,Laptop,14,41.2,0.724,12,77.0,0.61,18,4,66.5,3.54,High
STU_11152,Business & Management,Desktop,12,31.4,0.92,10,66.8,0.825,16,13,75.9,3.29,High
STU_11153,Business & Management,Laptop,7,22.9,0.407,7,62.6,0.565,7,15,12.6,1.98,Medium
STU_11154,Business & Management,Laptop,6,19.0,0.481,5,55.8,0.512,6,21,30.0,2.6,Low
STU_11155,Engineering,Laptop,13,25.5,0.637,11,64.7,0.562,12,19,43.9,2.84,Medium
STU_11156,Computer Science,Desktop,8,39.2,0.718,9,72.7,0.725,14,8,75.6,3.0,Medium
STU_11157,Engineering,Mobile,7,9.3,0.352,4,37.5,0.491,4,22,24.5,2.47,Low
STU_11158,Engineering,Tablet,12,35.4,0.783,15,89.7,0.776,16,11,54.7,3.16,High
STU_11159,Computer Science,Desktop,10,30.6,0.916,8,67.7,0.701,13,10,53.0,3.17,High
STU_11160,Engineering,Desktop,6,30.4,0.548,12,72.2,0.563,14,15,53.3,,Medium
STU_11161,Computer Science,Laptop,6,21.5,0.634,6,52.7,0.474,8,13,48.4,2.84,Medium
STU_11162,Data Science,Desktop,15,24.5,0.597,9,70.8,0.621,12,19,63.5,2.69,Medium
STU_11163,Business & Management,Laptop,10,26.3,0.526,12,,0.595,9,13,16.4,2.86,Medium
STU_11164,Computer Science,Desktop,5,16.3,0.563,9,65.9,0.451,10,15,27.3,3.02,Medium
STU_11165,Engineering,Laptop,7,9.0,0.411,5,49.1,0.352,9,20,35.2,2.59,Low
STU_11166,Engineering,Laptop,19,40.3,0.953,12,76.7,0.84,19,7,65.9,3.56,High
STU_11167,Data Science,Laptop,14,31.7,0.658,12,59.5,0.687,14,11,58.8,3.4,Medium
STU_11168,Computer Science,Laptop,17,33.1,0.585,10,56.1,0.647,15,13,40.2,3.43,Medium
STU_11169,Computer Science,Laptop,17,38.8,0.734,15,86.3,0.638,15,5,61.4,3.34,High
STU_11170,Business & Management,Laptop,13,35.4,0.657,8,58.5,0.667,11,9,43.3,3.22,Medium
STU_11171,Humanities & Social Sciences,Tablet,8,24.1,0.515,9,69.6,0.502,10,19,47.5,2.45,Medium
STU_11172,Business & Management,Laptop,7,12.2,0.471,6,56.8,0.232,4,24,31.4,2.09,Low
STU_11173,Computer Science,Desktop,9,25.4,0.513,8,61.4,0.521,8,12,39.7,3.08,Medium
STU_11174,Business & Management,Mobile,14,32.0,0.632,12,74.0,0.71,14,12,54.8,3.02,High
STU_11175,Data Science,Tablet,13,41.6,0.903,12,63.6,0.771,15,11,,3.07,High
STU_11176,Engineering,Desktop,7,18.3,0.512,6,40.2,0.468,9,25,48.9,2.36,Low
STU_11177,Computer Science,Mobile,17,38.9,0.984,19,82.2,0.966,20,1,86.1,3.52,High
STU_11178,Engineering,Laptop,12,46.9,0.688,15,96.2,0.975,28,9,65.2,3.44,High
STU_11179,Data Science,Laptop,11,23.9,0.588,8,69.3,0.57,8,19,45.6,2.29,Medium
STU_11180,Humanities & Social Sciences,Laptop,11,40.8,0.839,16,75.9,0.841,16,6,82.0,3.11,High
STU_11181,Data Science,Desktop,12,22.6,0.74,14,79.7,0.7,11,11,37.8,3.03,Medium
STU_11182,Business & Management,Desktop,8,16.1,0.325,7,46.9,0.551,8,15,25.0,3.02,Low
STU_11183,Humanities & Social Sciences,Laptop,8,15.2,0.497,7,50.6,0.402,12,19,32.7,2.49,Medium
STU_11184,Computer Science,Laptop,13,31.3,0.8,13,87.2,0.776,16,5,58.2,2.67,High
STU_11185,Humanities & Social Sciences,Desktop,13,39.0,0.514,12,88.9,0.786,13,10,44.6,3.38,High
STU_11186,Business & Management,Laptop,8,16.2,0.485,6,59.5,0.404,6,17,38.5,2.69,Low
STU_11187,Computer Science,Desktop,14,30.5,0.641,8,54.2,0.786,13,5,48.2,2.79,High
STU_11188,Data Science,Desktop,18,36.5,0.733,10,84.7,0.672,13,11,67.2,3.41,High
STU_11189,Business & Management,Desktop,10,25.5,0.614,11,57.9,0.581,12,17,31.3,2.69,Medium
STU_11190,Computer Science,Mobile,11,14.1,0.77,8,71.4,0.497,11,9,34.6,3.33,Medium
STU_11191,Business & Management,Mobile,8,21.9,0.591,11,62.5,0.633,10,14,38.6,3.5,Medium
STU_11192,Data Science,Desktop,14,26.5,0.639,11,79.2,0.795,13,7,49.4,3.21,High
STU_11193,Business & Management,Desktop,12,26.8,0.557,10,62.9,0.562,9,14,31.2,3.04,Medium
STU_11194,Computer Science,Desktop,5,11.9,0.591,5,73.5,0.242,8,24,27.0,2.8,Low
STU_11195,Engineering,Laptop,19,43.3,0.841,16,91.1,0.848,17,4,58.1,3.82,High
STU_11196,Humanities & Social Sciences,Laptop,5,6.0,0.357,11,39.0,0.306,5,19,50.2,,Low
STU_11197,Humanities & Social Sciences,Laptop,9,16.4,0.428,4,39.0,0.456,8,24,31.2,2.47,Low
STU_11198,Business & Management,Laptop,16,39.3,0.602,14,58.2,0.798,14,7,59.2,2.85,High
STU_11199,Computer Science,Desktop,9,23.0,0.611,4,59.0,0.489,7,15,16.5,2.41,Medium
STU_11200,Engineering,Mobile,16,41.8,0.858,15,,0.622,17,7,66.8,3.28,High
STU_11201,Computer Science,Laptop,5,14.2,0.636,7,32.7,0.444,17,24,24.7,2.59,Low
STU_11202,Computer Science,Laptop,15,46.0,0.887,16,91.0,0.831,19,7,74.0,2.89,High
STU_11203,Data Science,Tablet,8,18.8,0.324,4,55.3,0.559,12,17,,2.33,Medium
STU_11204,Data Science,Laptop,17,26.2,0.691,8,78.6,0.572,12,15,43.5,2.79,Medium
STU_11205,Engineering,Desktop,14,28.7,0.744,12,66.6,0.794,15,11,69.7,2.85,High
STU_11206,Business & Management,Desktop,14,36.6,0.649,13,73.5,0.699,13,12,54.1,3.23,Medium
STU_11207,Data Science,Desktop,6,15.9,0.541,5,57.3,0.398,9,20,31.0,2.81,Low
STU_11208,Computer Science,Laptop,10,33.6,0.694,10,63.2,0.627,13,14,67.3,3.09,Medium
STU_11209,Humanities & Social Sciences,Laptop,13,38.0,0.963,15,64.9,0.739,15,8,48.7,,High
STU_11210,Data Science,Laptop,4,29.3,0.528,11,68.5,0.659,14,15,25.1,2.69,Medium
STU_11211,Data Science,Desktop,11,17.7,0.287,8,56.7,0.377,6,20,20.0,2.75,Low
STU_11212,Computer Science,Desktop,1,17.5,0.305,5,57.5,0.428,7,11,19.7,2.71,Low
STU_11213,Engineering,Laptop,12,38.7,0.669,12,82.7,0.616,15,3,56.5,3.08,High
STU_11214,Business & Management,Desktop,9,26.8,0.546,12,66.8,0.761,14,10,44.0,3.1,Medium
STU_11215,Computer Science,Mobile,10,33.7,0.874,10,71.1,0.684,12,11,,2.83,Medium
STU_11216,Computer Science,Laptop,15,28.1,0.627,9,69.7,0.759,12,14,52.4,3.18,Medium
STU_11217,Business & Management,Desktop,12,24.7,0.713,9,69.8,0.352,11,11,51.0,2.83,Medium
STU_11218,Business & Management,Desktop,8,25.0,0.667,8,49.5,0.653,10,18,20.8,2.57,Medium
STU_11219,Computer Science,Laptop,8,27.7,0.575,8,61.9,0.469,11,15,48.4,3.08,Medium
STU_11220,Humanities & Social Sciences,Laptop,5,23.5,0.442,8,65.0,0.395,10,15,47.5,2.56,Medium
STU_11221,Computer Science,Desktop,15,43.2,0.939,11,74.8,0.734,15,12,59.4,3.32,High
STU_11222,Data Science,Mobile,16,37.9,0.808,13,73.6,0.778,19,8,48.8,3.52,High
STU_11223,Humanities & Social Sciences,Mobile,17,25.9,0.705,13,76.3,0.635,14,8,29.5,2.97,High
STU_11224,Data Science,Desktop,6,25.4,0.437,12,64.2,0.516,12,16,55.9,2.59,Medium
STU_11225,Business & Management,Desktop,5,7.1,0.369,5,41.9,0.346,4,23,25.3,2.21,Low
STU_11226,Data Science,Laptop,6,16.3,0.311,5,45.8,0.43,6,14,14.9,2.04,Low
STU_11227,Computer Science,Desktop,14,28.0,0.589,11,66.6,0.464,13,12,52.1,3.33,Medium
STU_11228,Humanities & Social Sciences,Desktop,12,31.1,0.678,9,59.8,0.645,20,14,45.7,2.6,Medium
STU_11229,Data Science,Laptop,18,31.6,0.866,12,87.4,0.802,17,2,81.2,4.0,High
STU_11230,Engineering,Desktop,14,31.0,0.656,12,65.3,0.719,18,13,43.9,2.92,Medium
STU_11231,Computer Science,Desktop,16,42.9,0.831,20,87.8,0.834,20,2,73.8,3.82,High
STU_11232,Computer Science,Laptop,19,45.5,0.741,14,83.6,0.809,20,4,77.0,4.0,High
STU_11233,Computer Science,Mobile,15,27.3,0.738,11,75.5,0.45,12,10,56.3,3.15,Medium
STU_11234,Business & Management,Laptop,16,34.4,0.752,14,85.8,0.64,16,12,51.1,3.04,High
STU_11235,Data Science,Laptop,12,22.7,0.576,9,48.0,0.488,12,18,35.2,2.74,Medium
STU_11236,Engineering,Laptop,19,48.1,0.943,13,88.7,0.85,21,10,63.1,3.3,High
STU_11237,Data Science,Mobile,15,31.1,0.465,12,71.9,0.615,14,10,40.5,2.34,Medium
STU_11238,Humanities & Social Sciences,Desktop,10,23.0,0.539,7,49.7,0.618,9,17,30.0,2.88,Medium
STU_11239,Computer Science,Laptop,17,41.2,0.829,13,85.0,0.737,19,7,79.9,2.93,High
STU_11240,Engineering,Desktop,12,23.8,0.668,12,65.3,0.73,12,13,62.5,2.64,Medium
STU_11241,Engineering,Laptop,15,37.6,0.704,13,87.7,0.942,15,6,65.8,3.28,High
STU_11242,Engineering,Mobile,7,23.7,0.529,7,53.3,0.459,8,17,39.8,2.46,Medium
STU_11243,Engineering,Desktop,12,12.4,0.291,8,53.3,0.536,7,18,35.5,2.7,Medium
STU_11244,Engineering,Laptop,15,31.3,0.939,10,71.3,0.879,16,7,37.9,3.73,High
STU_11245,Business & Management,Tablet,5,12.4,0.32,4,39.5,0.49,5,22,31.9,2.18,Low
STU_11246,Computer Science,Laptop,9,22.7,0.474,8,44.2,0.475,8,17,36.9,2.47,Medium
STU_11247,Computer Science,Laptop,19,25.1,0.617,10,59.3,0.733,13,8,32.7,3.49,High
STU_11248,Humanities & Social Sciences,Desktop,6,18.7,0.393,7,,0.585,8,18,48.9,2.85,Medium
STU_11249,Business & Management,Tablet,11,25.2,0.829,12,73.2,0.8,13,11,49.9,3.38,High
STU_11250,Engineering,Laptop,11,42.8,0.643,13,83.2,0.822,17,3,67.1,3.55,High
STU_11251,Data Science,Laptop,13,28.8,0.639,12,81.6,0.817,14,9,58.9,3.08,High
STU_11252,Computer Science,Laptop,13,34.3,0.88,10,73.8,0.65,14,11,40.3,2.97,High
STU_11253,Computer Science,Desktop,11,29.2,0.65,9,74.2,0.583,11,10,56.4,2.69,Medium
STU_11254,Business & Management,Laptop,13,40.7,0.814,16,78.7,0.508,15,10,47.7,3.44,High
STU_11255,Data Science,Desktop,8,15.0,0.628,7,44.8,0.413,6,17,12.6,2.64,Medium
STU_11256,Computer Science,Tablet,9,25.5,0.59,7,65.9,0.534,9,17,50.9,3.0,Medium
STU_11257,Data Science,Desktop,9,14.0,0.468,8,57.7,0.316,8,17,38.5,2.07,Low
STU_11258,Computer Science,Laptop,9,7.9,0.402,8,46.8,0.42,8,24,30.6,,Low
STU_11259,Business & Management,Laptop,6,12.5,0.339,2,45.8,0.437,3,17,30.9,2.07,Low
STU_11260,Computer Science,Laptop,10,11.4,0.528,7,58.3,0.37,6,18,19.3,1.91,Medium
STU_11261,Engineering,Mobile,8,13.1,0.485,8,48.2,0.577,4,20,15.6,1.97,Low
STU_11262,Data Science,Laptop,12,33.1,0.719,9,75.7,0.662,12,13,33.8,2.81,Medium
STU_11263,Data Science,Laptop,9,25.5,0.449,10,62.6,0.608,8,19,32.7,2.49,Medium
STU_11264,Computer Science,Desktop,13,34.3,0.64,15,83.4,0.743,15,4,61.7,3.28,High
STU_11265,Computer Science,Laptop,10,22.1,0.559,8,77.4,0.526,18,14,70.8,3.08,Medium
STU_11266,Data Science,Desktop,13,38.1,0.869,13,71.0,0.788,14,10,53.5,3.21,High
STU_11267,Data Science,Laptop,12,29.7,0.719,9,57.5,0.627,10,12,42.8,2.63,Medium
STU_11268,Business & Management,Mobile,14,31.1,0.708,11,82.3,0.679,21,14,36.1,3.19,High
STU_11269,Computer Science,Tablet,13,24.6,0.579,14,58.5,0.631,10,13,38.9,2.96,Medium
STU_11270,Business & Management,Desktop,6,19.9,0.504,12,58.0,0.514,10,13,13.0,3.06,Medium
STU_11271,Engineering,Tablet,17,35.7,0.707,11,67.2,0.628,14,11,80.3,2.95,High
STU_11272,Engineering,Laptop,9,29.0,0.631,7,52.3,0.58,13,18,17.7,2.73,Medium
STU_11273,Computer Science,Desktop,11,30.6,0.789,13,78.4,0.655,18,10,49.5,3.72,High
STU_11274,Data Science,Desktop,7,14.6,0.451,7,55.0,0.57,8,15,34.1,2.26,Medium
STU_11275,Computer Science,Desktop,24,53.6,0.944,19,75.3,1.0,18,2,88.5,3.46,High
STU_11276,Computer Science,Laptop,6,16.2,0.417,7,61.6,0.545,6,16,33.6,2.2,Low
STU_11277,Humanities & Social Sciences,Laptop,5,16.3,0.241,6,39.5,0.391,11,21,11.9,2.03,Low
STU_11278,Computer Science,Laptop,8,17.7,0.353,12,55.9,0.526,8,19,32.0,2.69,Low
STU_11279,Data Science,Laptop,3,10.0,0.333,4,51.4,0.411,9,22,19.8,2.52,Low
STU_11280,Business & Management,Laptop,13,40.2,0.664,13,83.0,0.728,17,16,49.0,3.88,High
STU_11281,Business & Management,Desktop,8,20.4,0.421,10,59.6,0.526,7,16,25.0,2.55,Medium
STU_11282,Business & Management,Laptop,8,19.5,0.438,6,40.5,0.44,7,20,15.3,2.45,Low
STU_11283,Computer Science,Laptop,8,16.1,0.488,7,55.2,0.469,6,17,22.1,2.66,Medium
STU_11284,Data Science,Desktop,7,22.8,0.572,10,64.1,0.562,10,14,28.9,2.69,Medium
STU_11285,Data Science,Desktop,13,36.4,0.778,13,69.9,0.83,14,9,44.9,3.61,High
STU_11286,Computer Science,Mobile,13,37.2,0.694,10,77.1,0.896,15,11,51.4,3.17,High
STU_11287,Data Science,Desktop,6,16.4,0.402,5,38.3,0.404,6,18,37.8,2.75,Low
STU_11288,Computer Science,Laptop,12,15.4,0.426,8,41.4,0.615,8,18,20.2,2.51,Medium
STU_11289,Computer Science,Mobile,14,36.0,0.781,11,67.3,0.564,15,5,44.7,2.84,High
STU_11290,Data Science,Desktop,14,33.0,0.602,9,79.0,0.758,16,8,54.8,2.85,High
STU_11291,Computer Science,Laptop,14,21.9,0.465,7,69.1,0.33,16,14,46.6,2.28,Medium
STU_11292,Business & Management,Desktop,14,30.4,0.624,8,56.6,0.566,14,11,66.2,3.39,Medium
STU_11293,Business & Management,Mobile,13,24.9,0.599,10,79.6,0.517,13,7,55.0,3.33,Medium
STU_11294,Engineering,Laptop,15,19.6,0.59,6,62.0,0.711,9,17,42.1,2.55,Medium
STU_11295,Computer Science,Laptop,17,28.8,0.874,13,64.1,0.755,15,3,60.1,3.05,High
STU_11296,Computer Science,Laptop,13,51.9,0.99,13,87.1,0.866,18,3,66.5,3.36,High
STU_11297,Computer Science,Laptop,16,36.1,0.729,11,83.6,0.678,14,10,39.3,3.21,High
STU_11298,Business & Management,Laptop,4,18.5,0.571,4,51.1,0.322,8,23,38.1,2.28,Low
STU_11299,Business & Management,Desktop,11,22.6,0.714,13,71.3,0.594,11,14,36.5,2.98,Medium
STU_11300,Computer Science,Laptop,4,8.1,0.668,8,69.2,0.484,13,18,36.0,2.49,Medium
STU_11301,Humanities & Social Sciences,Tablet,7,17.9,0.54,7,58.0,0.415,8,12,24.7,2.96,Medium
STU_11302,Computer Science,Mobile,12,35.4,0.711,13,63.9,0.816,14,8,50.3,3.3,High
STU_11303,Data Science,Desktop,10,34.4,0.657,9,79.0,0.783,16,9,37.7,2.69,High
STU_11304,Business & Management,Mobile,15,43.2,0.803,15,90.1,0.679,17,5,68.7,3.05,High
STU_11305,Engineering,Laptop,19,41.4,0.856,16,68.4,0.737,17,10,59.3,3.49,High
STU_11306,Business & Management,Desktop,15,47.5,0.988,15,80.5,0.877,22,4,66.6,3.44,High
STU_11307,Engineering,Desktop,10,20.2,0.499,7,64.8,0.46,9,18,31.5,3.04,Medium
STU_11308,Data Science,Mobile,11,37.9,0.72,9,78.7,0.672,16,8,61.0,3.26,High
STU_11309,Engineering,Mobile,14,35.7,0.813,10,73.2,0.65,20,7,62.0,3.15,High
STU_11310,Computer Science,Laptop,16,35.4,0.668,15,69.0,0.677,17,0,49.9,3.86,High
STU_11311,Engineering,Tablet,11,28.8,0.67,9,85.1,0.632,13,10,40.9,,Medium
STU_11312,Data Science,Laptop,6,17.9,0.686,9,59.8,0.529,11,16,48.0,2.28,Medium
STU_11313,Engineering,Mobile,15,37.2,0.841,14,71.2,0.729,17,9,26.6,3.12,High
STU_11314,Data Science,Tablet,13,21.6,0.707,8,56.4,0.473,9,20,57.3,2.54,Medium
STU_11315,Business & Management,Laptop,15,32.8,0.682,10,73.7,0.632,16,8,48.6,3.57,High
STU_11316,Data Science,Desktop,9,29.4,0.641,8,49.8,0.461,11,5,51.2,2.52,Medium
STU_11317,Business & Management,Laptop,6,16.5,0.25,9,60.4,0.508,8,15,32.9,2.66,Low
STU_11318,Computer Science,Laptop,15,40.4,0.789,11,72.6,0.954,15,8,52.5,3.19,High
STU_11319,Computer Science,Desktop,8,20.3,0.606,4,35.8,0.499,7,17,36.0,2.05,Medium
STU_11320,Computer Science,Desktop,12,42.3,0.908,15,75.9,0.62,20,2,69.1,3.74,High
STU_11321,Computer Science,Tablet,7,25.4,0.464,9,70.9,0.619,10,11,50.6,3.16,Medium
STU_11322,Engineering,Desktop,10,30.5,0.804,15,66.5,0.758,17,16,38.9,3.03,Medium
STU_11323,Computer Science,Desktop,14,31.4,0.682,12,66.3,0.653,20,12,62.8,3.15,Medium
STU_11324,Humanities & Social Sciences,Mobile,8,15.5,0.419,9,57.8,0.57,7,20,11.4,3.15,Medium
STU_11325,Data Science,Tablet,8,12.3,0.384,7,48.5,0.514,5,17,35.2,2.76,Low
STU_11326,Computer Science,Laptop,13,39.8,0.634,9,70.6,0.793,12,13,50.2,3.3,Medium
STU_11327,Engineering,Tablet,10,31.5,0.754,12,74.2,0.629,14,3,57.9,2.52,High
STU_11328,Business & Management,Laptop,9,18.6,0.357,4,42.3,0.392,6,19,33.5,2.14,Low
STU_11329,Data Science,Mobile,13,23.6,0.74,10,57.6,0.587,10,12,59.5,2.75,Medium
STU_11330,Business & Management,Laptop,6,26.0,0.629,9,52.8,0.653,8,15,39.4,2.84,Medium
STU_11331,Business & Management,Laptop,13,33.7,0.498,13,61.6,0.6,12,12,37.7,,Medium
STU_11332,Computer Science,Laptop,15,45.4,0.913,14,75.0,0.913,17,6,85.1,3.15,High
STU_11333,Humanities & Social Sciences,Desktop,12,30.6,0.719,13,64.1,0.652,12,9,51.1,,Medium
STU_11334,Humanities & Social Sciences,Laptop,17,42.5,0.64,13,70.1,0.844,16,6,67.7,2.93,High
STU_11335,Business & Management,Laptop,14,22.4,0.616,7,59.1,0.573,8,18,31.3,,Medium
STU_11336,Computer Science,Desktop,7,20.4,0.345,4,46.6,0.317,4,21,,2.01,Low
STU_11337,Business & Management,Mobile,11,19.8,0.728,14,57.3,0.608,13,18,44.8,3.23,Medium
STU_11338,Computer Science,Laptop,13,37.1,0.91,18,56.8,0.658,18,10,62.4,3.3,High
STU_11339,Computer Science,Laptop,12,29.3,0.609,9,57.6,0.609,11,17,49.2,2.81,Medium
STU_11340,Computer Science,Laptop,11,16.0,0.544,10,53.1,0.654,8,12,22.7,2.68,Medium
STU_11341,Data Science,Laptop,3,9.8,0.198,4,51.4,0.247,1,25,36.6,1.9,Low
STU_11342,Engineering,Mobile,7,17.6,0.513,11,59.9,0.477,9,17,25.4,2.75,Medium
STU_11343,Business & Management,Mobile,1,10.6,0.335,5,35.6,0.36,7,21,30.0,,Low
STU_11344,Business & Management,Desktop,17,32.3,0.986,15,80.1,0.867,17,3,62.4,3.5,High
STU_11345,Data Science,Laptop,17,48.3,0.762,13,77.1,0.894,18,7,94.8,3.41,High
STU_11346,Data Science,Mobile,12,33.2,0.557,12,77.5,0.739,19,9,48.6,3.1,Medium
STU_11347,Data Science,Desktop,12,31.4,0.472,10,46.5,0.446,10,17,23.9,2.7,Medium
STU_11348,Humanities & Social Sciences,Mobile,13,39.0,0.866,12,85.1,0.704,15,9,63.9,2.97,High
STU_11349,Computer Science,Desktop,16,42.5,0.786,13,83.7,0.947,17,5,56.6,4.0,High
STU_11350,Engineering,Mobile,9,20.0,0.506,9,57.4,0.368,8,22,50.9,2.63,Low
STU_11351,Business & Management,Desktop,7,15.7,0.532,8,42.7,0.508,9,14,45.4,2.93,Medium
STU_11352,Data Science,Laptop,10,25.8,0.505,8,47.6,0.519,9,16,48.4,2.4,Medium
STU_11353,Business & Management,Tablet,13,24.1,0.506,8,67.7,0.598,9,16,31.5,2.1,Medium
STU_11354,Data Science,Desktop,5,14.6,0.495,9,63.8,0.496,7,16,45.3,2.67,Medium
STU_11355,Engineering,Desktop,13,23.2,0.584,14,76.3,0.477,11,16,75.0,3.29,Medium
STU_11356,Humanities & Social Sciences,Laptop,11,23.7,0.621,8,80.0,0.659,12,16,40.4,3.26,Medium
STU_11357,Data Science,Desktop,13,38.5,0.761,10,75.9,0.56,16,6,47.6,3.33,High
STU_11358,Computer Science,Desktop,14,38.9,0.716,11,71.5,0.522,21,14,46.7,2.94,Medium
STU_11359,Business & Management,Laptop,9,23.9,0.577,7,81.6,0.537,11,20,35.5,2.9,Medium
STU_11360,Humanities & Social Sciences,Laptop,12,26.5,0.422,10,58.3,0.534,10,12,44.5,2.64,Medium
STU_11361,Computer Science,Desktop,16,33.5,0.9,12,72.3,0.635,14,5,55.1,3.01,High
STU_11362,Business & Management,Mobile,7,17.1,0.663,9,43.7,0.458,7,15,35.4,2.7,Medium
STU_11363,Business & Management,Desktop,15,40.5,0.789,13,78.9,0.643,14,9,44.3,3.27,High
STU_11364,Business & Management,Laptop,13,40.8,0.762,12,69.6,0.844,14,10,67.0,2.97,High
STU_11365,Computer Science,Desktop,13,28.8,0.586,10,64.8,0.707,17,14,55.9,3.15,Medium
STU_11366,Business & Management,Laptop,17,44.1,0.992,15,78.4,0.848,20,3,79.2,3.92,High
STU_11367,Humanities & Social Sciences,Laptop,14,29.8,0.782,13,62.4,0.74,15,13,57.7,2.8,High
STU_11368,Computer Science,Laptop,13,29.1,0.686,10,67.2,0.633,13,14,17.6,3.24,Medium
STU_11369,Computer Science,Laptop,7,19.8,0.656,5,38.2,0.381,6,19,39.3,1.99,Low
STU_11370,Humanities & Social Sciences,Laptop,12,26.0,0.552,12,57.0,0.752,17,9,,2.55,Medium
STU_11371,Computer Science,Laptop,11,38.2,0.79,16,64.8,0.668,16,5,59.6,3.34,High
STU_11372,Engineering,Laptop,11,31.0,0.521,8,60.1,0.507,11,8,,2.9,Medium
STU_11373,Data Science,Laptop,10,23.1,0.674,9,56.5,0.605,9,10,52.4,2.78,Medium
STU_11374,Computer Science,Desktop,9,24.7,0.467,8,39.5,0.517,7,11,48.6,2.67,Medium
STU_11375,Engineering,Desktop,16,43.9,0.851,16,78.0,0.862,20,10,45.7,3.82,High
STU_11376,Data Science,Laptop,11,39.2,0.746,12,65.0,0.672,13,9,70.3,3.33,Medium
STU_11377,Data Science,Mobile,14,24.8,0.606,12,75.8,0.713,13,17,57.7,3.18,Medium
STU_11378,Data Science,Laptop,5,13.0,0.442,3,42.4,0.259,6,21,11.5,2.79,Low
STU_11379,Business & Management,Desktop,15,36.1,0.68,11,83.9,0.544,17,4,60.6,3.52,High
STU_11380,Computer Science,Laptop,8,11.9,0.606,10,75.2,0.484,8,15,18.2,2.76,Medium
STU_11381,Data Science,Laptop,7,13.1,0.377,7,64.3,0.506,6,20,39.7,2.81,Low
STU_11382,Humanities & Social Sciences,Desktop,11,27.7,0.79,10,60.0,0.779,14,12,51.8,2.96,Medium
STU_11383,Computer Science,Desktop,8,30.4,0.714,8,,0.641,11,12,36.6,2.79,Medium
STU_11384,Business & Management,Mobile,15,30.5,0.725,12,62.8,0.599,13,13,61.3,3.53,Medium
STU_11385,Data Science,Desktop,11,28.7,0.85,11,62.5,0.578,20,8,41.8,3.01,Medium
STU_11386,Engineering,Tablet,14,37.9,0.82,11,66.2,0.833,16,10,56.0,3.31,High
STU_11387,Computer Science,Laptop,14,25.9,0.638,12,71.6,0.766,14,13,64.8,3.2,High
STU_11388,Humanities & Social Sciences,Laptop,16,36.1,0.882,14,75.9,0.917,20,4,63.4,3.62,High
STU_11389,Data Science,Laptop,11,32.3,0.802,16,72.3,0.79,13,11,42.0,3.69,High
STU_11390,Computer Science,Laptop,18,25.0,0.565,9,80.0,0.668,18,11,62.5,2.99,High
STU_11391,Computer Science,Desktop,13,30.9,0.73,11,65.1,0.72,25,9,58.4,3.79,High
STU_11392,Computer Science,Desktop,11,26.7,0.48,11,47.0,0.535,11,16,64.9,2.45,Medium
STU_11393,Data Science,Laptop,17,33.8,0.653,13,62.4,0.708,13,11,55.0,3.0,High
STU_11394,Data Science,Tablet,19,45.4,0.969,14,94.2,0.853,19,10,73.8,3.42,High
STU_11395,Engineering,Mobile,8,26.5,0.554,6,65.1,0.319,10,16,42.1,2.91,Medium
STU_11396,Data Science,Laptop,4,16.6,0.312,4,39.7,0.441,4,22,30.5,1.86,Low
STU_11397,Computer Science,Laptop,7,14.2,0.609,11,50.3,0.585,9,19,46.0,2.82,Medium
STU_11398,Business & Management,Laptop,14,30.1,0.834,10,68.9,0.646,11,14,54.3,3.21,Medium
STU_11399,Business & Management,Laptop,12,24.7,0.568,11,65.1,0.73,11,10,30.6,2.77,Medium
STU_11400,Computer Science,Laptop,8,21.4,0.535,7,67.2,0.471,10,17,30.6,2.59,Medium
STU_11401,Computer Science,Desktop,4,19.3,0.446,8,43.0,0.331,6,19,39.0,2.3,Low
STU_11402,Computer Science,Laptop,7,18.6,0.574,10,62.1,0.62,12,12,43.5,2.97,Medium
STU_11403,Business & Management,Laptop,16,26.6,0.629,14,79.8,0.619,14,13,44.0,2.67,High
STU_11404,Business & Management,Tablet,12,32.3,0.61,10,77.7,0.802,13,9,51.6,2.6,High
STU_11405,Data Science,Desktop,14,36.0,0.778,12,61.2,0.633,13,8,73.1,3.19,High
STU_11406,Engineering,Tablet,9,28.2,0.635,9,64.4,0.53,11,12,47.5,3.08,Medium
STU_11407,Engineering,Laptop,3,13.1,0.527,5,50.3,0.39,8,14,35.5,2.55,Low
STU_11408,Business & Management,Laptop,17,40.0,0.7,13,68.1,0.719,15,8,63.2,3.46,High
STU_11409,Engineering,Desktop,9,26.1,0.706,11,53.8,0.498,10,13,32.1,2.42,Medium
STU_11410,Computer Science,Laptop,10,19.4,0.553,7,60.7,0.442,9,18,33.1,2.04,Medium
STU_11411,Computer Science,Laptop,15,34.7,0.952,12,71.3,0.749,16,12,35.8,3.64,High
STU_11412,Computer Science,Desktop,11,27.3,0.689,9,65.5,0.468,12,12,35.7,2.58,Medium
STU_11413,Computer Science,Desktop,17,41.4,0.983,16,81.1,0.815,15,9,58.1,3.48,High
STU_11414,Data Science,Laptop,14,35.3,0.653,13,83.6,0.595,13,12,34.0,2.45,Medium
STU_11415,Humanities & Social Sciences,Desktop,6,9.8,0.345,6,49.5,0.33,5,20,22.9,2.45,Low
STU_11416,Computer Science,Laptop,5,14.1,0.426,6,57.7,0.286,6,21,24.9,2.4,Low
STU_11417,Computer Science,Laptop,13,28.4,0.625,8,69.1,0.472,11,9,63.0,,Medium
STU_11418,Data Science,Laptop,15,30.7,0.669,14,,0.623,12,15,72.0,3.22,Medium
STU_11419,Humanities & Social Sciences,Laptop,13,30.6,0.709,9,69.0,0.839,13,8,51.5,3.01,High
STU_11420,Data Science,Laptop,9,14.5,0.704,8,62.4,0.73,9,18,47.6,2.68,Medium
STU_11421,Data Science,Tablet,16,36.0,0.597,11,49.9,0.567,13,10,64.5,3.14,Medium
STU_11422,Computer Science,Desktop,15,49.6,0.815,15,78.7,0.759,17,3,64.9,3.35,High
STU_11423,Computer Science,Desktop,12,23.0,0.713,9,66.6,0.584,11,14,47.3,1.83,Medium
STU_11424,Humanities & Social Sciences,Laptop,7,12.6,0.52,7,46.5,0.168,12,13,14.1,2.39,Low
STU_11425,Humanities & Social Sciences,Laptop,11,38.8,0.798,14,91.3,0.726,15,4,67.0,,High
STU_11426,Computer Science,Laptop,10,16.8,0.519,8,55.1,0.468,10,19,47.1,2.34,Medium
STU_11427,Humanities & Social Sciences,Laptop,1,13.8,0.213,5,44.2,0.302,4,25,8.0,2.28,Low
STU_11428,Business & Management,Laptop,4,22.6,0.391,9,66.8,0.33,12,14,18.2,3.07,Low
STU_11429,Engineering,Mobile,13,25.3,0.792,8,71.1,0.432,11,16,61.8,3.49,Medium
STU_11430,Data Science,Desktop,16,32.2,0.752,13,86.3,0.612,19,7,54.5,3.45,High
STU_11431,Data Science,Desktop,8,27.3,0.447,9,72.9,0.535,15,15,30.8,2.58,Medium
STU_11432,Data Science,Desktop,6,16.0,0.335,5,62.8,0.301,9,20,,2.64,Low
STU_11433,Business & Management,Mobile,10,45.5,0.856,13,,0.969,19,11,56.7,3.0,High
STU_11434,Computer Science,Laptop,9,14.0,0.561,7,45.0,0.317,6,20,19.8,,Low
STU_11435,Computer Science,Laptop,12,35.5,0.796,9,63.6,0.733,11,12,27.6,2.86,Medium
STU_11436,Data Science,Laptop,15,31.4,0.923,10,91.8,0.649,20,15,81.2,2.76,High
STU_11437,Business & Management,Mobile,10,27.6,0.528,6,64.3,0.809,9,14,61.3,2.86,Medium
STU_11438,Computer Science,Tablet,15,26.4,0.824,11,68.4,0.768,14,10,50.7,2.92,High
STU_11439,Business & Management,Laptop,13,30.7,0.662,13,67.2,0.478,13,11,84.9,3.23,Medium
STU_11440,Humanities & Social Sciences,Mobile,7,35.3,0.56,12,57.1,0.746,13,11,63.1,2.88,Medium
STU_11441,Computer Science,Mobile,23,46.1,0.871,14,90.2,0.791,18,10,64.7,3.26,High
STU_11442,Business & Management,Laptop,17,33.3,0.643,10,69.8,0.817,20,9,82.9,2.92,High
STU_11443,Data Science,Laptop,9,27.4,0.695,9,58.4,0.63,15,14,23.1,2.96,Medium
STU_11444,Engineering,Laptop,15,40.6,0.753,14,71.3,0.762,17,0,59.4,3.63,High
STU_11445,Computer Science,Tablet,14,37.3,0.879,14,50.1,0.695,15,10,76.4,3.42,High
STU_11446,Business & Management,Laptop,13,31.9,0.609,9,70.6,0.473,11,12,40.1,2.96,Medium
STU_11447,Engineering,Mobile,5,24.7,0.544,11,61.7,0.54,10,14,57.7,3.03,Medium
STU_11448,Humanities & Social Sciences,Laptop,8,15.4,0.719,7,47.7,0.383,12,12,,2.7,Medium
STU_11449,Business & Management,Desktop,11,40.2,0.668,14,90.9,0.74,17,7,53.1,3.19,High
STU_11450,Data Science,Laptop,10,26.1,0.502,9,65.9,0.626,11,13,50.3,3.34,Medium
STU_11451,Business & Management,Desktop,12,27.6,0.646,14,50.8,0.789,13,9,60.1,2.92,Medium
STU_11452,Engineering,Mobile,5,14.1,0.45,6,55.2,0.521,6,22,28.0,2.79,Low
STU_11453,Business & Management,Mobile,13,34.8,0.89,14,65.0,0.726,15,9,51.0,3.42,High
STU_11454,Computer Science,Mobile,11,32.5,0.798,11,74.6,0.546,12,13,38.9,2.98,Medium
STU_11455,Humanities & Social Sciences,Laptop,7,10.3,0.489,6,54.4,0.383,8,23,55.2,1.97,Low
STU_11456,Business & Management,Desktop,15,37.2,0.748,11,74.8,0.704,14,12,59.5,3.31,High
STU_11457,Business & Management,Laptop,12,22.3,0.665,8,53.8,0.733,11,12,58.4,,Medium
STU_11458,Computer Science,Laptop,12,26.8,0.575,13,56.8,0.728,14,11,60.4,3.37,Medium
STU_11459,Business & Management,Desktop,7,18.9,0.582,14,56.1,0.505,10,22,29.2,2.28,Medium
STU_11460,Data Science,Laptop,11,36.2,0.636,14,58.4,0.779,14,9,47.9,3.29,Medium
STU_11461,Business & Management,Desktop,6,13.8,0.472,3,57.2,0.287,7,20,13.3,2.67,Low
STU_11462,Computer Science,Tablet,1,20.2,0.287,6,51.2,0.482,5,18,38.7,2.22,Low
STU_11463,Business & Management,Laptop,18,47.4,0.814,13,71.8,0.771,22,3,62.1,3.69,High
STU_11464,Humanities & Social Sciences,Desktop,10,36.7,0.547,7,68.2,0.472,8,16,57.6,3.11,Medium
STU_11465,Computer Science,Laptop,9,22.4,0.758,12,42.0,0.312,8,19,18.7,3.1,Medium
STU_11466,Humanities & Social Sciences,Laptop,13,39.3,0.567,13,70.6,0.705,13,4,59.2,3.46,Medium
STU_11467,Data Science,Laptop,6,35.0,0.692,9,73.8,0.667,17,10,80.2,3.55,Medium
STU_11468,Engineering,Tablet,11,35.5,0.732,13,60.2,0.648,13,11,41.5,,Medium
STU_11469,Engineering,Mobile,23,52.2,0.941,15,80.7,0.919,19,9,70.4,3.59,High
STU_11470,Business & Management,Mobile,12,28.8,0.641,11,62.2,0.746,12,7,44.8,3.49,Medium
STU_11471,Business & Management,Tablet,8,21.1,0.674,10,50.0,0.529,8,18,49.9,2.02,Medium
STU_11472,Engineering,Laptop,5,13.3,0.376,8,48.5,0.42,5,20,5.0,2.2,Low
STU_11473,Data Science,Laptop,8,16.3,0.296,8,61.1,0.475,5,19,16.7,2.24,Low
STU_11474,Data Science,Desktop,13,30.3,0.54,12,84.8,0.732,13,16,35.2,2.98,Medium
STU_11475,Business & Management,Desktop,5,19.8,0.331,4,56.4,0.437,7,19,37.0,2.47,Low
STU_11476,Engineering,Laptop,14,30.4,0.835,11,67.9,0.857,14,11,49.3,3.27,High
STU_11477,Engineering,Laptop,9,11.5,0.416,6,58.6,0.397,7,21,17.7,2.33,Low
STU_11478,Engineering,Desktop,12,25.1,0.667,12,51.4,0.458,9,15,45.7,2.83,Medium
STU_11479,Data Science,Desktop,18,30.1,0.72,9,64.1,0.782,12,8,52.4,3.33,High
STU_11480,Engineering,Laptop,16,36.0,0.784,14,91.5,0.915,20,6,64.2,3.37,High
STU_11481,Computer Science,Desktop,23,45.9,0.893,16,82.1,0.97,23,4,66.6,3.62,High
STU_11482,Data Science,Desktop,13,40.8,0.758,12,77.2,0.61,16,3,48.2,3.05,High
STU_11483,Computer Science,Desktop,10,28.2,0.572,7,53.1,0.671,11,18,55.4,2.7,Medium
STU_11484,Data Science,Laptop,16,30.1,0.879,12,71.1,0.812,14,12,72.6,2.7,High
STU_11485,Data Science,Desktop,7,16.3,0.425,9,57.1,0.53,8,17,20.6,3.03,Medium
STU_11486,Data Science,Laptop,9,21.8,0.678,10,62.8,0.225,9,12,32.6,2.91,Medium
STU_11487,Business & Management,Laptop,8,7.0,0.59,5,52.9,0.376,5,17,34.2,2.12,Low
STU_11488,Data Science,Mobile,12,33.0,0.681,13,79.5,0.904,15,2,43.9,3.56,High
STU_11489,Data Science,Desktop,13,14.1,0.609,9,61.3,0.547,7,15,45.3,2.56,Medium
STU_11490,Computer Science,Laptop,6,28.5,0.484,10,58.2,0.409,8,12,41.6,2.51,Medium
STU_11491,Data Science,Desktop,17,27.3,0.629,11,62.7,0.589,16,11,58.8,3.13,High
STU_11492,Computer Science,Desktop,17,42.7,0.585,12,66.4,0.694,14,12,84.3,2.75,High
STU_11493,Computer Science,Mobile,13,36.9,0.628,11,46.0,0.79,13,9,31.6,2.99,Medium
STU_11494,Business & Management,Desktop,8,21.0,0.494,8,59.7,0.389,19,16,57.4,2.86,Medium
STU_11495,Business & Management,Desktop,11,25.5,0.752,8,57.3,0.741,13,12,41.8,3.53,Medium
STU_11496,Business & Management,Desktop,11,27.5,0.624,8,58.0,0.691,12,10,54.5,2.55,Medium
STU_11497,Data Science,Laptop,10,25.1,0.785,6,60.1,0.793,13,18,49.1,2.46,Medium
STU_11498,Data Science,Laptop,17,37.3,0.725,17,69.6,0.784,15,11,73.2,3.16,High
STU_11499,Engineering,Laptop,16,25.0,0.819,8,70.6,0.485,11,9,47.0,2.83,High
STU_11500,Data Science,Desktop,12,32.5,0.673,14,65.8,0.627,12,13,38.4,3.22,Medium
STU_11501,Data Science,Desktop,11,33.4,0.656,11,85.0,0.576,15,10,,3.55,Medium
STU_11502,Computer Science,Laptop,10,27.7,0.706,10,86.5,0.664,15,14,67.9,3.27,Medium
STU_11503,Data Science,Laptop,14,32.3,0.863,15,70.8,0.894,14,5,60.0,3.08,High
STU_11504,Data Science,Desktop,5,17.0,0.512,7,46.5,0.362,6,17,25.7,,Low
STU_11505,Data Science,Laptop,5,17.4,0.489,6,41.5,0.586,8,17,34.5,2.6,Low
STU_11506,Business & Management,Desktop,20,37.4,0.786,11,92.2,0.689,16,5,61.5,3.44,High
STU_11507,Data Science,Laptop,13,30.0,0.579,10,60.9,0.478,12,13,49.8,3.11,Medium
STU_11508,Business & Management,Desktop,10,31.1,0.813,12,63.0,0.8,16,11,48.8,3.14,High
STU_11509,Engineering,Tablet,14,36.6,0.735,9,61.0,0.655,19,12,60.1,3.25,Medium
STU_11510,Engineering,Laptop,12,35.8,0.83,11,71.9,0.786,16,12,81.7,3.49,High
STU_11511,Business & Management,Desktop,14,45.4,0.81,15,76.2,0.903,23,14,75.5,3.67,High
STU_11512,Humanities & Social Sciences,Laptop,6,21.1,0.558,10,64.3,0.316,7,17,43.3,,Low
STU_11513,Computer Science,Desktop,20,39.5,0.84,12,54.7,0.775,19,6,75.3,3.16,High
STU_11514,Computer Science,Desktop,13,32.5,0.75,11,69.4,0.521,15,16,60.6,3.34,Medium
STU_11515,Computer Science,Laptop,9,36.9,0.813,14,82.1,0.697,15,12,60.2,3.38,High
STU_11516,Business & Management,Desktop,17,35.3,0.894,17,66.3,0.82,14,15,47.6,3.43,High
STU_11517,Engineering,Mobile,9,20.4,0.556,9,66.7,0.595,10,15,34.3,2.63,Medium
STU_11518,Computer Science,Laptop,9,27.0,0.596,12,71.8,0.622,16,13,52.6,3.34,Medium
STU_11519,Humanities & Social Sciences,Laptop,9,27.7,0.692,14,55.8,0.564,13,14,45.8,2.71,Medium
STU_11520,Computer Science,Mobile,10,26.4,0.413,12,43.4,0.512,10,15,52.9,2.6,Medium
STU_11521,Humanities & Social Sciences,Desktop,12,30.7,0.682,8,68.9,0.634,13,13,44.6,3.26,Medium
STU_11522,Data Science,Mobile,12,18.3,0.579,9,57.0,0.385,6,19,28.4,2.84,Medium
STU_11523,Computer Science,Desktop,6,23.8,0.48,8,50.8,0.482,10,17,39.8,2.69,Medium
STU_11524,Data Science,Mobile,13,35.7,0.751,11,77.7,0.698,14,15,57.8,3.01,High
STU_11525,Computer Science,Laptop,9,29.9,0.73,13,59.8,0.63,10,15,37.6,2.84,Medium
STU_11526,Computer Science,Desktop,8,25.5,0.618,8,76.0,0.645,17,13,39.0,3.0,Medium
STU_11527,Data Science,Mobile,11,17.1,0.61,11,61.1,0.343,9,16,45.3,2.54,Medium
STU_11528,Engineering,Desktop,4,5.2,0.382,1,55.3,0.151,4,22,16.5,2.17,Low
STU_11529,Data Science,Laptop,18,43.7,0.977,15,86.3,0.915,19,2,81.4,3.4,High
STU_11530,Data Science,Laptop,19,42.7,0.788,14,83.2,0.826,23,8,70.5,4.0,High
STU_11531,Business & Management,Laptop,8,17.3,0.619,10,45.0,0.513,9,17,41.2,2.2,Medium
STU_11532,Business & Management,Laptop,10,39.3,0.686,14,70.9,0.651,14,7,38.0,2.91,Medium
STU_11533,Computer Science,Laptop,7,16.7,0.415,6,52.1,0.425,6,14,32.8,2.75,Low
STU_11534,Data Science,Desktop,21,46.0,0.936,14,99.4,0.701,18,6,57.6,4.0,High
STU_11535,Computer Science,Desktop,14,30.1,0.686,11,64.2,0.735,10,13,27.0,2.62,Medium
STU_11536,Computer Science,Laptop,18,30.1,0.837,13,85.3,0.774,17,4,79.7,3.31,High
STU_11537,Business & Management,Desktop,10,21.9,0.48,15,73.7,0.546,12,10,35.1,2.9,Medium
STU_11538,Computer Science,Laptop,11,23.8,0.546,12,74.6,0.574,10,13,53.4,2.96,Medium
STU_11539,Data Science,Laptop,12,28.2,0.621,12,66.4,0.727,13,12,35.0,3.02,Medium
STU_11540,Business & Management,Laptop,11,32.3,0.673,10,90.3,0.754,18,9,44.5,3.36,High
STU_11541,Computer Science,Desktop,17,47.5,0.712,12,76.2,0.814,19,2,55.0,3.56,High
STU_11542,Business & Management,Laptop,11,39.6,0.806,12,87.4,0.659,14,7,66.4,3.37,High
STU_11543,Computer Science,Laptop,13,38.3,0.656,12,66.0,0.832,13,11,60.2,3.65,Medium
STU_11544,Humanities & Social Sciences,Laptop,20,41.0,0.979,12,87.6,0.813,16,11,47.5,3.38,High
STU_11545,Data Science,Mobile,9,12.1,0.585,8,45.4,0.506,6,18,15.5,2.43,Medium
STU_11546,Engineering,Laptop,7,15.4,0.498,11,66.4,0.433,9,18,46.4,2.66,Medium
STU_11547,Business & Management,Desktop,16,33.1,0.799,15,70.3,0.847,18,9,76.9,3.19,High
STU_11548,Computer Science,Desktop,4,17.4,0.488,3,42.9,0.279,5,17,45.4,2.41,Low
STU_11549,Business & Management,Mobile,9,22.9,0.487,9,51.1,0.487,9,18,30.0,2.53,Medium
STU_11550,Humanities & Social Sciences,Tablet,12,23.6,0.525,9,66.1,0.566,10,18,36.4,,Medium
STU_11551,Business & Management,Laptop,13,25.8,0.608,13,69.2,0.771,12,12,51.0,3.03,Medium
STU_11552,Engineering,Laptop,20,43.1,0.849,16,77.8,0.783,18,9,62.2,3.27,High
STU_11553,Engineering,Mobile,13,22.6,0.52,9,65.2,0.719,17,12,45.9,2.96,Medium
STU_11554,Computer Science,Desktop,14,38.4,0.662,14,68.6,0.758,15,6,50.2,3.43,High
STU_11555,Computer Science,Desktop,17,37.1,0.762,12,69.2,0.639,16,11,63.6,2.98,High
STU_11556,Business & Management,Desktop,6,15.1,0.341,5,42.1,0.3,7,24,30.7,2.49,Low
STU_11557,Data Science,Desktop,8,32.3,0.549,8,55.3,0.678,12,13,47.6,3.39,Medium
STU_11558,Engineering,Tablet,10,23.5,0.401,11,65.0,0.347,7,16,42.6,2.35,Medium
STU_11559,Humanities & Social Sciences,Tablet,18,36.6,0.827,15,66.6,0.602,17,11,71.8,4.0,High
STU_11560,Data Science,Desktop,6,19.1,0.371,3,43.7,0.322,6,22,33.7,2.34,Low
STU_11561,Computer Science,Laptop,9,23.5,0.666,9,49.9,0.541,19,13,41.2,2.75,Medium
STU_11562,Engineering,Mobile,18,37.8,0.84,16,64.5,0.681,15,8,56.9,3.4,High
STU_11563,Computer Science,Laptop,15,32.3,0.823,9,72.1,0.787,13,17,51.8,2.63,High
STU_11564,Engineering,Laptop,7,24.1,0.545,11,59.4,0.632,11,19,53.2,2.63,Medium
STU_11565,Data Science,Mobile,14,31.4,0.472,11,69.2,0.698,15,8,57.7,3.3,Medium
STU_11566,Business & Management,Laptop,7,16.5,0.515,5,54.3,0.503,7,13,26.9,2.48,Medium
STU_11567,Computer Science,Laptop,12,26.4,0.666,8,,0.587,9,16,31.6,2.45,Medium
STU_11568,Business & Management,Laptop,10,19.2,0.459,5,57.1,0.538,9,19,26.9,2.95,Medium
STU_11569,Data Science,Mobile,16,26.4,0.94,10,80.2,0.583,14,13,64.3,3.16,High
STU_11570,Business & Management,Desktop,5,16.8,0.569,9,50.3,0.605,8,18,14.7,2.55,Medium
STU_11571,Computer Science,Desktop,14,26.0,0.924,15,72.2,0.838,16,8,43.7,4.0,High
STU_11572,Business & Management,Laptop,21,44.3,0.741,17,85.1,0.853,21,3,62.7,3.35,High
STU_11573,Engineering,Mobile,7,21.4,0.563,8,57.4,0.58,9,14,45.7,2.34,Medium
STU_11574,Computer Science,Mobile,8,28.0,0.726,11,52.8,0.483,15,15,43.2,2.82,Medium
STU_11575,Computer Science,Laptop,14,39.5,0.626,10,55.3,0.748,14,9,40.5,3.15,Medium
STU_11576,Computer Science,Laptop,11,34.5,0.62,10,68.9,0.701,12,6,55.5,3.22,Medium
STU_11577,Business & Management,Laptop,16,30.0,0.583,8,77.9,0.392,12,13,50.4,2.7,Medium
STU_11578,Business & Management,Tablet,12,21.2,0.695,9,78.7,0.804,10,14,54.8,2.49,Medium
STU_11579,Data Science,Desktop,15,35.6,0.884,13,65.6,0.618,15,14,74.1,3.46,High
STU_11580,Computer Science,Tablet,13,31.7,0.663,13,67.9,0.753,14,10,67.9,3.01,High
STU_11581,Data Science,Laptop,20,37.7,0.854,13,81.3,0.949,20,2,69.5,3.44,High
STU_11582,Business & Management,Mobile,16,33.8,0.821,12,78.3,0.487,15,12,56.7,3.31,High
STU_11583,Data Science,Mobile,10,20.5,0.778,9,56.5,0.626,12,13,50.4,3.19,Medium
STU_11584,Humanities & Social Sciences,Desktop,5,12.6,0.462,5,69.5,0.537,6,17,27.1,2.36,Medium
STU_11585,Computer Science,Tablet,9,26.6,0.616,8,55.0,0.643,14,12,49.8,3.2,Medium
STU_11586,Business & Management,Laptop,10,30.6,0.464,11,72.4,0.779,13,13,43.9,3.0,Medium
STU_11587,Data Science,Laptop,10,15.7,0.413,6,51.2,0.541,8,18,22.9,2.11,Medium
STU_11588,Data Science,Desktop,6,26.2,0.669,9,60.7,0.547,12,14,54.8,2.55,Medium
STU_11589,Business & Management,Desktop,17,48.8,0.9,12,90.3,0.905,18,8,49.9,3.25,High
STU_11590,Business & Management,Desktop,21,47.6,0.802,14,96.1,1.0,24,6,64.6,3.48,High
STU_11591,Humanities & Social Sciences,Laptop,13,33.7,0.805,10,75.7,0.79,14,12,57.6,3.14,High
STU_11592,Computer Science,Desktop,3,9.0,0.499,6,40.3,0.299,5,22,23.9,2.6,Low
STU_11593,Computer Science,Laptop,17,35.4,0.977,10,64.4,0.867,16,9,57.3,2.65,High
STU_11594,Business & Management,Laptop,3,13.8,0.537,4,72.1,0.5,8,25,12.2,2.56,Low
STU_11595,Business & Management,Desktop,12,37.5,0.726,10,70.4,0.549,11,9,36.5,3.42,Medium
STU_11596,Computer Science,Desktop,14,36.7,0.665,12,60.8,0.652,13,8,47.4,3.65,Medium
STU_11597,Computer Science,Laptop,15,36.0,0.878,10,80.4,0.668,16,6,35.2,3.27,High
STU_11598,Computer Science,Laptop,15,42.3,0.81,12,72.7,0.914,16,8,63.9,2.94,High
STU_11599,Engineering,Laptop,9,19.6,0.43,6,67.7,0.349,6,19,40.6,1.96,Low
STU_11600,Computer Science,Laptop,12,32.1,0.69,8,62.9,0.559,12,9,59.5,3.22,Medium
STU_11601,Data Science,Mobile,9,9.1,0.447,8,62.5,0.566,6,17,39.1,2.56,Medium
STU_11602,Computer Science,Mobile,8,6.4,0.359,8,45.8,0.216,4,28,24.7,,Low
STU_11603,Data Science,Laptop,17,37.0,0.754,12,60.4,0.746,17,10,54.9,2.78,High
STU_11604,Computer Science,Mobile,20,37.0,0.792,16,74.6,0.786,19,9,67.9,3.24,High
STU_11605,Data Science,Mobile,13,28.3,0.831,10,63.0,0.778,12,7,40.7,3.23,High
STU_11606,Computer Science,Mobile,15,30.3,0.673,12,65.0,0.625,13,11,45.6,3.27,Medium
STU_11607,Engineering,Laptop,18,42.7,0.789,20,84.7,0.856,25,7,48.6,3.84,High
STU_11608,Computer Science,Tablet,1,6.9,0.293,2,21.5,0.059,2,25,29.2,2.52,Low
STU_11609,Data Science,Laptop,14,30.9,0.672,10,71.8,0.67,12,10,49.8,2.82,Medium
STU_11610,Engineering,Laptop,11,28.5,0.527,8,44.6,0.546,18,17,63.6,3.08,Medium
STU_11611,Business & Management,Laptop,14,29.8,0.719,10,71.9,0.659,16,13,43.1,2.81,High
STU_11612,Data Science,Desktop,11,26.0,0.724,9,57.8,0.73,12,13,44.9,2.86,Medium
STU_11613,Data Science,Laptop,8,20.2,0.639,9,64.1,0.631,9,13,50.1,2.61,Medium
STU_11614,Data Science,Laptop,10,24.9,0.413,7,45.6,0.536,8,12,40.6,2.86,Medium
STU_11615,Business & Management,Laptop,12,36.7,0.916,18,72.6,0.712,16,1,60.0,3.2,High
STU_11616,Humanities & Social Sciences,Mobile,20,36.2,0.767,15,61.0,1.0,18,5,81.5,3.61,High
STU_11617,Business & Management,Mobile,12,33.1,0.815,10,59.0,0.49,13,10,41.3,3.23,Medium
STU_11618,Business & Management,Laptop,9,18.0,0.427,6,70.4,0.38,7,14,43.3,2.98,Medium
STU_11619,Business & Management,Mobile,16,35.1,0.688,12,88.6,0.674,15,9,53.2,3.46,High
STU_11620,Data Science,Mobile,18,41.4,0.666,12,68.1,0.819,20,9,60.7,3.98,High
STU_11621,Computer Science,Mobile,10,33.3,0.669,12,69.9,0.716,16,6,57.3,2.99,Medium
STU_11622,Business & Management,Laptop,17,47.8,0.923,14,81.4,0.697,17,9,58.4,3.58,High
STU_11623,Humanities & Social Sciences,Desktop,10,23.7,0.812,8,61.9,0.564,9,15,38.6,2.88,Medium
STU_11624,Computer Science,Tablet,13,38.5,0.895,13,69.3,0.848,18,4,39.8,3.01,High
STU_11625,Business & Management,Desktop,6,11.8,0.527,6,42.1,0.482,8,20,,2.87,Low
STU_11626,Computer Science,Laptop,14,33.4,0.741,11,83.3,0.619,16,6,40.8,3.53,High
STU_11627,Data Science,Desktop,6,19.7,0.502,6,56.6,0.536,14,22,55.8,2.57,Medium
STU_11628,Computer Science,Desktop,10,9.4,0.349,7,34.3,0.296,4,23,24.8,1.83,Low
STU_11629,Data Science,Desktop,20,43.6,0.957,13,80.6,0.684,18,6,74.2,3.44,High
STU_11630,Engineering,Laptop,15,38.9,0.746,13,69.9,0.716,16,9,28.5,2.98,High
STU_11631,Data Science,Laptop,12,33.7,0.687,15,65.8,0.584,12,6,51.0,3.14,Medium
STU_11632,Business & Management,Mobile,13,31.9,0.712,14,72.1,0.65,13,16,52.0,3.12,Medium
STU_11633,Engineering,Mobile,13,25.4,0.596,8,63.6,0.649,18,10,36.1,3.45,Medium
STU_11634,Humanities & Social Sciences,Laptop,18,38.0,0.745,11,81.8,0.726,13,10,62.3,2.92,High
STU_11635,Computer Science,Tablet,7,28.3,0.6,9,48.5,0.604,8,15,28.3,2.78,Medium
STU_11636,Data Science,Laptop,5,20.6,0.543,9,49.8,0.313,9,18,25.6,2.2,Low
STU_11637,Computer Science,Desktop,19,42.5,0.792,12,84.4,0.754,16,7,56.0,3.05,High
STU_11638,Humanities & Social Sciences,Mobile,10,36.6,0.868,11,96.0,0.821,14,7,65.5,3.07,High
STU_11639,Humanities & Social Sciences,Mobile,14,43.2,0.83,13,100.0,0.629,16,8,64.8,3.15,High
STU_11640,Data Science,Tablet,18,41.1,0.886,16,91.8,0.866,19,9,73.5,3.76,High
STU_11641,Engineering,Laptop,3,14.6,0.576,7,49.7,0.45,9,18,38.6,2.45,Low
STU_11642,Data Science,Mobile,17,36.7,0.86,10,68.6,0.608,17,3,52.8,3.45,High
STU_11643,Business & Management,Laptop,11,27.2,0.483,8,55.8,0.452,8,17,49.3,2.39,Medium
STU_11644,Computer Science,Desktop,14,35.4,0.697,14,61.8,0.655,16,3,64.0,3.4,High
STU_11645,Engineering,Desktop,12,14.5,0.472,6,65.7,0.552,9,11,47.5,2.48,Medium
STU_11646,Computer Science,Desktop,21,40.7,0.71,13,93.8,0.587,18,1,56.9,3.89,High
STU_11647,Engineering,Laptop,15,41.3,0.788,13,74.6,0.675,16,10,59.1,2.98,High
STU_11648,Engineering,Mobile,14,30.8,0.758,14,94.5,0.677,14,4,68.0,2.76,High
STU_11649,Business & Management,Laptop,11,9.7,0.481,6,75.0,0.487,8,22,47.3,2.2,Medium
STU_11650,Computer Science,Laptop,13,28.3,0.542,10,73.2,0.447,11,15,56.6,2.57,Medium
STU_11651,Data Science,Desktop,18,42.3,0.787,15,75.9,0.967,21,3,77.2,3.55,High
STU_11652,Computer Science,Desktop,17,35.4,0.83,12,63.4,0.761,14,12,35.5,3.3,High
STU_11653,Data Science,Mobile,16,33.1,0.983,12,83.7,0.868,18,11,55.9,3.54,High
STU_11654,Computer Science,Laptop,4,11.4,0.406,6,58.1,0.328,7,18,32.0,1.67,Low
STU_11655,Humanities & Social Sciences,Laptop,6,19.8,0.42,4,45.2,0.364,5,23,13.5,2.62,Low
STU_11656,Business & Management,Mobile,14,22.5,0.585,9,54.4,0.518,12,14,49.5,2.96,Medium
STU_11657,Data Science,Desktop,7,36.7,0.743,13,53.3,0.709,13,9,45.5,3.24,Medium
STU_11658,Data Science,Laptop,12,26.9,0.533,10,59.7,0.622,13,14,46.6,3.31,Medium
STU_11659,Data Science,Desktop,12,24.1,0.684,9,53.6,0.413,8,14,36.7,2.44,Medium
STU_11660,Business & Management,Desktop,9,23.2,0.576,10,71.6,0.52,9,19,45.4,2.51,Medium
STU_11661,Data Science,Desktop,10,11.6,0.473,6,47.3,0.461,6,15,38.7,2.55,Medium
STU_11662,Humanities & Social Sciences,Desktop,15,27.8,0.732,9,39.9,0.509,13,16,35.1,3.28,Medium
STU_11663,Data Science,Mobile,6,18.8,0.342,7,47.0,0.336,5,19,41.8,2.09,Low
STU_11664,Humanities & Social Sciences,Mobile,13,35.0,0.804,11,70.4,0.853,19,11,62.7,3.22,High
STU_11665,Engineering,Desktop,11,34.0,0.753,11,64.0,0.54,13,11,44.7,2.82,Medium
STU_11666,Computer Science,Laptop,21,41.1,0.623,12,50.4,0.866,15,10,66.9,3.06,High
STU_11667,Humanities & Social Sciences,Mobile,13,15.2,0.515,10,53.5,0.429,7,9,14.8,2.48,Medium
STU_11668,Computer Science,Desktop,12,24.3,0.604,9,78.9,0.493,13,13,49.4,3.17,Medium
STU_11669,Engineering,Desktop,8,17.7,0.45,7,55.7,0.666,8,11,32.2,,Medium
STU_11670,Data Science,Laptop,8,16.6,0.592,7,50.8,0.66,9,19,22.7,2.34,Medium
STU_11671,Engineering,Mobile,11,30.9,0.5,12,56.9,0.526,10,12,25.8,2.45,Medium
STU_11672,Engineering,Desktop,4,19.5,0.388,7,55.0,0.55,8,16,38.9,2.81,Low
STU_11673,Engineering,Laptop,16,36.7,0.884,14,64.0,0.788,16,4,66.3,3.6,High
STU_11674,Engineering,Laptop,15,29.8,0.621,9,57.4,0.652,13,12,62.5,3.36,Medium
STU_11675,Data Science,Mobile,6,32.8,0.587,10,74.8,0.627,10,11,52.6,3.05,Medium
STU_11676,Computer Science,Laptop,15,38.9,0.581,11,75.2,0.66,12,11,46.4,3.45,Medium
STU_11677,Data Science,Tablet,14,27.3,0.411,12,58.8,0.591,10,13,76.0,2.16,Medium
STU_11678,Computer Science,Desktop,10,19.0,0.511,11,71.7,0.634,12,9,60.0,2.95,Medium
STU_11679,Business & Management,Desktop,18,35.7,0.839,11,64.6,0.652,14,8,40.6,2.97,High
STU_11680,Data Science,Laptop,10,31.8,0.566,9,57.3,0.539,10,11,44.3,3.52,Medium
STU_11681,Humanities & Social Sciences,Laptop,13,30.5,0.612,15,58.8,0.518,12,15,50.6,2.63,Medium
STU_11682,Business & Management,Tablet,15,41.2,0.836,11,62.9,0.58,17,11,56.3,2.93,High
STU_11683,Engineering,Laptop,5,17.0,0.377,4,50.9,0.405,6,15,53.7,2.23,Low
STU_11684,Computer Science,Mobile,8,18.4,0.704,9,78.2,0.45,15,16,35.9,2.57,Medium
STU_11685,Engineering,Laptop,12,21.7,0.663,11,44.6,0.402,10,13,37.4,2.7,Medium
STU_11686,Humanities & Social Sciences,Laptop,19,39.7,0.877,13,95.2,0.728,17,4,71.9,3.71,High
STU_11687,Data Science,Laptop,11,31.1,0.567,12,39.9,0.537,12,14,45.6,3.32,Medium
STU_11688,Business & Management,Desktop,6,19.5,0.599,7,64.0,0.468,9,17,35.7,2.99,Medium
STU_11689,Engineering,Tablet,9,22.1,0.446,7,40.3,0.627,9,9,61.4,3.36,Medium
STU_11690,Computer Science,Laptop,11,25.1,0.64,9,65.6,0.484,14,18,58.6,3.14,Medium
STU_11691,Data Science,Laptop,14,42.3,0.894,16,67.1,0.876,15,11,39.4,3.05,High
STU_11692,Data Science,Laptop,13,19.8,0.693,5,63.1,0.408,8,17,57.5,2.57,Medium
STU_11693,Computer Science,Desktop,9,24.1,0.763,10,61.8,0.705,15,9,47.7,3.28,Medium
STU_11694,Data Science,Laptop,11,45.0,0.74,16,86.0,0.732,19,7,78.5,3.15,High
STU_11695,Computer Science,Mobile,10,38.3,0.597,15,65.5,0.806,12,10,71.8,2.9,Medium
STU_11696,Computer Science,Desktop,11,26.7,0.394,8,71.8,0.665,8,19,49.8,2.95,Medium
STU_11697,Computer Science,Desktop,4,13.3,0.511,7,51.0,0.504,13,21,57.7,3.03,Medium
STU_11698,Humanities & Social Sciences,Laptop,11,30.4,0.657,14,74.9,0.91,14,10,64.9,3.2,High
STU_11699,Data Science,Tablet,15,27.9,0.488,11,70.1,0.752,13,9,58.1,3.13,Medium
STU_11700,Humanities & Social Sciences,Laptop,7,22.5,0.505,5,58.4,0.441,12,21,39.7,,Medium
STU_11701,Data Science,Laptop,5,8.7,0.2,8,53.9,0.192,6,24,6.8,1.68,Low
STU_11702,Data Science,Desktop,15,29.2,0.638,14,70.2,0.432,13,10,48.4,2.97,Medium
STU_11703,Data Science,Desktop,10,26.0,0.837,11,48.5,0.458,10,15,,2.61,Medium
STU_11704,Data Science,Laptop,14,35.6,0.763,15,66.6,0.577,17,7,55.3,3.51,High
STU_11705,Computer Science,Laptop,8,21.2,0.605,5,58.0,0.324,5,14,33.6,2.26,Medium
STU_11706,Business & Management,Mobile,15,41.5,0.862,15,71.1,0.99,19,0,67.3,3.99,High
STU_11707,Computer Science,Laptop,6,32.0,0.425,9,58.1,0.49,18,14,43.0,3.02,Medium
STU_11708,Business & Management,Mobile,11,30.5,0.765,13,62.3,0.593,13,16,32.1,2.95,Medium
STU_11709,Business & Management,Desktop,18,42.8,0.908,13,74.5,0.768,18,5,52.7,3.15,High
STU_11710,Computer Science,Laptop,16,45.3,0.816,12,74.3,0.787,18,5,80.3,3.14,High
STU_11711,Computer Science,Desktop,12,24.1,0.552,8,61.2,0.483,11,16,33.4,3.24,Medium
STU_11712,Engineering,Laptop,9,33.3,0.701,10,63.1,0.828,18,10,50.2,2.57,Medium
STU_11713,Data Science,Mobile,11,25.4,0.482,7,54.5,0.566,10,15,44.6,2.78,Medium
STU_11714,Computer Science,Desktop,8,16.4,0.397,5,69.0,0.45,8,20,35.1,2.5,Medium
STU_11715,Humanities & Social Sciences,Laptop,10,27.6,0.581,13,85.0,0.952,16,10,52.3,2.49,High
STU_11716,Computer Science,Desktop,12,30.3,0.439,12,65.7,0.72,14,15,23.7,3.16,Medium
STU_11717,Business & Management,Tablet,8,21.7,0.514,8,62.9,0.496,9,13,42.4,2.69,Medium
STU_11718,Humanities & Social Sciences,Laptop,16,15.9,0.61,8,59.6,0.547,11,15,58.8,2.84,Medium
STU_11719,Computer Science,Mobile,8,24.2,0.727,11,69.9,0.586,12,14,73.7,3.32,Medium
STU_11720,Computer Science,Laptop,14,17.0,0.511,10,55.7,0.373,10,15,34.8,3.13,Medium
STU_11721,Computer Science,Laptop,9,29.1,0.567,10,76.2,0.645,10,15,47.8,,Medium
STU_11722,Data Science,Laptop,5,19.5,0.44,9,75.6,0.409,8,13,68.1,2.92,Medium
STU_11723,Computer Science,Laptop,5,13.5,0.471,5,46.3,0.467,5,17,28.7,2.53,Low
STU_11724,Business & Management,Laptop,15,38.1,0.849,14,84.3,0.949,14,6,59.5,3.54,High
STU_11725,Computer Science,Laptop,14,25.6,0.763,10,61.1,0.415,21,7,27.3,3.72,Medium
STU_11726,Data Science,Mobile,17,35.1,0.68,12,63.6,0.456,13,10,64.7,2.86,Medium
STU_11727,Humanities & Social Sciences,Mobile,16,32.7,0.585,11,66.1,0.583,13,9,54.8,3.25,Medium
STU_11728,Engineering,Desktop,15,42.9,0.954,14,78.8,0.926,20,6,55.3,3.78,High
STU_11729,Business & Management,Laptop,13,20.2,0.652,13,68.9,0.709,10,17,52.0,2.4,Medium
STU_11730,Data Science,Laptop,8,15.3,0.458,8,50.7,0.541,7,16,44.8,3.11,Medium
STU_11731,Business & Management,Laptop,10,30.8,0.545,8,73.3,0.642,11,16,37.8,3.13,Medium
STU_11732,Data Science,Desktop,4,7.5,0.431,6,38.9,0.333,2,23,5.0,2.3,Low
STU_11733,Data Science,Mobile,10,33.4,0.543,9,65.3,0.628,17,17,48.0,2.83,Medium
STU_11734,Computer Science,Laptop,14,44.1,0.853,12,62.4,0.83,17,6,62.9,3.44,High
STU_11735,Engineering,Laptop,6,21.5,0.489,5,43.3,0.401,10,21,36.7,2.22,Low
STU_11736,Data Science,Desktop,14,46.2,0.669,16,82.1,0.802,20,5,75.9,3.93,High
STU_11737,Computer Science,Laptop,7,17.3,0.614,4,51.1,0.281,5,17,7.0,2.69,Low
STU_11738,Data Science,Laptop,14,29.1,0.72,10,64.6,0.694,15,11,37.8,3.01,High
STU_11739,Data Science,Desktop,10,26.7,0.505,8,54.6,0.578,12,11,45.6,3.27,Medium
STU_11740,Engineering,Desktop,21,53.0,0.714,15,73.6,1.0,23,6,49.6,3.08,High
STU_11741,Business & Management,Laptop,10,23.8,0.522,10,66.1,0.427,10,16,33.8,2.53,Medium
STU_11742,Engineering,Laptop,6,12.1,0.383,6,46.0,0.519,6,20,23.7,2.47,Low
STU_11743,Computer Science,Tablet,17,34.5,1.0,15,92.2,0.729,16,7,72.6,3.39,High
STU_11744,Data Science,Laptop,13,32.5,0.583,10,72.8,0.773,13,14,68.5,3.27,Medium
STU_11745,Data Science,Laptop,16,34.4,0.831,14,81.6,0.845,17,9,68.2,3.4,High
STU_11746,Computer Science,Laptop,7,40.4,0.807,12,84.3,0.667,13,10,75.7,3.52,Medium
STU_11747,Computer Science,Laptop,9,23.3,0.54,7,51.7,0.419,9,15,55.1,2.26,Medium
STU_11748,Engineering,Laptop,2,21.4,0.325,5,57.6,0.338,8,15,41.1,1.93,Low
STU_11749,Computer Science,Mobile,7,24.6,0.537,8,67.4,0.584,10,11,51.9,2.41,Medium
STU_11750,Data Science,Laptop,3,11.0,0.303,6,46.9,0.343,5,17,22.1,2.04,Low
STU_11751,Computer Science,Laptop,13,32.7,0.768,14,62.5,0.739,21,5,42.2,3.33,High
STU_11752,Computer Science,Desktop,17,41.4,0.839,13,64.8,0.749,21,1,59.8,3.56,High
STU_11753,Computer Science,Desktop,14,38.8,0.832,13,67.6,0.806,17,5,68.4,3.4,High
STU_11754,Humanities & Social Sciences,Mobile,14,32.9,0.644,10,78.4,0.562,15,15,45.6,3.15,Medium
STU_11755,Engineering,Mobile,13,33.7,0.537,14,61.9,0.617,12,9,57.3,3.14,Medium
STU_11756,Humanities & Social Sciences,Laptop,7,24.1,0.595,11,76.3,0.772,11,14,26.5,2.55,Medium
STU_11757,Data Science,Mobile,12,28.5,0.481,15,59.0,0.631,11,11,52.7,2.88,Medium
STU_11758,Computer Science,Desktop,7,12.0,0.281,7,52.5,0.498,6,19,19.5,2.3,Low
STU_11759,Data Science,Tablet,8,24.0,0.736,6,63.8,0.425,9,13,29.4,3.07,Medium
STU_11760,Data Science,Desktop,12,31.7,0.676,10,76.5,0.663,11,12,68.0,3.1,Medium
STU_11761,Engineering,Tablet,5,6.8,0.369,4,42.8,0.394,3,28,49.5,2.83,Low
STU_11762,Computer Science,Mobile,14,33.1,0.499,16,60.9,0.531,14,10,34.5,2.68,Medium
STU_11763,Data Science,Laptop,1,22.0,0.244,2,30.4,0.375,5,19,,2.23,Low
STU_11764,Computer Science,Desktop,16,45.1,0.897,14,76.7,0.78,26,2,62.5,3.75,High
STU_11765,Data Science,Tablet,14,24.9,0.727,12,92.5,0.598,10,17,51.3,2.68,Medium
STU_11766,Business & Management,Mobile,20,40.7,0.852,15,78.9,0.693,19,10,58.7,3.6,High
STU_11767,Data Science,Laptop,18,38.1,0.779,11,64.6,0.673,18,5,50.6,3.18,High
STU_11768,Data Science,Desktop,12,24.5,0.698,9,63.4,0.461,14,13,48.6,3.26,Medium
STU_11769,Data Science,Laptop,12,20.9,0.568,8,62.9,0.366,7,18,35.8,2.18,Medium
STU_11770,Data Science,Laptop,14,18.5,0.632,10,54.4,0.468,8,15,49.5,3.31,Medium
STU_11771,Engineering,Laptop,9,15.8,0.614,7,50.3,0.586,9,12,31.2,2.97,Medium
STU_11772,Engineering,Laptop,12,36.5,0.593,16,96.6,0.736,16,6,53.4,3.38,High
STU_11773,Humanities & Social Sciences,Mobile,12,30.5,0.532,11,71.6,0.655,13,8,58.2,3.15,Medium
STU_11774,Engineering,Laptop,26,42.4,0.943,16,97.8,0.769,19,8,67.1,,High
STU_11775,Data Science,Mobile,8,25.2,0.626,10,64.6,0.642,11,14,28.6,3.24,Medium
STU_11776,Business & Management,Laptop,3,10.4,0.147,6,60.7,0.442,3,27,40.2,2.03,Low
STU_11777,Data Science,Laptop,1,6.4,0.347,7,54.1,0.363,3,18,21.1,1.59,Low
STU_11778,Computer Science,Laptop,10,23.3,0.614,14,65.6,0.625,12,16,39.4,2.8,Medium
STU_11779,Engineering,Laptop,4,23.8,0.481,8,42.0,0.382,8,19,61.0,2.26,Low
STU_11780,Computer Science,Laptop,9,25.9,0.639,8,53.7,0.486,9,16,64.7,2.79,Medium
STU_11781,Humanities & Social Sciences,Laptop,7,25.0,0.605,11,72.4,0.699,13,13,60.4,3.03,Medium
STU_11782,Data Science,Desktop,12,19.9,0.613,8,59.1,0.468,9,24,28.7,2.39,Medium
STU_11783,Business & Management,Laptop,23,49.3,0.909,15,91.9,0.917,21,12,89.7,4.0,High
STU_11784,Business & Management,Laptop,9,19.9,0.74,9,58.4,0.586,9,15,20.9,2.63,Medium
STU_11785,Engineering,Laptop,13,26.3,0.794,12,76.4,0.667,16,14,55.8,3.51,High
STU_11786,Business & Management,Mobile,10,27.5,0.509,7,56.8,0.483,11,11,36.7,2.61,Medium
STU_11787,Business & Management,Mobile,12,29.0,0.679,8,69.3,0.539,11,13,36.9,2.93,Medium
STU_11788,Computer Science,Desktop,9,24.9,0.55,7,51.0,0.393,9,13,41.8,2.82,Medium
STU_11789,Data Science,Laptop,16,37.4,0.728,12,71.7,0.765,14,9,64.1,2.65,High
STU_11790,Computer Science,Laptop,15,29.6,0.718,10,65.7,0.72,12,13,57.6,2.82,Medium
STU_11791,Business & Management,Tablet,13,34.5,0.774,11,67.7,0.7,21,15,56.9,3.38,High
STU_11792,Data Science,Laptop,6,18.5,0.453,4,46.9,0.701,6,16,27.7,2.48,Medium
STU_11793,Business & Management,Laptop,11,27.0,0.365,7,60.1,0.421,8,20,46.4,2.65,Medium
STU_11794,Computer Science,Laptop,10,31.0,0.71,11,77.5,0.611,14,9,62.8,3.4,Medium
STU_11795,Computer Science,Laptop,11,34.5,0.763,13,79.6,0.849,16,6,61.4,3.11,High
STU_11796,Business & Management,Laptop,10,19.4,0.449,13,65.6,0.607,9,14,29.9,2.79,Medium
STU_11797,Computer Science,Mobile,18,37.8,0.841,14,81.0,0.881,16,12,43.0,3.05,High
STU_11798,Computer Science,Laptop,5,17.7,0.411,6,47.0,0.542,7,12,38.8,2.33,Low
STU_11799,Computer Science,Desktop,9,18.5,0.665,7,49.0,0.5,13,15,56.1,3.26,Medium
STU_11800,Humanities & Social Sciences,Laptop,13,40.2,0.962,11,72.4,0.807,20,11,57.1,3.35,High
STU_11801,Business & Management,Laptop,14,43.8,0.904,12,79.2,0.674,16,3,67.8,3.32,High
STU_11802,Data Science,Mobile,13,21.1,0.666,11,60.2,0.718,10,14,61.9,2.69,Medium
STU_11803,Computer Science,Laptop,2,8.1,0.439,5,61.8,0.459,8,18,48.5,1.87,Low
STU_11804,Data Science,Mobile,9,24.1,0.584,8,63.4,0.647,10,21,35.3,3.04,Medium
STU_11805,Engineering,Desktop,6,20.8,0.557,8,57.4,0.499,14,12,35.8,3.3,Medium
STU_11806,Business & Management,Laptop,8,30.8,0.713,9,71.3,0.722,12,14,52.1,2.83,Medium
STU_11807,Computer Science,Tablet,14,28.3,0.549,9,84.7,0.638,12,11,32.2,2.41,Medium
STU_11808,Computer Science,Laptop,8,28.5,0.703,11,57.9,0.675,9,15,13.8,3.2,Medium
STU_11809,Computer Science,Mobile,15,33.9,0.716,15,64.9,0.689,14,8,39.3,2.94,High
STU_11810,Business & Management,Laptop,10,31.6,0.78,16,76.8,0.693,15,12,52.4,3.34,Medium
STU_11811,Engineering,Mobile,12,29.3,0.619,14,61.4,0.737,13,11,44.3,,Medium
STU_11812,Computer Science,Laptop,14,33.8,0.776,12,60.1,0.525,13,7,39.6,3.37,Medium
STU_11813,Computer Science,Desktop,17,25.5,0.757,9,75.5,0.544,13,15,42.8,2.75,High
STU_11814,Computer Science,Mobile,5,27.0,0.345,8,73.3,0.548,9,15,40.8,2.92,Medium
STU_11815,Humanities & Social Sciences,Tablet,9,26.2,0.672,10,,0.408,9,18,30.9,2.65,Medium
STU_11816,Computer Science,Mobile,12,19.5,0.704,8,68.6,0.611,17,14,25.7,2.3,Medium
STU_11817,Engineering,Mobile,8,18.3,0.54,8,48.8,0.577,8,11,43.7,2.59,Medium
STU_11818,Business & Management,Mobile,16,30.9,0.729,13,66.0,0.8,15,13,67.6,3.31,High
STU_11819,Data Science,Laptop,10,27.8,0.71,11,80.9,0.506,15,15,42.3,2.74,Medium
STU_11820,Computer Science,Laptop,10,21.7,0.546,9,55.9,0.638,9,17,35.0,2.76,Medium
STU_11821,Computer Science,Laptop,6,21.2,0.647,6,46.4,0.232,9,19,41.0,2.57,Low
STU_11822,Business & Management,Laptop,9,18.5,0.387,5,47.9,0.294,5,21,39.2,2.75,Low
STU_11823,Engineering,Laptop,8,22.1,0.562,8,65.5,0.739,9,19,33.9,2.45,Medium
STU_11824,Business & Management,Desktop,9,22.5,0.484,9,58.6,0.553,12,19,38.4,2.81,Medium
STU_11825,Data Science,Laptop,18,36.9,0.604,15,77.0,0.686,17,9,79.0,3.06,High
STU_11826,Computer Science,Desktop,5,20.1,0.463,8,36.8,0.343,8,19,45.2,1.94,Low
STU_11827,Humanities & Social Sciences,Laptop,9,22.1,0.377,9,57.4,0.376,9,17,23.0,2.51,Low
STU_11828,Engineering,Laptop,1,14.7,0.383,4,56.2,0.256,4,28,5.0,2.09,Low
STU_11829,Computer Science,Desktop,10,34.4,0.613,12,68.5,0.756,12,5,46.7,3.15,Medium
STU_11830,Humanities & Social Sciences,Mobile,9,11.7,0.545,8,76.3,0.552,7,14,24.6,2.98,Medium
STU_11831,Business & Management,Desktop,10,30.5,0.648,10,62.6,0.764,12,9,55.5,3.08,Medium
STU_11832,Business & Management,Desktop,10,32.7,0.594,11,60.2,0.489,11,20,53.1,2.69,Medium
STU_11833,Business & Management,Laptop,15,32.1,0.755,11,66.0,0.5,13,9,56.6,2.91,Medium
STU_11834,Engineering,Desktop,14,42.1,0.787,14,69.9,0.821,15,2,48.8,3.65,High
STU_11835,Business & Management,Laptop,11,20.9,0.47,13,63.9,0.51,8,13,22.6,2.89,Medium
STU_11836,Computer Science,Laptop,13,31.8,0.565,11,66.5,0.576,14,13,57.7,2.78,Medium
STU_11837,Data Science,Laptop,11,20.0,0.567,9,79.2,0.653,9,15,51.0,2.37,Medium
STU_11838,Humanities & Social Sciences,Laptop,19,36.4,0.765,11,82.0,0.937,17,6,76.0,3.17,High
STU_11839,Computer Science,Laptop,14,35.9,0.75,13,63.2,0.857,14,11,48.8,3.41,High
STU_11840,Data Science,Tablet,12,23.1,0.396,7,47.3,0.374,10,20,33.3,2.3,Medium
STU_11841,Data Science,Tablet,14,28.5,0.664,10,81.0,0.737,12,15,55.9,,Medium
STU_11842,Data Science,Laptop,9,19.9,0.643,10,64.0,0.597,14,12,41.5,3.3,Medium
STU_11843,Business & Management,Laptop,20,43.0,1.0,18,93.8,0.776,19,6,58.6,3.27,High
STU_11844,Humanities & Social Sciences,Laptop,7,20.4,0.305,9,52.2,0.533,5,24,18.8,2.3,Low
STU_11845,Computer Science,Laptop,12,39.0,0.907,9,70.2,0.582,13,11,59.6,3.07,High
STU_11846,Computer Science,Tablet,14,32.3,0.787,11,83.8,0.632,15,8,49.6,2.66,High
STU_11847,Computer Science,Laptop,18,30.7,0.756,14,79.3,0.843,16,5,51.6,3.08,High
STU_11848,Engineering,Mobile,5,13.9,0.221,3,49.4,0.274,4,22,27.8,2.27,Low
STU_11849,Business & Management,Laptop,19,36.3,0.815,12,72.3,0.794,17,8,49.6,3.0,High
STU_11850,Computer Science,Tablet,14,32.9,0.783,10,74.7,0.576,11,12,40.3,3.61,Medium
STU_11851,Engineering,Laptop,8,18.0,0.497,8,52.5,0.452,10,19,31.3,2.33,Medium
STU_11852,Engineering,Mobile,5,16.5,0.469,8,51.7,0.508,8,15,29.4,2.55,Low
STU_11853,Engineering,Laptop,12,30.5,0.592,12,87.5,0.547,13,16,65.7,2.84,Medium
STU_11854,Humanities & Social Sciences,Desktop,12,34.2,0.667,11,64.0,0.644,19,12,53.4,,Medium
STU_11855,Computer Science,Laptop,13,27.6,0.65,9,58.7,0.558,13,19,47.5,2.71,Medium
STU_11856,Engineering,Laptop,15,30.5,0.733,13,83.1,0.615,15,13,71.3,2.56,High
STU_11857,Data Science,Tablet,13,26.1,0.728,15,76.6,0.565,16,10,52.5,2.99,High
STU_11858,Engineering,Mobile,17,37.5,0.757,15,73.6,0.694,17,3,75.5,3.97,High
STU_11859,Business & Management,Mobile,13,25.5,0.682,11,,0.534,11,15,32.6,3.38,Medium
STU_11860,Engineering,Desktop,13,42.2,0.882,14,83.7,0.835,19,9,52.6,3.04,High
STU_11861,Business & Management,Mobile,12,14.1,0.546,7,56.9,0.324,6,15,21.6,2.06,Medium
STU_11862,Computer Science,Laptop,3,25.3,0.551,7,62.8,0.478,7,14,39.9,1.95,Low
STU_11863,Data Science,Laptop,12,15.3,0.457,8,57.3,0.531,8,16,17.3,2.33,Medium
STU_11864,Humanities & Social Sciences,Laptop,16,48.4,0.784,13,85.2,0.88,18,8,64.3,3.2,High
STU_11865,Humanities & Social Sciences,Desktop,10,24.7,0.311,6,51.5,0.395,6,18,26.2,2.63,Low
STU_11866,Computer Science,Laptop,11,24.8,0.583,10,55.6,0.566,11,15,42.2,2.65,Medium
STU_11867,Computer Science,Laptop,4,1.5,0.247,4,52.9,0.182,2,26,18.9,2.39,Low
STU_11868,Computer Science,Desktop,12,25.5,0.567,7,65.6,0.442,9,12,49.3,3.01,Medium
STU_11869,Business & Management,Mobile,12,23.0,0.485,10,67.9,0.59,17,20,67.9,2.89,Medium
STU_11870,Engineering,Laptop,3,4.3,0.242,4,55.9,0.525,2,17,45.1,,Low
STU_11871,Computer Science,Laptop,16,35.2,0.888,11,67.1,0.767,14,8,63.5,3.46,High
STU_11872,Data Science,Laptop,11,30.2,0.669,12,76.5,0.572,13,6,48.9,3.33,Medium
STU_11873,Engineering,Laptop,11,23.7,0.653,9,84.9,0.473,12,14,46.1,2.43,Medium
STU_11874,Business & Management,Laptop,8,12.9,0.333,4,48.2,0.446,7,21,21.8,2.51,Low
STU_11875,Data Science,Desktop,15,29.7,0.684,11,59.2,0.742,16,16,42.2,2.91,Medium
STU_11876,Business & Management,Desktop,13,38.6,0.746,9,75.5,0.649,12,12,25.3,3.29,Medium
STU_11877,Data Science,Desktop,10,26.1,0.611,8,50.8,0.59,12,15,43.2,3.13,Medium
STU_11878,Computer Science,Laptop,17,37.9,0.881,13,64.7,0.786,16,6,59.8,3.76,High
STU_11879,Business & Management,Mobile,7,22.2,0.604,5,58.5,0.405,9,12,44.5,2.06,Medium
STU_11880,Business & Management,Laptop,14,26.7,0.638,11,,0.668,12,18,43.4,2.9,Medium
STU_11881,Engineering,Desktop,13,33.7,0.7,11,71.7,0.705,15,14,42.6,2.88,Medium
STU_11882,Business & Management,Mobile,9,35.4,0.615,9,89.7,0.587,12,12,44.8,3.71,Medium
STU_11883,Engineering,Laptop,8,27.9,0.518,9,65.0,0.582,10,11,55.2,1.96,Medium
STU_11884,Computer Science,Laptop,15,37.7,0.657,10,70.1,1.0,17,16,36.8,3.4,High
STU_11885,Data Science,Mobile,4,10.5,0.453,4,40.1,0.303,4,24,15.9,2.38,Low
STU_11886,Computer Science,Laptop,23,44.8,0.912,15,80.7,0.934,19,2,69.1,2.97,High
STU_11887,Computer Science,Desktop,15,39.9,0.915,14,71.9,0.933,18,5,61.5,3.7,High
STU_11888,Business & Management,Laptop,14,35.6,0.684,13,79.3,0.75,15,5,38.0,2.63,High
STU_11889,Humanities & Social Sciences,Desktop,10,33.6,0.651,10,73.4,0.639,14,11,63.0,2.89,Medium
STU_11890,Computer Science,Laptop,11,31.2,0.489,12,71.6,0.56,12,11,61.8,3.11,Medium
STU_11891,Data Science,Laptop,11,18.0,0.564,8,60.9,0.424,7,25,19.6,2.2,Medium
STU_11892,Engineering,Desktop,12,37.0,0.608,12,82.2,0.748,15,10,20.4,3.34,High
STU_11893,Computer Science,Laptop,9,18.7,0.394,6,,0.594,9,10,57.5,2.55,Medium
STU_11894,Business & Management,Laptop,8,14.8,0.551,7,50.8,0.597,8,24,,2.64,Medium
STU_11895,Business & Management,Laptop,17,44.6,1.0,13,,1.0,19,6,54.5,3.21,High
STU_11896,Business & Management,Laptop,7,13.5,0.407,7,62.8,0.361,5,24,26.2,2.65,Low
STU_11897,Computer Science,Laptop,5,19.4,0.391,5,68.3,0.567,6,18,37.0,1.68,Low
STU_11898,Data Science,Laptop,16,34.5,0.722,9,64.5,0.674,12,12,41.4,3.47,Medium
STU_11899,Engineering,Mobile,14,19.2,0.499,8,50.0,0.407,8,13,39.3,2.6,Medium
STU_11900,Business & Management,Laptop,14,37.8,0.593,13,75.2,0.575,14,11,54.1,3.17,Medium
STU_11901,Computer Science,Desktop,15,22.5,0.521,9,56.4,0.488,10,19,29.9,2.79,Medium
STU_11902,Engineering,Laptop,7,27.1,0.284,9,54.9,0.454,12,12,14.1,2.62,Medium
STU_11903,Computer Science,Laptop,6,12.6,0.459,4,60.4,0.293,4,17,42.3,2.34,Low
STU_11904,Business & Management,Mobile,17,37.4,0.564,15,75.3,0.835,13,6,61.3,3.56,High
STU_11905,Computer Science,Laptop,15,40.9,1.0,19,75.5,0.956,20,12,53.5,,High
STU_11906,Humanities & Social Sciences,Tablet,10,28.8,0.834,14,66.7,0.688,15,13,59.0,2.89,Medium
STU_11907,Data Science,Laptop,12,38.8,0.962,17,67.0,0.962,17,5,52.4,3.57,High
STU_11908,Data Science,Desktop,9,12.9,0.43,4,49.9,0.36,12,25,20.3,2.06,Low
STU_11909,Computer Science,Desktop,11,28.8,0.745,8,70.9,0.451,13,7,56.2,3.41,Medium
STU_11910,Data Science,Mobile,10,17.2,0.42,10,68.5,0.374,12,15,48.6,3.51,Medium
STU_11911,Engineering,Desktop,13,38.2,0.763,12,76.8,0.802,17,11,54.5,3.33,High
STU_11912,Humanities & Social Sciences,Desktop,22,44.5,0.968,17,79.3,0.918,20,1,83.3,3.24,High
STU_11913,Data Science,Laptop,4,14.3,0.42,7,50.2,0.293,5,20,26.8,2.09,Low
STU_11914,Data Science,Laptop,12,38.4,0.661,9,80.4,0.716,13,12,44.9,2.47,Medium
STU_11915,Business & Management,Mobile,17,44.7,0.844,14,81.2,1.0,18,10,84.0,3.65,High
STU_11916,Engineering,Laptop,1,15.2,0.265,4,59.3,0.32,2,17,6.9,1.88,Low
STU_11917,Business & Management,Laptop,7,15.2,0.513,9,56.1,0.401,6,17,36.4,2.45,Low
STU_11918,Data Science,Mobile,19,38.1,0.766,16,95.1,0.704,16,5,76.9,3.26,High
STU_11919,Data Science,Laptop,19,39.4,0.955,14,100.0,0.732,18,7,46.1,3.88,High
STU_11920,Business & Management,Tablet,5,9.6,0.18,6,40.1,0.445,3,19,44.4,2.31,Low
STU_11921,Computer Science,Desktop,15,32.3,0.646,13,68.6,0.689,17,11,76.6,3.16,High
STU_11922,Business & Management,Desktop,8,17.1,0.458,8,55.2,0.507,9,11,32.5,2.42,Medium
STU_11923,Data Science,Mobile,13,25.4,0.499,7,41.2,0.441,10,15,38.4,2.78,Medium
STU_11924,Engineering,Laptop,12,26.8,0.686,12,77.7,0.88,17,15,46.4,2.88,High
STU_11925,Computer Science,Laptop,6,19.8,0.505,4,54.3,0.253,5,19,17.6,2.0,Low
STU_11926,Business & Management,Desktop,7,21.5,0.425,7,54.5,0.498,6,22,16.8,2.28,Low
STU_11927,Data Science,Laptop,14,29.6,0.718,9,54.1,0.688,13,10,65.4,3.53,Medium
STU_11928,Business & Management,Desktop,14,24.8,0.614,9,81.2,0.553,12,8,44.5,2.94,Medium
STU_11929,Computer Science,Mobile,17,36.2,0.958,16,64.7,0.894,21,10,48.3,3.48,High
STU_11930,Business & Management,Laptop,9,19.6,0.612,7,46.7,0.494,9,18,49.8,2.77,Medium
STU_11931,Business & Management,Laptop,8,20.3,0.471,9,62.2,0.53,8,17,40.1,2.58,Medium
STU_11932,Business & Management,Tablet,3,22.4,0.597,9,62.1,0.423,11,20,42.7,2.63,Medium
STU_11933,Business & Management,Laptop,5,17.8,0.54,8,53.3,0.541,8,14,29.7,2.39,Medium
STU_11934,Business & Management,Desktop,13,41.1,0.863,15,75.5,0.748,16,6,52.2,3.13,High
STU_11935,Engineering,Laptop,10,35.0,0.675,9,67.0,0.666,11,13,70.9,2.87,Medium
STU_11936,Computer Science,Mobile,3,15.1,0.487,9,62.8,0.183,5,18,34.3,2.02,Low
STU_11937,Engineering,Desktop,15,32.3,0.714,10,58.9,0.596,12,7,44.5,3.01,Medium
STU_11938,Data Science,Mobile,7,10.7,0.656,6,55.6,0.491,7,18,39.5,2.53,Medium
STU_11939,Computer Science,Mobile,13,31.4,0.926,12,80.8,0.861,16,11,62.5,2.96,High
STU_11940,Computer Science,Laptop,1,11.6,0.282,4,36.1,0.426,2,24,42.9,2.55,Low
STU_11941,Data Science,Laptop,16,40.9,0.769,14,77.8,0.827,18,15,61.8,3.46,High
STU_11942,Engineering,Mobile,1,16.3,0.513,7,54.3,0.373,6,21,41.6,2.3,Low
STU_11943,Business & Management,Laptop,14,35.4,0.872,16,60.5,0.77,14,5,63.4,3.14,High
STU_11944,Engineering,Mobile,14,33.8,0.819,15,76.6,0.784,19,17,47.2,3.59,High
STU_11945,Data Science,Tablet,8,17.8,0.415,8,58.7,0.645,6,17,17.2,2.37,Medium
STU_11946,Data Science,Desktop,9,33.2,0.833,11,82.9,0.574,12,12,57.8,2.82,Medium
STU_11947,Computer Science,Desktop,14,26.9,0.794,11,72.9,0.675,14,7,63.0,2.94,High
STU_11948,Data Science,Mobile,7,24.0,0.558,8,65.4,0.752,9,15,11.6,2.8,Medium
STU_11949,Data Science,Mobile,14,40.4,1.0,12,91.0,0.759,16,7,66.7,3.43,High
STU_11950,Computer Science,Laptop,12,23.0,0.684,8,56.8,0.614,9,16,41.1,3.01,Medium
STU_11951,Computer Science,Laptop,11,12.4,0.452,6,39.8,0.289,5,22,32.7,2.16,Low
STU_11952,Business & Management,Laptop,8,16.8,0.482,7,56.2,0.427,7,16,27.4,3.0,Medium
STU_11953,Business & Management,Desktop,7,21.0,0.591,10,58.2,0.562,10,19,56.4,2.87,Medium
STU_11954,Humanities & Social Sciences,Desktop,7,17.0,0.499,4,52.5,0.399,9,16,43.4,2.36,Medium
STU_11955,Humanities & Social Sciences,Desktop,8,14.7,0.347,4,46.4,0.411,5,23,10.6,2.62,Low
STU_11956,Business & Management,Laptop,10,12.2,0.506,8,49.7,0.518,9,14,24.0,3.19,Medium
STU_11957,Data Science,Desktop,20,35.1,0.883,12,78.9,0.684,13,7,52.3,3.24,High
STU_11958,Business & Management,Laptop,11,30.3,0.527,14,69.2,0.586,12,10,42.8,3.59,Medium
STU_11959,Engineering,Desktop,9,28.0,0.467,7,77.2,0.571,10,16,48.4,2.31,Medium
STU_11960,Computer Science,Desktop,10,11.4,0.686,6,43.1,0.442,7,16,17.8,1.87,Medium
STU_11961,Data Science,Laptop,12,16.7,0.467,7,75.0,0.42,7,15,48.1,2.77,Medium
STU_11962,Engineering,Laptop,7,28.0,0.567,12,69.1,0.54,11,11,17.6,3.29,Medium
STU_11963,Data Science,Desktop,6,17.6,0.482,6,52.3,0.317,6,19,24.7,2.04,Low
STU_11964,Business & Management,Desktop,13,16.7,0.572,8,51.7,0.673,12,16,57.6,,Medium
STU_11965,Business & Management,Laptop,18,24.2,0.802,8,59.0,0.528,13,13,44.3,2.77,High
STU_11966,Computer Science,Tablet,13,31.4,0.596,9,78.0,0.533,12,9,47.4,3.14,Medium
STU_11967,Data Science,Desktop,10,23.8,0.682,17,41.1,0.502,10,12,54.4,2.98,Medium
STU_11968,Data Science,Tablet,14,46.7,0.893,15,64.0,0.614,17,9,69.6,,High
STU_11969,Computer Science,Laptop,22,38.5,0.943,16,64.8,1.0,19,5,60.8,3.58,High
STU_11970,Computer Science,Desktop,21,43.8,1.0,16,97.7,0.919,20,0,87.4,3.67,High
STU_11971,Engineering,Mobile,4,18.7,0.611,7,58.6,0.336,5,14,31.6,2.32,Low
STU_11972,Computer Science,Desktop,6,22.9,0.452,6,43.7,0.394,5,16,36.8,2.56,Low
STU_11973,Data Science,Desktop,12,29.8,0.78,10,,0.484,11,15,57.2,2.84,Medium
STU_11974,Computer Science,Laptop,8,22.0,0.413,6,54.5,0.454,6,16,5.0,2.27,Low
STU_11975,Humanities & Social Sciences,Laptop,9,36.0,0.623,8,76.1,0.612,14,12,38.7,3.07,Medium
STU_11976,Computer Science,Laptop,7,18.9,0.571,7,50.4,0.634,8,14,31.3,2.52,Medium
STU_11977,Data Science,Laptop,1,15.3,0.281,5,48.5,0.282,7,19,31.7,2.2,Low
STU_11978,Engineering,Laptop,16,27.5,0.673,11,68.6,0.73,15,14,74.0,2.98,High
STU_11979,Engineering,Laptop,16,43.3,0.906,14,79.7,0.821,17,6,41.4,3.93,High
STU_11980,Computer Science,Tablet,11,23.6,0.606,12,52.9,0.458,10,11,35.2,2.79,Medium
STU_11981,Engineering,Laptop,15,33.1,0.569,8,67.6,0.646,11,8,58.9,2.45,Medium
STU_11982,Data Science,Desktop,12,33.4,0.633,10,59.3,0.611,11,9,25.8,3.32,Medium
STU_11983,Data Science,Mobile,12,32.0,0.691,9,68.3,0.734,18,8,52.5,2.44,High
STU_11984,Computer Science,Desktop,16,39.9,0.743,16,91.6,0.815,17,10,65.5,3.99,High
STU_11985,Computer Science,Laptop,13,33.2,0.701,12,78.5,0.61,12,11,56.4,3.06,Medium
STU_11986,Business & Management,Desktop,22,48.3,0.752,15,100.0,1.0,20,3,59.0,,High
STU_11987,Data Science,Desktop,14,33.4,0.718,12,74.7,0.725,13,9,52.7,3.04,High
STU_11988,Data Science,Desktop,5,20.6,0.413,5,61.1,0.351,5,19,13.7,1.92,Low
STU_11989,Business & Management,Mobile,13,31.6,0.55,8,46.4,0.661,9,17,55.4,2.78,Medium
STU_11990,Engineering,Tablet,10,17.9,0.566,9,39.8,0.547,7,20,20.2,2.41,Medium
STU_11991,Computer Science,Desktop,16,49.0,0.792,14,78.8,0.829,21,8,72.9,3.7,High
STU_11992,Business & Management,Laptop,14,26.4,0.606,9,54.9,0.504,13,11,68.1,3.11,Medium
STU_11993,Computer Science,Desktop,17,33.8,0.741,16,88.6,0.811,17,6,75.6,3.5,High
STU_11994,Engineering,Laptop,8,16.9,0.524,7,41.1,0.421,7,18,11.4,2.18,Low
STU_11995,Business & Management,Mobile,13,33.4,0.683,12,52.2,0.56,10,18,40.7,2.58,Medium
STU_11996,Humanities & Social Sciences,Laptop,7,19.0,0.702,6,57.8,0.435,8,14,38.5,2.76,Medium
STU_11997,Computer Science,Laptop,15,40.2,0.604,11,71.0,0.683,13,14,48.4,3.22,Medium
STU_11998,Computer Science,Mobile,14,40.9,0.654,15,82.6,0.758,18,7,61.3,3.23,High
STU_11999,Computer Science,Desktop,9,33.9,0.918,12,67.9,0.532,12,14,58.8,3.26,Medium
STU_12000,Computer Science,Laptop,13,42.0,0.813,13,77.0,0.753,17,7,83.4,3.43,High
STU_12001,Computer Science,Desktop,15,30.9,0.824,11,80.9,0.654,20,6,48.9,3.24,High
STU_12002,Humanities & Social Sciences,Mobile,8,24.2,0.567,9,54.4,0.592,12,14,50.9,3.06,Medium
STU_12003,Computer Science,Laptop,17,37.8,0.439,11,,0.728,12,13,48.9,3.66,Medium
STU_12004,Computer Science,Mobile,10,15.2,0.507,9,59.2,0.519,6,9,50.7,2.6,Medium
STU_12005,Engineering,Laptop,16,36.1,0.86,11,66.5,0.63,18,14,55.5,4.0,High
STU_12006,Data Science,Mobile,12,24.9,0.591,10,76.0,0.699,12,7,49.4,3.06,Medium
STU_12007,Engineering,Mobile,10,18.8,0.657,12,53.0,0.39,9,14,36.7,2.78,Medium
STU_12008,Computer Science,Laptop,1,17.1,0.388,6,59.0,0.453,3,21,10.5,,Low
STU_12009,Data Science,Laptop,18,39.6,0.683,15,75.7,0.719,17,0,71.6,3.34,High
STU_12010,Computer Science,Laptop,17,38.3,0.892,14,75.4,0.666,16,5,52.4,2.87,High
STU_12011,Computer Science,Desktop,19,49.2,1.0,17,69.9,0.784,19,6,44.3,3.22,High
STU_12012,Humanities & Social Sciences,Desktop,13,26.2,0.588,11,48.0,0.647,8,22,25.1,2.92,Medium
STU_12013,Computer Science,Desktop,10,33.4,0.673,8,60.2,0.698,13,14,49.8,3.14,Medium
STU_12014,Data Science,Laptop,15,35.2,0.896,16,65.9,0.934,15,11,43.7,3.02,High
STU_12015,Data Science,Laptop,16,38.0,0.81,13,67.3,0.811,16,1,50.8,2.78,High
STU_12016,Data Science,Laptop,14,41.9,0.876,14,,0.941,18,6,39.9,3.31,High
STU_12017,Engineering,Laptop,5,16.0,0.469,8,54.5,0.342,10,25,16.0,2.69,Low
STU_12018,Computer Science,Desktop,12,24.1,0.708,10,66.0,0.449,13,17,63.8,2.81,Medium
STU_12019,Business & Management,Mobile,8,22.1,0.552,8,29.4,0.541,7,14,29.2,2.55,Medium
STU_12020,Humanities & Social Sciences,Desktop,17,35.9,0.755,13,63.8,0.721,14,10,53.5,2.86,High
STU_12021,Business & Management,Laptop,2,20.2,0.373,5,61.4,0.457,7,22,55.4,2.31,Low
STU_12022,Humanities & Social Sciences,Tablet,11,23.1,0.505,9,44.7,0.569,8,19,39.1,2.76,Medium
STU_12023,Computer Science,Desktop,17,32.4,0.77,11,76.1,0.81,17,7,63.1,3.28,High
STU_12024,Data Science,Tablet,7,20.8,0.573,10,48.6,0.499,15,15,25.7,2.61,Medium
STU_12025,Computer Science,Desktop,9,23.3,0.72,9,76.2,0.588,11,15,47.1,3.22,Medium
STU_12026,Business & Management,Laptop,1,15.6,0.391,5,42.2,0.428,7,23,47.0,2.1,Low
STU_12027,Humanities & Social Sciences,Laptop,8,27.9,0.725,12,67.5,0.402,9,13,26.1,2.91,Medium
STU_12028,Computer Science,Desktop,15,30.3,0.641,11,61.1,0.567,15,6,45.9,2.95,Medium
STU_12029,Business & Management,Laptop,13,30.6,0.743,10,47.8,0.875,15,11,36.5,3.56,High
STU_12030,Computer Science,Laptop,10,17.4,0.43,6,57.7,0.391,7,14,50.6,2.75,Medium
STU_12031,Business & Management,Desktop,10,29.4,0.741,10,48.9,0.685,14,18,32.3,3.34,Medium
STU_12032,Data Science,Desktop,14,27.3,0.628,12,59.4,0.597,13,9,39.7,3.18,Medium
STU_12033,Humanities & Social Sciences,Desktop,8,19.6,0.397,8,78.4,0.532,10,14,27.0,2.63,Medium
STU_12034,Business & Management,Laptop,6,12.6,0.651,10,85.8,0.279,13,14,19.5,3.06,Medium
STU_12035,Data Science,Laptop,6,20.9,0.467,4,52.2,0.481,5,17,30.5,2.54,Low
STU_12036,Computer Science,Desktop,11,34.2,0.625,11,62.3,0.62,22,13,47.1,3.16,Medium
STU_12037,Computer Science,Tablet,8,32.0,0.616,10,68.6,0.444,12,15,53.2,2.78,Medium
STU_12038,Computer Science,Desktop,15,42.6,0.723,13,64.3,0.616,16,10,65.9,3.52,High
STU_12039,Computer Science,Mobile,9,15.7,0.368,7,53.7,0.506,8,19,15.8,,Low
STU_12040,Engineering,Mobile,17,27.7,0.485,15,87.4,0.643,14,8,58.2,3.03,High
STU_12041,Business & Management,Desktop,7,14.3,0.548,4,50.6,0.29,5,17,14.5,2.4,Low
STU_12042,Data Science,Laptop,10,18.7,0.338,7,41.1,0.402,6,16,33.4,2.32,Low
STU_12043,Computer Science,Desktop,16,28.6,0.926,13,77.5,0.411,19,10,59.7,2.99,High
STU_12044,Engineering,Desktop,10,23.8,0.574,8,43.9,0.359,8,19,35.1,2.41,Medium
STU_12045,Business & Management,Desktop,10,31.1,0.933,14,53.9,0.745,13,7,67.7,3.42,High
STU_12046,Computer Science,Desktop,18,41.0,0.842,15,90.4,0.911,21,4,50.1,4.0,High
STU_12047,Business & Management,Desktop,18,39.8,0.787,16,73.2,0.868,19,6,49.6,4.0,High
STU_12048,Data Science,Laptop,12,10.6,0.472,8,,0.549,9,14,38.4,2.89,Medium
STU_12049,Computer Science,Desktop,12,23.7,0.608,9,53.9,0.621,10,16,68.4,2.15,Medium
STU_12050,Data Science,Laptop,21,42.9,0.804,14,96.3,1.0,21,7,58.0,3.73,High
STU_12051,Data Science,Mobile,5,20.6,0.355,5,69.6,0.518,7,25,32.0,2.46,Low
STU_12052,Computer Science,Laptop,14,37.1,0.815,10,,0.763,25,14,73.0,,High
STU_12053,Humanities & Social Sciences,Laptop,12,28.9,0.456,10,61.0,0.736,12,16,54.5,2.97,Medium
STU_12054,Engineering,Laptop,21,34.5,0.886,14,78.8,0.922,21,3,75.4,3.34,High
STU_12055,Business & Management,Desktop,10,21.8,0.66,8,57.6,0.621,12,16,33.3,2.59,Medium
STU_12056,Data Science,Laptop,9,25.3,0.66,7,45.7,0.481,10,9,38.8,2.2,Medium
STU_12057,Data Science,Laptop,17,38.1,0.674,15,83.9,0.787,18,9,,3.35,High
STU_12058,Business & Management,Desktop,12,41.3,0.796,14,82.0,0.648,16,9,71.4,2.84,High
STU_12059,Data Science,Laptop,15,19.3,0.593,13,,0.434,10,14,42.1,2.26,Medium
STU_12060,Computer Science,Tablet,7,25.0,0.462,6,59.2,0.343,8,13,54.0,2.4,Medium
STU_12061,Data Science,Mobile,12,38.5,0.718,14,,0.788,17,9,62.4,3.13,High
STU_12062,Engineering,Desktop,10,21.6,0.446,6,50.7,0.69,11,11,42.7,2.8,Medium
STU_12063,Data Science,Laptop,17,36.5,0.943,10,58.9,0.722,14,14,,3.22,High
STU_12064,Computer Science,Desktop,8,21.6,0.514,12,48.2,0.523,7,20,28.8,2.48,Low
STU_12065,Engineering,Laptop,10,24.2,0.605,8,53.2,0.397,10,18,34.2,2.57,Medium
STU_12066,Computer Science,Desktop,13,40.1,0.687,10,80.4,0.7,13,8,51.4,3.2,High
STU_12067,Computer Science,Laptop,7,24.2,0.505,6,61.7,0.673,7,15,14.4,2.91,Medium
STU_12068,Computer Science,Mobile,1,10.2,0.52,5,63.2,0.46,4,15,22.8,2.04,Low
STU_12069,Data Science,Laptop,5,28.3,0.5,10,71.5,0.567,10,15,65.6,3.01,Medium
STU_12070,Engineering,Desktop,19,45.0,0.764,17,71.8,0.725,18,4,48.5,3.67,High
STU_12071,Data Science,Desktop,11,27.7,0.428,6,42.8,0.346,7,15,31.5,2.71,Low
STU_12072,Computer Science,Desktop,15,41.0,0.838,15,65.5,0.806,16,8,50.3,3.2,High
STU_12073,Engineering,Laptop,16,35.0,0.67,15,71.0,0.75,14,12,59.9,2.96,High
STU_12074,Engineering,Tablet,13,25.9,0.585,9,52.3,0.7,8,12,44.3,2.65,Medium
STU_12075,Engineering,Desktop,8,14.1,0.412,5,61.8,0.475,13,16,35.5,2.34,Medium
STU_12076,Computer Science,Desktop,7,18.4,0.496,10,64.3,0.294,17,13,7.3,2.2,Medium
STU_12077,Data Science,Laptop,8,21.0,0.853,7,51.1,0.535,11,11,17.1,3.15,Medium
STU_12078,Humanities & Social Sciences,Desktop,19,27.5,0.597,14,57.7,0.71,13,9,22.1,3.22,High
STU_12079,Engineering,Laptop,8,19.1,0.406,6,67.0,0.382,8,22,28.0,1.85,Low
STU_12080,Computer Science,Laptop,13,43.0,0.812,14,80.3,0.784,17,9,41.1,2.39,High
STU_12081,Computer Science,Laptop,9,30.6,0.739,13,61.6,0.657,11,15,18.5,2.91,Medium
STU_12082,Data Science,Mobile,13,22.7,0.388,6,74.7,0.335,10,17,28.6,2.55,Medium
STU_12083,Humanities & Social Sciences,Laptop,8,20.6,0.584,7,74.1,0.504,9,11,34.3,2.83,Medium
STU_12084,Data Science,Laptop,14,19.4,0.555,10,55.8,0.672,16,20,39.4,2.83,Medium
STU_12085,Data Science,Desktop,7,29.8,0.722,14,79.7,0.857,16,12,53.3,3.14,Medium
STU_12086,Computer Science,Mobile,14,24.0,0.693,16,,0.432,9,20,42.3,2.56,Medium
STU_12087,Business & Management,Laptop,18,46.8,0.825,15,89.2,0.706,18,11,74.9,3.79,High
STU_12088,Engineering,Desktop,14,38.8,0.68,13,84.3,0.787,14,9,50.9,2.83,High
STU_12089,Data Science,Laptop,3,3.2,0.182,7,36.7,0.527,6,20,30.3,2.55,Low
STU_12090,Engineering,Laptop,14,20.6,0.62,8,60.6,0.557,9,8,35.2,2.91,Medium
STU_12091,Humanities & Social Sciences,Laptop,16,31.6,0.599,12,87.5,0.719,13,10,,2.98,High
STU_12092,Computer Science,Mobile,9,17.9,0.599,14,62.1,0.538,11,13,38.9,3.05,Medium
STU_12093,Data Science,Laptop,10,38.7,0.823,13,69.2,0.841,14,7,56.5,3.15,High
STU_12094,Computer Science,Laptop,13,30.3,0.681,13,70.2,0.629,18,10,58.0,3.46,Medium
STU_12095,Engineering,Laptop,13,32.0,0.648,13,56.2,0.834,17,12,,2.91,Medium
STU_12096,Business & Management,Mobile,4,24.3,0.619,9,58.4,0.503,7,12,40.9,2.8,Medium
STU_12097,Business & Management,Laptop,14,36.1,0.722,13,59.1,0.754,14,13,59.7,2.85,Medium
STU_12098,Engineering,Laptop,9,23.1,0.701,9,73.5,0.477,10,17,27.7,2.9,Medium
STU_12099,Data Science,Laptop,8,21.0,0.416,10,40.6,0.385,9,16,66.4,2.64,Low
STU_12100,Humanities & Social Sciences,Laptop,6,15.0,0.446,3,54.1,0.279,3,21,6.7,2.42,Low
STU_12101,Data Science,Desktop,16,31.3,0.778,11,61.3,0.631,12,13,49.9,3.15,Medium
STU_12102,Computer Science,Desktop,15,35.8,0.649,10,61.6,0.796,13,13,88.3,3.03,Medium
STU_12103,Business & Management,Laptop,8,24.1,0.661,8,62.1,0.638,10,20,51.8,,Medium
STU_12104,Engineering,Laptop,16,37.5,0.863,14,79.1,0.713,17,6,50.3,2.91,High
STU_12105,Data Science,Laptop,11,27.7,0.812,9,65.5,0.387,11,17,59.3,2.27,Medium
STU_12106,Engineering,Laptop,1,7.9,0.333,5,49.6,0.27,4,20,25.2,2.16,Low
STU_12107,Humanities & Social Sciences,Laptop,17,38.6,0.806,13,86.1,0.824,19,5,53.1,3.78,High
STU_12108,Computer Science,Mobile,20,44.5,0.73,13,59.7,0.803,18,7,63.0,3.14,High
STU_12109,Humanities & Social Sciences,Tablet,11,36.0,0.503,11,66.7,0.79,11,16,41.2,2.8,Medium
STU_12110,Computer Science,Tablet,1,15.7,0.269,2,32.5,0.46,3,20,18.2,2.0,Low
STU_12111,Computer Science,Mobile,15,32.8,0.787,12,65.3,0.844,18,8,59.6,3.4,High
STU_12112,Computer Science,Desktop,7,19.3,0.585,8,,0.496,10,13,50.0,2.85,Medium
STU_12113,Engineering,Desktop,11,17.2,0.486,7,41.1,0.541,10,14,48.4,2.55,Medium
STU_12114,Business & Management,Laptop,16,37.4,0.676,11,75.3,0.797,15,12,48.7,2.98,High
STU_12115,Computer Science,Desktop,5,1.9,0.447,5,33.2,0.509,4,20,30.2,2.51,Low
STU_12116,Data Science,Desktop,11,27.6,0.735,13,71.4,0.539,11,10,45.0,3.33,Medium
STU_12117,Business & Management,Desktop,11,33.4,0.458,11,79.0,0.693,11,12,54.6,3.15,Medium
STU_12118,Computer Science,Mobile,5,16.6,0.419,6,,0.43,4,21,13.0,1.96,Low
STU_12119,Engineering,Laptop,11,29.4,0.73,11,59.5,0.61,16,11,50.0,2.37,Medium
STU_12120,Engineering,Laptop,6,22.7,0.515,9,50.9,0.683,10,14,19.0,,Medium
STU_12121,Data Science,Mobile,17,37.0,0.631,9,80.1,0.523,15,9,63.1,3.6,High
STU_12122,Humanities & Social Sciences,Laptop,4,15.4,0.56,4,47.9,0.571,5,24,45.5,1.67,Low
STU_12123,Data Science,Desktop,13,28.6,0.722,9,67.9,0.781,13,13,67.8,2.9,Medium
STU_12124,Humanities & Social Sciences,Mobile,15,34.5,0.689,10,62.0,0.704,16,8,65.6,3.7,High
STU_12125,Business & Management,Desktop,15,33.4,0.813,15,75.1,0.685,17,9,62.8,3.52,High
STU_12126,Business & Management,Desktop,2,7.7,0.416,5,56.7,0.371,4,18,50.5,2.39,Low
STU_12127,Computer Science,Laptop,4,19.8,0.702,6,50.4,0.418,7,16,29.2,2.27,Low
STU_12128,Engineering,Laptop,7,21.0,0.469,9,63.3,0.495,16,14,34.9,3.14,Medium
STU_12129,Data Science,Mobile,14,27.0,0.633,13,71.5,0.753,14,11,68.0,3.03,High
STU_12130,Computer Science,Desktop,10,31.3,0.551,9,60.4,0.547,13,12,44.9,2.27,Medium
STU_12131,Computer Science,Desktop,8,23.0,0.589,6,57.4,0.595,10,15,25.4,3.08,Medium
STU_12132,Business & Management,Laptop,23,46.9,0.776,16,74.0,0.833,19,5,48.9,3.25,High
STU_12133,Data Science,Laptop,1,11.2,0.415,8,58.0,0.504,5,20,17.3,,Low
STU_12134,Business & Management,Tablet,6,12.9,0.491,10,48.3,0.633,15,20,57.2,2.58,Medium
STU_12135,Engineering,Laptop,17,33.4,0.664,10,64.1,0.562,14,13,49.1,3.19,Medium
STU_12136,Computer Science,Desktop,13,30.0,0.789,14,78.8,0.469,16,13,42.7,3.13,Medium
STU_12137,Business & Management,Laptop,13,32.3,0.882,14,69.6,0.747,15,8,55.1,3.16,High
STU_12138,Computer Science,Desktop,15,24.6,0.536,12,58.9,0.658,16,13,51.7,3.22,Medium
STU_12139,Engineering,Tablet,13,29.9,0.524,11,70.5,0.532,14,16,27.4,3.1,Medium
STU_12140,Engineering,Desktop,4,18.7,0.398,2,64.4,0.532,6,20,14.2,2.31,Low
STU_12141,Data Science,Laptop,8,17.2,0.538,9,66.3,0.435,7,17,16.1,,Medium
STU_12142,Business & Management,Desktop,6,14.0,0.545,6,60.4,0.523,8,18,50.4,2.49,Medium
STU_12143,Data Science,Mobile,10,34.4,0.661,13,78.7,0.593,13,11,49.2,2.72,Medium
STU_12144,Data Science,Laptop,7,17.9,0.482,9,58.2,0.29,8,22,29.1,2.61,Low
STU_12145,Engineering,Mobile,10,24.1,0.628,11,72.7,0.796,14,9,49.6,3.2,Medium
STU_12146,Data Science,Desktop,9,24.8,0.483,10,67.3,0.425,8,19,24.5,2.74,Medium
STU_12147,Data Science,Mobile,13,38.6,0.6,13,71.0,0.719,13,14,54.7,3.38,Medium
STU_12148,Data Science,Desktop,12,13.4,0.71,8,60.4,0.46,10,15,62.1,2.99,Medium
STU_12149,Engineering,Laptop,14,22.1,0.675,13,66.2,0.571,13,12,37.0,3.51,Medium
STU_12150,Data Science,Laptop,10,17.1,0.625,9,69.1,0.599,12,12,57.0,3.23,Medium
STU_12151,Computer Science,Laptop,11,24.2,0.533,9,64.4,0.55,10,18,39.6,2.83,Medium
STU_12152,Business & Management,Mobile,18,46.8,0.895,15,85.3,0.775,19,9,56.3,3.42,High
STU_12153,Engineering,Mobile,16,37.7,0.912,16,67.0,0.824,17,11,68.9,2.87,High
STU_12154,Computer Science,Desktop,10,33.2,0.659,13,63.3,0.696,20,13,25.7,3.32,Medium
STU_12155,Computer Science,Laptop,9,32.0,0.699,9,54.9,0.74,11,13,29.5,3.12,Medium
STU_12156,Computer Science,Laptop,11,31.6,0.65,7,64.4,0.513,11,16,62.6,2.66,Medium
STU_12157,Data Science,Mobile,9,38.6,0.595,13,75.3,0.588,13,9,48.8,3.25,Medium
STU_12158,Data Science,Desktop,6,15.4,0.503,7,65.2,0.458,9,21,45.3,2.52,Medium
STU_12159,Business & Management,Laptop,10,41.0,0.894,13,82.4,0.843,19,7,61.2,3.4,High
STU_12160,Business & Management,Desktop,7,22.9,0.833,11,60.5,0.621,12,17,,3.13,Medium
STU_12161,Business & Management,Laptop,5,16.2,0.429,5,49.7,0.592,6,14,39.3,2.02,Low
STU_12162,Data Science,Laptop,17,34.9,0.901,12,78.8,0.722,22,8,58.9,3.44,High
STU_12163,Engineering,Desktop,6,11.3,0.385,4,41.3,0.564,9,20,14.9,,Low
STU_12164,Data Science,Laptop,15,46.9,0.711,13,81.9,0.906,17,7,76.8,3.13,High
STU_12165,Humanities & Social Sciences,Tablet,11,21.1,0.588,10,67.9,0.612,9,14,49.5,2.11,Medium
STU_12166,Business & Management,Laptop,17,32.6,0.747,12,93.1,0.747,18,15,47.8,3.39,High
STU_12167,Computer Science,Laptop,12,27.3,0.608,9,79.1,0.62,13,8,62.4,3.32,Medium
STU_12168,Business & Management,Laptop,8,30.8,0.636,10,61.0,0.549,12,16,48.5,2.66,Medium
STU_12169,Data Science,Mobile,14,31.5,0.77,10,68.9,0.768,16,12,58.6,2.86,High
STU_12170,Business & Management,Laptop,8,19.6,0.409,8,62.8,0.578,9,18,26.7,2.05,Medium
STU_12171,Computer Science,Desktop,11,40.4,0.802,12,71.6,0.699,15,8,44.2,,High
STU_12172,Computer Science,Laptop,14,34.3,0.573,10,57.9,0.65,14,10,69.5,3.09,Medium
STU_12173,Engineering,Laptop,12,27.8,0.556,8,89.0,0.506,12,15,50.4,3.32,Medium
STU_12174,Computer Science,Laptop,10,23.1,0.691,9,61.8,0.585,12,10,50.7,1.9,Medium
STU_12175,Engineering,Mobile,4,5.1,0.479,7,55.9,0.209,6,20,14.9,2.19,Low
STU_12176,Computer Science,Mobile,12,23.1,0.578,10,60.9,0.625,13,12,49.7,3.2,Medium
STU_12177,Business & Management,Laptop,13,31.9,0.673,13,70.5,0.709,13,12,47.7,2.83,Medium
STU_12178,Business & Management,Desktop,11,27.6,0.615,11,65.2,0.57,13,17,51.7,3.08,Medium
STU_12179,Data Science,Mobile,10,30.4,0.669,9,61.5,0.706,11,19,27.0,2.55,Medium
STU_12180,Data Science,Laptop,5,16.3,0.386,5,45.4,0.58,7,13,13.0,2.15,Low
STU_12181,Computer Science,Mobile,8,15.8,0.246,4,65.8,0.123,4,18,8.9,2.24,Low
STU_12182,Computer Science,Laptop,3,27.9,0.615,6,61.5,0.358,8,15,36.8,2.48,Low
STU_12183,Data Science,Tablet,16,38.2,0.802,12,59.2,0.776,15,11,28.4,3.61,High
STU_12184,Business & Management,Mobile,10,34.9,0.648,10,68.7,0.808,15,14,53.9,3.0,Medium
STU_12185,Humanities & Social Sciences,Tablet,6,15.1,0.616,7,42.7,0.332,11,14,41.1,2.98,Medium
STU_12186,Engineering,Desktop,7,10.1,0.328,4,43.1,0.443,5,20,6.9,2.59,Low
STU_12187,Engineering,Laptop,13,43.3,0.82,14,81.2,0.639,17,0,58.5,3.18,High
STU_12188,Engineering,Tablet,8,20.1,0.702,11,67.6,0.384,10,15,64.6,2.89,Medium
STU_12189,Business & Management,Laptop,9,26.4,0.463,9,42.4,0.808,11,13,39.9,2.65,Medium
STU_12190,Computer Science,Laptop,14,39.0,0.917,11,89.8,0.769,21,9,44.1,3.58,High
STU_12191,Humanities & Social Sciences,Desktop,2,14.6,0.307,2,38.4,0.157,3,21,15.7,2.59,Low
STU_12192,Business & Management,Mobile,13,22.3,0.619,12,58.3,0.514,12,15,,2.21,Medium
STU_12193,Business & Management,Mobile,11,13.0,0.554,10,65.6,0.337,7,20,15.4,2.59,Medium
STU_12194,Computer Science,Laptop,3,20.7,0.522,4,71.4,0.432,7,22,40.9,2.94,Low
STU_12195,Data Science,Mobile,10,18.2,0.544,5,53.9,0.491,10,12,43.4,2.97,Medium
STU_12196,Data Science,Desktop,12,24.0,0.475,7,71.5,0.578,11,14,41.1,2.76,Medium
STU_12197,Engineering,Laptop,15,33.8,0.696,10,73.4,0.743,16,12,48.9,3.98,High
STU_12198,Data Science,Laptop,12,34.1,0.827,12,96.4,0.636,13,10,65.1,3.24,High
STU_12199,Data Science,Laptop,10,26.9,0.63,11,,0.511,10,14,30.0,2.42,Medium
STU_12200,Humanities & Social Sciences,Laptop,12,30.6,0.784,12,,0.741,16,8,58.4,3.37,High
STU_12201,Computer Science,Tablet,8,18.6,0.444,8,53.1,0.442,8,18,18.4,2.99,Low
STU_12202,Data Science,Desktop,13,37.4,0.974,13,69.7,0.735,21,0,73.8,3.59,High
STU_12203,Computer Science,Desktop,14,28.1,0.733,14,70.2,0.721,15,7,63.5,3.25,High
STU_12204,Business & Management,Tablet,2,15.5,0.504,6,35.3,0.394,4,25,22.1,1.95,Low
STU_12205,Humanities & Social Sciences,Laptop,10,29.5,0.669,12,54.9,0.531,12,10,40.1,,Medium
STU_12206,Computer Science,Mobile,3,17.8,0.512,5,47.8,0.505,6,17,33.5,2.09,Low
STU_12207,Engineering,Laptop,14,32.8,0.828,11,69.8,0.748,14,8,37.2,2.43,High
STU_12208,Computer Science,Mobile,17,44.0,0.886,14,95.1,1.0,19,2,67.7,4.0,High
STU_12209,Humanities & Social Sciences,Laptop,9,23.3,0.433,9,64.5,0.464,7,16,35.4,2.64,Medium
STU_12210,Engineering,Tablet,15,32.7,0.75,12,,0.712,12,15,28.1,2.91,Medium
STU_12211,Engineering,Laptop,15,28.8,0.665,9,49.9,0.753,12,14,56.4,2.49,Medium
STU_12212,Computer Science,Laptop,2,27.4,0.371,7,38.0,0.401,10,16,60.6,2.23,Low
STU_12213,Humanities & Social Sciences,Mobile,11,33.1,0.688,14,66.5,0.652,13,15,81.4,3.13,Medium
STU_12214,Business & Management,Laptop,19,47.2,1.0,16,80.5,1.0,22,2,49.2,3.64,High
STU_12215,Data Science,Desktop,11,22.3,0.524,8,55.7,0.612,13,15,54.2,2.8,Medium
STU_12216,Engineering,Laptop,6,18.6,0.647,10,76.6,0.556,11,15,33.8,2.39,Medium
STU_12217,Computer Science,Desktop,14,43.2,0.97,15,74.1,0.666,19,9,61.1,3.54,High
STU_12218,Engineering,Laptop,10,23.0,0.609,6,52.6,0.406,9,12,27.7,3.12,Medium
STU_12219,Computer Science,Laptop,13,35.0,0.677,16,71.0,0.64,13,7,59.6,3.03,Medium
STU_12220,Business & Management,Laptop,7,21.3,0.273,8,45.3,0.309,5,22,5.0,2.59,Low
STU_12221,Data Science,Desktop,12,25.4,0.595,9,69.8,0.514,12,19,29.9,2.83,Medium
STU_12222,Computer Science,Laptop,7,5.7,0.565,5,53.4,0.223,7,18,5.0,2.29,Low
STU_12223,Computer Science,Laptop,8,21.9,0.442,8,73.3,0.348,13,13,28.1,2.73,Medium
STU_12224,Computer Science,Laptop,9,21.9,0.667,10,55.5,0.415,9,12,32.9,2.51,Medium
STU_12225,Data Science,Laptop,15,29.4,0.678,11,87.7,0.687,13,14,32.5,2.9,High
STU_12226,Data Science,Desktop,8,35.9,0.776,11,78.9,0.672,16,5,60.4,3.5,High
STU_12227,Business & Management,Mobile,16,34.0,0.775,10,73.5,0.658,12,12,54.6,2.49,High
STU_12228,Computer Science,Laptop,1,7.6,0.239,6,29.3,0.352,6,20,34.0,2.28,Low
STU_12229,Computer Science,Desktop,5,17.6,0.548,11,36.1,0.295,7,15,50.3,2.24,Low
STU_12230,Business & Management,Desktop,10,32.8,0.719,10,49.8,0.696,10,11,40.9,3.42,Medium
STU_12231,Computer Science,Laptop,14,26.8,0.761,12,69.4,0.708,11,14,50.6,3.26,Medium
STU_12232,Humanities & Social Sciences,Desktop,1,10.1,0.33,8,52.2,0.33,10,24,9.2,2.58,Low
STU_12233,Engineering,Laptop,16,30.2,0.811,13,,0.753,18,10,63.4,3.49,High
STU_12234,Business & Management,Desktop,12,18.3,0.559,10,61.7,0.685,9,16,42.0,2.96,Medium
STU_12235,Business & Management,Laptop,10,19.7,0.486,4,63.8,0.368,7,17,52.1,2.63,Medium
STU_12236,Engineering,Desktop,10,34.0,0.855,9,77.5,0.722,12,13,53.5,2.79,Medium
STU_12237,Computer Science,Desktop,5,7.9,0.644,6,46.4,0.292,4,23,32.7,2.86,Low
STU_12238,Computer Science,Laptop,5,16.8,0.447,7,57.8,0.561,5,13,26.7,2.67,Low
STU_12239,Computer Science,Laptop,10,25.7,0.556,13,68.2,0.642,13,14,5.5,2.64,Medium
STU_12240,Engineering,Tablet,8,31.0,0.655,10,71.9,0.685,13,11,44.9,2.42,Medium
STU_12241,Computer Science,Laptop,13,33.9,0.821,15,80.4,0.796,24,9,54.3,3.04,High
STU_12242,Business & Management,Desktop,6,14.4,0.639,5,50.9,0.414,4,17,11.9,2.32,Low
STU_12243,Humanities & Social Sciences,Mobile,17,37.9,0.889,14,74.0,0.805,20,9,71.2,3.22,High
STU_12244,Engineering,Desktop,12,27.0,0.776,9,65.3,0.476,10,15,54.9,3.12,Medium
STU_12245,Data Science,Desktop,9,21.3,0.624,7,54.7,0.608,8,14,24.3,2.72,Medium
STU_12246,Computer Science,Mobile,12,25.8,0.735,9,54.6,0.563,10,12,44.5,2.8,Medium
STU_12247,Engineering,Mobile,19,44.4,0.851,14,84.3,0.843,25,4,63.7,3.5,High
STU_12248,Business & Management,Desktop,5,23.5,0.595,12,51.2,0.376,16,15,53.1,2.7,Medium
STU_12249,Computer Science,Desktop,11,31.1,0.638,11,69.2,0.646,16,17,55.8,2.99,Medium
STU_12250,Computer Science,Laptop,6,15.0,0.428,4,49.4,0.468,5,13,38.8,2.57,Low
STU_12251,Humanities & Social Sciences,Tablet,9,24.2,0.358,9,55.9,0.716,12,16,35.7,2.6,Medium
STU_12252,Business & Management,Desktop,13,37.5,0.852,15,87.8,0.735,16,10,62.1,2.91,High
STU_12253,Engineering,Laptop,11,18.3,0.464,9,74.0,0.485,8,14,48.5,2.92,Medium
STU_12254,Engineering,Mobile,18,32.2,0.843,12,69.1,0.629,13,5,80.9,2.9,High
STU_12255,Business & Management,Desktop,11,22.4,0.604,7,,0.523,12,13,37.4,3.24,Medium
STU_12256,Data Science,Laptop,18,43.2,0.991,15,,1.0,20,2,61.8,3.49,High
STU_12257,Data Science,Desktop,19,39.0,0.833,15,69.8,0.709,20,8,54.6,3.32,High
STU_12258,Data Science,Laptop,7,33.4,0.812,12,67.6,0.602,13,7,43.4,2.73,Medium
STU_12259,Data Science,Mobile,6,18.4,0.335,7,42.3,0.559,6,19,45.9,2.34,Low
STU_12260,Engineering,Laptop,7,7.2,0.436,7,49.9,0.456,5,19,12.9,2.34,Low
STU_12261,Business & Management,Mobile,4,13.9,0.234,6,52.5,0.621,7,23,31.6,2.12,Low
STU_12262,Engineering,Desktop,7,26.7,0.45,10,60.8,0.655,9,19,52.5,2.99,Medium
STU_12263,Data Science,Laptop,13,33.5,0.669,11,93.8,0.729,16,9,68.4,2.84,High
STU_12264,Business & Management,Tablet,7,15.9,0.475,7,58.6,0.526,7,14,50.8,,Medium
STU_12265,Business & Management,Desktop,10,26.7,0.702,9,74.1,0.554,13,16,55.4,3.08,Medium
STU_12266,Business & Management,Laptop,14,25.0,0.562,8,62.8,0.498,8,15,41.6,2.53,Medium
STU_12267,Business & Management,Desktop,11,32.9,0.695,9,58.9,0.531,13,13,40.5,3.09,Medium
STU_12268,Computer Science,Mobile,10,30.7,0.645,11,87.0,0.806,12,11,26.8,3.54,Medium
STU_12269,Data Science,Laptop,8,24.5,0.578,8,45.6,0.358,12,15,29.7,3.0,Medium
STU_12270,Computer Science,Laptop,8,2.3,0.425,4,52.8,0.369,6,18,29.2,2.48,Low
STU_12271,Data Science,Laptop,9,27.5,0.475,6,65.8,0.413,17,10,50.1,2.97,Medium
STU_12272,Data Science,Laptop,5,9.0,0.409,7,54.0,0.423,3,27,39.2,2.06,Low
STU_12273,Business & Management,Mobile,7,23.7,0.654,11,57.4,0.55,10,16,39.3,2.54,Medium
STU_12274,Humanities & Social Sciences,Desktop,21,41.8,0.825,14,89.0,0.839,24,5,79.2,3.74,High
STU_12275,Business & Management,Laptop,12,32.1,0.579,9,54.5,0.466,10,16,45.7,2.93,Medium
STU_12276,Business & Management,Laptop,10,13.7,0.292,6,69.5,0.594,6,16,34.8,2.43,Medium
STU_12277,Data Science,Laptop,11,30.2,0.549,9,60.0,0.458,11,16,37.2,3.01,Medium
STU_12278,Business & Management,Tablet,10,20.4,0.601,8,50.9,0.424,7,15,27.7,2.57,Medium
STU_12279,Computer Science,Laptop,9,29.4,0.719,7,58.6,0.59,10,12,37.2,3.26,Medium
STU_12280,Computer Science,Tablet,13,34.5,0.744,14,76.9,0.783,24,11,49.5,2.6,High
STU_12281,Data Science,Desktop,13,18.3,0.617,11,46.4,0.51,11,16,31.7,2.59,Medium
STU_12282,Data Science,Laptop,9,16.5,0.434,4,56.6,0.514,5,19,,2.59,Low
STU_12283,Computer Science,Mobile,9,29.7,0.659,10,60.7,0.621,11,15,61.5,3.44,Medium
STU_12284,Computer Science,Desktop,11,30.7,0.609,8,74.2,0.732,9,12,32.9,3.21,Medium
STU_12285,Computer Science,Desktop,4,12.7,0.414,4,38.2,0.289,4,17,15.5,2.15,Low
STU_12286,Humanities & Social Sciences,Tablet,10,26.9,0.681,9,67.4,0.669,12,11,44.2,3.32,Medium
STU_12287,Data Science,Laptop,18,48.0,0.894,15,86.6,0.758,18,5,54.4,2.95,High
STU_12288,Data Science,Laptop,14,36.2,0.597,10,72.1,0.601,11,11,34.2,2.67,Medium
STU_12289,Computer Science,Desktop,12,27.2,0.603,11,60.0,0.462,16,12,40.4,2.81,Medium
STU_12290,Business & Management,Laptop,13,31.6,0.806,13,61.7,0.847,15,12,57.3,3.32,High
STU_12291,Computer Science,Laptop,15,37.6,0.82,15,68.5,0.843,13,14,56.9,2.88,High
STU_12292,Computer Science,Laptop,8,22.4,0.628,7,71.0,0.659,11,15,35.8,2.7,Medium
STU_12293,Data Science,Laptop,13,31.5,0.592,13,85.6,0.721,11,14,40.8,3.37,Medium
STU_12294,Computer Science,Mobile,11,18.0,0.463,9,41.0,0.743,9,15,41.0,2.21,Medium
STU_12295,Computer Science,Laptop,10,43.2,0.814,13,68.8,0.768,17,8,62.2,2.9,High
STU_12296,Computer Science,Desktop,14,27.1,0.567,14,52.1,0.806,19,13,50.3,2.76,Medium
STU_12297,Computer Science,Desktop,1,13.9,0.479,9,42.8,0.358,4,18,17.5,3.0,Low
STU_12298,Computer Science,Laptop,19,37.5,0.963,15,72.5,0.847,16,9,76.9,3.5,High
STU_12299,Data Science,Laptop,15,40.0,0.736,14,69.4,0.895,16,4,47.5,3.19,High
STU_12300,Engineering,Mobile,8,27.0,0.71,12,81.2,0.436,11,16,39.8,3.22,Medium
STU_12301,Business & Management,Laptop,15,35.5,0.689,12,81.0,0.668,16,13,39.9,2.55,High
STU_12302,Data Science,Mobile,11,28.4,0.441,12,64.1,0.535,11,18,41.3,2.75,Medium
STU_12303,Computer Science,Mobile,4,17.6,0.278,4,50.5,0.409,12,22,20.8,2.45,Low
STU_12304,Humanities & Social Sciences,Laptop,12,37.2,0.786,11,84.3,0.685,15,14,59.6,3.64,High
STU_12305,Data Science,Desktop,15,38.6,0.707,12,67.7,0.78,18,9,65.3,2.89,High
STU_12306,Computer Science,Desktop,5,23.9,0.563,8,,0.524,7,12,50.6,3.0,Medium
STU_12307,Business & Management,Laptop,7,27.4,0.439,10,55.3,0.441,13,15,42.5,,Medium
STU_12308,Computer Science,Mobile,15,25.6,0.737,13,96.0,0.742,14,7,59.2,3.66,High
STU_12309,Data Science,Mobile,8,25.5,0.652,11,51.8,0.562,13,9,49.0,2.51,Medium
STU_12310,Data Science,Laptop,12,26.4,0.573,9,62.3,0.717,11,17,17.3,3.41,Medium
STU_12311,Engineering,Desktop,17,35.1,0.602,9,58.9,0.735,13,10,52.3,2.53,High
STU_12312,Data Science,Mobile,14,34.8,0.845,11,80.2,0.641,16,5,41.8,2.83,High
STU_12313,Business & Management,Tablet,13,34.4,0.728,11,76.2,0.76,16,9,42.6,3.11,High
STU_12314,Humanities & Social Sciences,Desktop,22,39.2,0.929,14,76.6,0.845,20,12,65.0,3.43,High
STU_12315,Computer Science,Desktop,13,40.0,0.554,14,66.5,0.784,16,12,71.7,2.96,Medium
STU_12316,Computer Science,Laptop,16,35.8,0.534,11,66.8,0.581,13,13,,3.8,Medium
STU_12317,Data Science,Tablet,13,19.5,0.604,10,56.4,0.588,9,16,45.1,2.31,Medium
STU_12318,Data Science,Laptop,20,54.7,0.92,12,84.6,0.961,21,2,69.1,3.06,High
STU_12319,Data Science,Desktop,16,37.4,0.727,12,85.3,0.656,13,8,57.0,3.2,High
STU_12320,Humanities & Social Sciences,Laptop,16,37.5,0.852,14,82.0,0.913,19,10,85.1,3.28,High
STU_12321,Business & Management,Laptop,7,17.9,0.492,8,64.9,0.593,9,21,55.3,2.21,Medium
STU_12322,Business & Management,Laptop,17,35.2,0.705,14,74.3,0.648,16,6,59.7,3.89,High
STU_12323,Data Science,Tablet,17,34.8,1.0,13,96.6,0.735,17,9,61.1,3.21,High
STU_12324,Engineering,Laptop,15,31.5,0.738,9,68.5,0.497,13,13,47.5,2.82,Medium
STU_12325,Humanities & Social Sciences,Desktop,5,17.8,0.383,4,54.1,0.26,4,19,33.2,,Low
STU_12326,Engineering,Laptop,10,28.6,0.657,10,78.2,0.472,12,11,49.4,2.55,Medium
STU_12327,Computer Science,Laptop,13,34.1,0.688,10,69.3,0.507,12,8,55.9,3.4,Medium
STU_12328,Business & Management,Laptop,9,11.2,0.449,8,54.5,0.397,6,19,22.2,2.53,Low
STU_12329,Computer Science,Desktop,16,31.8,0.718,10,66.5,0.673,13,11,55.7,3.06,High
STU_12330,Computer Science,Laptop,15,42.1,0.857,15,79.8,0.827,18,8,78.9,3.43,High
STU_12331,Computer Science,Laptop,9,22.3,0.689,5,69.4,0.387,7,16,41.2,2.32,Medium
STU_12332,Business & Management,Laptop,12,35.3,0.861,15,87.5,0.852,19,10,60.8,3.67,High
STU_12333,Business & Management,Laptop,16,33.0,0.898,13,79.2,0.691,16,10,19.9,2.99,High
STU_12334,Computer Science,Tablet,14,44.9,0.834,14,86.0,0.811,20,11,,3.2,High
STU_12335,Data Science,Tablet,7,18.1,0.324,3,49.0,0.059,4,19,25.2,2.4,Low
STU_12336,Data Science,Laptop,9,31.1,0.696,10,76.6,0.643,14,14,35.8,2.41,Medium
STU_12337,Data Science,Desktop,15,21.6,0.667,8,67.1,0.727,16,11,48.3,3.19,High
STU_12338,Computer Science,Mobile,16,47.1,0.794,12,60.9,0.521,14,10,57.0,3.27,High
STU_12339,Data Science,Laptop,15,41.8,0.68,15,97.5,0.827,30,10,64.3,3.64,High
STU_12340,Engineering,Mobile,11,21.3,0.513,7,57.6,0.444,9,19,47.3,2.63,Medium
STU_12341,Computer Science,Tablet,8,21.1,0.466,9,69.7,0.687,9,15,36.7,2.47,Medium
STU_12342,Computer Science,Laptop,16,37.6,0.706,11,71.3,0.605,15,7,53.5,3.28,High
STU_12343,Data Science,Laptop,12,34.0,0.647,11,46.3,0.893,12,13,47.4,3.4,Medium
STU_12344,Humanities & Social Sciences,Tablet,7,31.5,0.587,9,64.6,0.732,14,12,,2.74,Medium
STU_12345,Business & Management,Desktop,8,22.0,0.418,8,46.5,0.584,10,17,49.1,3.08,Medium
STU_12346,Business & Management,Laptop,13,34.2,0.692,10,80.6,0.579,15,6,71.0,3.13,High
STU_12347,Data Science,Laptop,14,35.1,0.608,9,62.3,0.546,12,15,,2.74,Medium
STU_12348,Business & Management,Laptop,12,24.4,0.424,10,71.5,0.606,11,14,52.6,3.01,Medium
STU_12349,Computer Science,Desktop,14,23.1,0.491,10,62.9,0.553,9,10,50.2,2.85,Medium
STU_12350,Business & Management,Desktop,12,15.7,0.481,9,46.8,0.365,9,15,36.1,2.17,Medium
STU_12351,Humanities & Social Sciences,Tablet,9,28.3,0.55,12,69.7,0.692,10,12,34.7,2.79,Medium
STU_12352,Business & Management,Laptop,9,28.4,0.669,8,,0.54,11,20,45.6,2.42,Medium
STU_12353,Engineering,Desktop,10,31.7,0.429,8,63.0,0.639,15,4,64.6,3.08,Medium
STU_12354,Business & Management,Desktop,5,16.9,0.472,8,37.6,0.551,6,17,45.3,2.24,Low
STU_12355,Computer Science,Laptop,11,39.7,0.712,12,80.1,0.855,15,7,74.7,3.38,High
STU_12356,Humanities & Social Sciences,Laptop,7,23.9,0.508,7,55.8,0.548,7,15,9.1,2.64,Medium
STU_12357,Computer Science,Tablet,9,34.5,0.648,8,69.1,0.712,11,11,25.0,3.17,Medium
STU_12358,Data Science,Mobile,15,34.8,0.763,12,68.2,0.696,15,7,53.2,3.16,High
STU_12359,Computer Science,Desktop,17,18.1,0.646,10,78.0,0.608,11,11,51.7,2.94,High
STU_12360,Computer Science,Desktop,7,22.9,0.455,6,66.8,0.645,9,17,32.8,2.46,Medium
STU_12361,Data Science,Laptop,10,28.0,0.509,6,64.1,0.423,9,19,39.0,2.66,Medium
STU_12362,Computer Science,Desktop,9,12.9,0.482,7,48.4,0.328,7,18,13.6,2.21,Low
STU_12363,Data Science,Desktop,11,25.9,0.365,13,60.1,0.629,11,12,35.6,2.85,Medium
STU_12364,Business & Management,Desktop,11,23.8,0.531,9,62.0,0.551,11,14,30.9,2.94,Medium
STU_12365,Computer Science,Tablet,9,24.7,0.67,11,51.5,0.383,14,14,30.5,2.52,Medium
STU_12366,Computer Science,Desktop,10,23.7,0.488,10,70.8,0.644,11,17,33.9,2.58,Medium
STU_12367,Business & Management,Laptop,10,37.2,0.71,10,81.4,0.717,13,9,38.0,3.56,Medium
STU_12368,Data Science,Mobile,9,17.3,0.468,9,68.4,0.695,6,20,5.0,2.22,Medium
STU_12369,Business & Management,Laptop,9,30.2,0.725,10,68.8,0.716,15,11,70.2,3.36,Medium
STU_12370,Business & Management,Laptop,7,14.7,0.32,3,59.1,0.556,8,21,21.7,2.54,Low
STU_12371,Engineering,Laptop,11,31.7,0.593,15,88.2,0.842,17,5,49.1,3.36,High
STU_12372,Business & Management,Laptop,11,25.9,0.528,8,51.8,0.307,7,14,34.3,2.74,Medium
STU_12373,Data Science,Mobile,17,48.1,0.998,14,74.4,0.862,22,4,71.2,3.59,High
STU_12374,Business & Management,Desktop,9,36.4,0.714,9,78.5,0.646,14,8,50.9,2.63,Medium
STU_12375,Computer Science,Mobile,13,28.0,0.84,12,61.3,0.609,11,10,37.7,3.27,Medium
STU_12376,Data Science,Desktop,14,26.0,0.54,11,58.9,0.521,13,11,57.6,2.79,Medium
STU_12377,Engineering,Laptop,12,32.9,0.82,12,78.0,0.759,13,12,44.6,,High
STU_12378,Data Science,Mobile,12,24.5,0.501,6,49.6,0.525,10,19,38.7,2.79,Medium
STU_12379,Engineering,Laptop,1,13.7,0.5,5,48.5,0.543,6,19,50.7,2.6,Low
STU_12380,Engineering,Laptop,8,26.8,0.864,9,49.9,0.726,11,13,71.7,3.04,Medium
STU_12381,Engineering,Desktop,16,30.4,0.677,17,62.3,0.644,15,11,64.6,2.94,High
STU_12382,Humanities & Social Sciences,Laptop,6,11.3,0.404,4,46.3,0.36,8,18,21.6,2.68,Low
STU_12383,Data Science,Laptop,6,29.5,0.629,9,57.4,0.533,10,13,38.9,2.47,Medium
STU_12384,Data Science,Desktop,12,33.2,0.668,12,67.7,0.695,13,12,43.6,3.51,Medium
STU_12385,Business & Management,Desktop,7,21.0,0.573,9,40.7,0.551,9,18,35.2,3.02,Medium
STU_12386,Data Science,Laptop,7,14.3,0.557,5,46.2,0.418,9,10,39.7,2.47,Medium
STU_12387,Business & Management,Tablet,7,15.4,0.458,7,68.8,0.443,7,19,12.5,2.68,Medium
STU_12388,Business & Management,Desktop,11,33.8,0.574,10,66.1,0.606,13,13,30.7,2.77,Medium
STU_12389,Business & Management,Mobile,14,31.8,0.625,12,68.0,0.81,18,11,55.4,2.92,High
STU_12390,Data Science,Laptop,17,36.2,0.725,15,66.1,0.722,14,11,52.2,3.13,High
STU_12391,Computer Science,Desktop,11,24.4,0.702,11,67.7,0.539,8,14,34.6,2.83,Medium
STU_12392,Data Science,Mobile,18,31.6,0.92,15,82.7,0.861,17,7,48.6,3.91,High
STU_12393,Computer Science,Desktop,14,36.1,0.661,8,56.5,0.443,11,13,39.8,2.9,Medium
STU_12394,Engineering,Desktop,8,26.3,0.563,8,55.9,0.516,9,15,,2.75,Medium
STU_12395,Data Science,Laptop,7,22.0,0.561,8,51.1,0.436,12,14,25.7,3.19,Medium
STU_12396,Computer Science,Laptop,9,15.2,0.625,5,45.3,0.357,5,16,18.8,2.57,Low
STU_12397,Computer Science,Desktop,15,30.8,0.668,11,80.0,0.632,14,9,53.2,2.8,High
STU_12398,Business & Management,Laptop,15,42.9,0.847,16,79.2,0.633,15,3,61.4,3.21,High
STU_12399,Business & Management,Mobile,11,27.2,0.746,12,77.9,0.553,16,12,60.4,3.28,Medium
STU_12400,Data Science,Laptop,9,25.0,0.677,10,65.8,0.826,10,15,31.9,3.62,Medium
STU_12401,Computer Science,Tablet,15,28.8,0.665,10,56.1,0.66,15,7,46.4,3.12,High
STU_12402,Data Science,Tablet,19,42.7,0.924,13,70.3,0.952,18,5,61.9,2.87,High
STU_12403,Data Science,Laptop,17,42.1,0.633,11,79.4,0.819,16,13,54.8,2.72,High
STU_12404,Business & Management,Laptop,6,17.8,0.324,6,47.2,0.407,6,28,19.3,2.02,Low
STU_12405,Business & Management,Mobile,7,13.0,0.487,8,40.2,0.454,4,19,13.8,2.1,Low
STU_12406,Data Science,Tablet,11,27.5,0.654,11,60.3,0.786,11,14,48.7,3.09,Medium
STU_12407,Computer Science,Laptop,13,34.8,0.699,10,89.9,0.752,16,9,50.6,3.74,High
STU_12408,Humanities & Social Sciences,Laptop,15,26.8,0.533,12,77.0,0.473,16,12,49.7,3.26,Medium
STU_12409,Data Science,Desktop,10,38.2,0.534,9,79.7,0.599,11,16,47.4,3.21,Medium
STU_12410,Business & Management,Desktop,9,26.2,0.432,9,46.9,0.39,8,16,28.7,2.83,Low
STU_12411,Computer Science,Laptop,8,26.0,0.582,7,77.5,0.425,9,10,51.1,,Medium
STU_12412,Data Science,Desktop,10,34.4,0.626,9,61.0,0.653,14,13,,2.7,Medium
STU_12413,Computer Science,Laptop,8,27.5,0.458,9,73.7,0.317,12,14,40.5,2.94,Medium
STU_12414,Data Science,Laptop,1,8.2,0.567,2,46.4,0.305,3,19,20.0,2.01,Low
STU_12415,Humanities & Social Sciences,Laptop,8,16.9,0.588,6,57.4,0.25,5,15,32.2,2.67,Low
STU_12416,Data Science,Laptop,5,26.4,0.638,8,63.3,0.471,7,16,48.3,2.74,Medium
STU_12417,Computer Science,Laptop,14,30.8,0.855,16,73.8,0.788,15,11,45.8,3.18,High
STU_12418,Computer Science,Desktop,12,37.1,0.692,12,73.4,0.579,19,13,48.7,2.79,Medium
STU_12419,Data Science,Laptop,2,14.9,0.452,6,42.8,0.299,8,22,28.8,2.41,Low
STU_12420,Computer Science,Laptop,13,41.5,0.673,10,72.6,0.689,17,7,52.0,3.04,High
STU_12421,Computer Science,Laptop,17,41.9,1.0,14,88.0,0.886,17,5,70.1,2.96,High
STU_12422,Engineering,Tablet,13,30.4,0.465,9,67.7,0.655,19,14,33.1,2.63,Medium
STU_12423,Data Science,Laptop,13,32.8,0.8,12,67.9,0.677,16,13,69.0,3.21,High
STU_12424,Computer Science,Laptop,20,42.6,0.823,15,86.2,0.784,18,3,85.3,2.81,High
STU_12425,Humanities & Social Sciences,Desktop,8,20.3,0.564,7,46.0,0.465,10,14,29.3,3.37,Medium
STU_12426,Computer Science,Tablet,14,39.7,0.707,14,81.9,0.774,14,11,52.8,3.02,High
STU_12427,Humanities & Social Sciences,Laptop,8,9.1,0.474,7,36.1,0.444,8,20,11.2,2.79,Low
STU_12428,Data Science,Desktop,11,17.6,0.7,5,59.3,0.548,15,15,30.6,2.06,Medium
STU_12429,Engineering,Desktop,5,14.9,0.698,6,61.1,0.414,6,19,59.8,2.22,Medium
STU_12430,Business & Management,Desktop,16,37.6,0.791,13,81.7,0.711,20,6,71.4,3.79,High
STU_12431,Engineering,Laptop,3,17.4,0.56,3,42.8,0.548,5,19,31.6,2.38,Low
STU_12432,Humanities & Social Sciences,Desktop,7,24.8,0.579,8,66.3,0.557,13,19,28.7,2.47,Medium
STU_12433,Computer Science,Laptop,9,15.0,0.469,9,42.3,0.397,4,20,24.0,2.9,Low
STU_12434,Humanities & Social Sciences,Desktop,5,7.6,0.356,3,60.8,0.313,5,17,21.1,1.78,Low
STU_12435,Data Science,Desktop,7,28.9,0.755,12,58.8,0.682,8,13,23.0,3.07,Medium
STU_12436,Data Science,Laptop,12,27.7,0.9,15,70.1,0.623,13,3,55.2,3.03,High
STU_12437,Data Science,Mobile,13,38.7,0.71,11,74.5,0.708,12,20,57.5,2.75,Medium
STU_12438,Data Science,Laptop,8,21.9,0.51,8,59.0,0.559,10,18,62.3,2.19,Medium
STU_12439,Computer Science,Mobile,12,33.6,0.561,10,73.8,0.685,20,6,57.4,2.64,Medium
STU_12440,Business & Management,Desktop,19,38.2,0.957,16,84.0,0.766,16,5,,3.44,High
STU_12441,Data Science,Laptop,14,35.4,0.687,14,67.5,0.92,16,8,59.6,3.41,High
STU_12442,Engineering,Laptop,16,42.0,0.625,10,78.1,0.519,13,14,58.5,2.95,Medium
STU_12443,Engineering,Tablet,14,29.7,0.589,10,48.7,0.752,11,16,53.0,2.8,Medium
STU_12444,Data Science,Laptop,4,19.5,0.572,6,50.6,0.503,4,20,40.7,2.34,Low
STU_12445,Data Science,Laptop,15,39.0,0.985,18,80.0,0.858,24,3,41.3,3.41,High
STU_12446,Computer Science,Laptop,13,36.0,0.812,12,61.8,0.697,15,11,68.1,2.91,High
STU_12447,Computer Science,Desktop,12,38.5,0.807,13,90.1,0.738,17,10,42.5,3.42,High
STU_12448,Computer Science,Desktop,12,29.5,0.437,8,67.5,0.662,13,13,34.4,3.31,Medium
STU_12449,Data Science,Laptop,15,34.2,0.903,12,71.7,0.9,17,7,57.6,3.47,High
STU_12450,Computer Science,Laptop,6,17.8,0.344,5,50.8,0.431,8,18,32.4,2.47,Low
STU_12451,Humanities & Social Sciences,Laptop,18,38.0,0.74,16,98.5,0.784,19,12,42.6,3.53,High
STU_12452,Business & Management,Laptop,15,28.7,0.526,14,61.6,0.68,12,5,44.5,3.03,Medium
STU_12453,Data Science,Laptop,14,25.4,0.591,10,76.8,0.498,17,11,55.5,2.92,Medium
STU_12454,Business & Management,Desktop,9,37.2,0.653,11,64.8,0.547,15,9,60.5,2.59,Medium
STU_12455,Computer Science,Laptop,13,38.5,0.621,9,70.6,0.728,11,7,52.1,2.78,Medium
STU_12456,Data Science,Laptop,19,33.5,0.735,12,70.3,0.804,16,7,69.8,3.12,High
STU_12457,Business & Management,Laptop,1,20.7,0.434,8,55.3,0.567,7,14,48.8,2.29,Low
STU_12458,Data Science,Tablet,11,28.5,0.569,8,62.6,0.627,10,12,41.7,2.83,Medium
STU_12459,Data Science,Tablet,4,6.9,0.447,3,59.7,0.42,6,18,23.5,2.22,Low
STU_12460,Humanities & Social Sciences,Mobile,7,20.9,0.422,11,46.5,0.614,8,19,29.2,2.84,Low
STU_12461,Engineering,Laptop,13,22.9,0.597,9,79.0,0.497,10,13,36.5,2.52,Medium
STU_12462,Business & Management,Laptop,21,46.5,0.845,15,64.4,0.89,23,8,48.7,3.04,High
STU_12463,Business & Management,Laptop,9,23.9,0.45,4,58.0,0.507,7,14,49.8,2.74,Medium
STU_12464,Business & Management,Laptop,6,17.6,0.483,7,53.8,0.568,6,16,30.1,2.73,Low
STU_12465,Computer Science,Desktop,8,22.5,0.725,11,62.0,0.212,14,13,51.7,2.58,Medium
STU_12466,Data Science,Mobile,6,11.8,0.354,5,49.8,0.622,9,20,58.5,2.24,Low
STU_12467,Computer Science,Mobile,8,11.9,0.259,8,55.2,0.481,4,21,54.3,2.46,Low
STU_12468,Data Science,Mobile,14,33.3,0.652,17,80.0,0.777,15,9,71.3,3.46,High
STU_12469,Data Science,Laptop,11,27.9,0.836,9,64.3,0.517,15,10,41.5,2.4,Medium
STU_12470,Computer Science,Desktop,23,42.0,0.657,17,84.9,0.761,16,9,70.9,3.68,High
STU_12471,Humanities & Social Sciences,Laptop,10,19.2,0.459,8,51.5,0.475,7,16,31.2,2.09,Medium
STU_12472,Humanities & Social Sciences,Laptop,14,26.8,0.557,11,65.1,0.757,10,14,32.8,2.45,Medium
STU_12473,Business & Management,Desktop,14,44.6,0.909,13,94.1,1.0,20,1,56.5,3.45,High
STU_12474,Data Science,Laptop,10,28.4,0.598,11,77.1,0.681,11,12,56.9,2.82,Medium
STU_12475,Engineering,Laptop,10,19.7,0.643,8,71.5,0.632,11,16,50.3,2.8,Medium
STU_12476,Computer Science,Laptop,12,35.8,0.549,17,64.3,0.74,13,10,69.9,3.25,Medium
STU_12477,Engineering,Desktop,15,26.2,0.672,10,70.0,0.515,11,10,43.6,3.45,Medium
STU_12478,Computer Science,Mobile,7,2.3,0.268,6,,0.213,2,24,13.3,1.83,Low
STU_12479,Engineering,Laptop,9,27.8,0.454,8,,0.678,10,11,30.4,3.17,Medium
STU_12480,Computer Science,Mobile,14,21.0,0.618,11,67.7,0.608,12,10,19.8,2.3,Medium
STU_12481,Engineering,Laptop,18,46.4,0.859,16,79.4,0.819,23,7,58.8,3.25,High
STU_12482,Humanities & Social Sciences,Laptop,21,39.9,0.807,16,71.6,0.665,17,6,49.2,2.98,High
STU_12483,Computer Science,Desktop,11,22.8,0.706,9,41.1,0.65,11,16,30.1,2.28,Medium
STU_12484,Data Science,Desktop,17,38.1,0.829,12,75.7,0.729,15,7,52.5,3.44,High
STU_12485,Humanities & Social Sciences,Tablet,11,12.0,0.316,9,52.5,0.393,7,19,56.8,2.94,Low
STU_12486,Data Science,Laptop,12,28.6,0.569,9,54.7,0.556,9,13,30.0,2.97,Medium
STU_12487,Engineering,Desktop,13,23.2,0.735,9,59.2,0.685,13,15,24.3,2.48,Medium
STU_12488,Business & Management,Desktop,17,41.6,0.914,14,96.8,0.742,18,3,68.4,4.0,High
STU_12489,Data Science,Mobile,8,21.0,0.239,3,27.6,0.381,12,18,36.9,2.46,Low
STU_12490,Computer Science,Laptop,12,34.3,0.783,11,62.2,0.793,17,3,44.7,3.67,High
STU_12491,Computer Science,Mobile,13,27.4,0.58,11,91.7,0.83,28,6,60.3,3.04,High
STU_12492,Engineering,Desktop,5,22.2,0.559,7,64.9,0.503,8,19,55.9,2.54,Medium
STU_12493,Data Science,Laptop,12,45.0,1.0,15,84.2,0.779,18,4,61.9,3.38,High
STU_12494,Data Science,Desktop,13,30.4,0.887,10,71.0,0.602,13,4,61.2,3.74,High
STU_12495,Data Science,Laptop,16,29.1,0.742,11,63.9,0.657,13,9,61.0,3.46,High
STU_12496,Business & Management,Desktop,15,29.9,0.655,12,58.2,0.661,19,13,55.5,3.05,Medium
STU_12497,Engineering,Mobile,14,33.7,0.843,11,76.1,0.494,13,6,65.3,3.09,High
STU_12498,Humanities & Social Sciences,Desktop,12,11.6,0.46,8,63.0,0.301,7,20,40.3,,Medium
STU_12499,Data Science,Desktop,11,30.9,0.656,11,63.3,0.435,12,9,39.1,2.5,Medium
STU_12500,Engineering,Desktop,11,46.8,1.0,17,62.2,0.791,24,6,34.4,2.74,High
STU_12501,Engineering,Laptop,3,17.2,0.426,8,63.6,0.601,7,14,38.3,2.32,Low
STU_12502,Business & Management,Laptop,11,31.8,0.811,13,79.3,0.794,16,4,51.0,3.28,High
STU_12503,Humanities & Social Sciences,Desktop,11,18.2,0.709,9,67.4,0.401,9,14,19.4,3.04,Medium
STU_12504,Computer Science,Laptop,10,30.9,0.817,8,64.6,0.523,14,12,43.7,2.56,Medium
STU_12505,Computer Science,Laptop,8,23.0,0.412,6,,0.325,7,19,31.0,2.99,Low
STU_12506,Engineering,Desktop,13,26.2,0.541,7,47.3,0.515,8,14,40.5,2.5,Medium
STU_12507,Data Science,Laptop,7,19.4,0.625,9,73.2,0.645,11,10,54.3,2.91,Medium
STU_12508,Engineering,Laptop,12,30.0,0.626,12,53.4,0.721,14,18,36.0,2.76,Medium
STU_12509,Engineering,Desktop,9,25.5,0.284,7,62.7,0.411,8,17,9.9,2.55,Low
STU_12510,Computer Science,Laptop,10,32.5,0.735,12,59.1,0.656,14,11,44.1,3.56,Medium
STU_12511,Engineering,Mobile,11,20.5,0.453,8,45.0,0.387,6,20,42.9,2.38,Low
STU_12512,Data Science,Mobile,11,28.5,0.604,11,84.6,0.647,17,9,64.9,2.73,Medium
STU_12513,Data Science,Desktop,13,34.6,0.645,12,88.7,0.633,13,6,46.1,3.35,High
STU_12514,Business & Management,Laptop,14,25.6,0.35,11,58.9,0.437,7,18,42.9,2.92,Medium
STU_12515,Humanities & Social Sciences,Mobile,17,39.4,0.779,14,72.4,0.632,15,13,45.9,2.87,High
STU_12516,Computer Science,Mobile,13,20.9,0.695,8,72.5,0.274,10,9,42.9,2.95,Medium
STU_12517,Data Science,Mobile,14,25.0,0.624,10,50.0,0.551,11,13,9.9,3.03,Medium
STU_12518,Business & Management,Laptop,13,41.3,0.731,10,85.9,0.773,15,10,53.0,3.78,High
STU_12519,Business & Management,Desktop,17,35.0,0.7,13,90.1,0.717,14,11,57.1,3.03,High
STU_12520,Business & Management,Mobile,11,30.4,0.719,12,72.9,0.488,11,11,42.7,3.4,Medium
STU_12521,Computer Science,Desktop,4,11.1,0.322,4,38.8,0.154,4,17,9.2,2.38,Low
STU_12522,Computer Science,Desktop,12,36.1,0.718,9,83.0,0.652,15,5,51.1,2.96,High
STU_12523,Data Science,Desktop,3,18.3,0.355,8,50.2,0.238,6,27,45.7,2.04,Low
STU_12524,Engineering,Desktop,9,22.4,0.47,6,52.4,0.396,6,23,21.4,2.64,Low
STU_12525,Computer Science,Laptop,7,21.1,0.467,4,42.7,0.293,6,17,20.2,2.06,Low
STU_12526,Computer Science,Desktop,12,31.9,0.853,11,61.2,0.535,13,10,49.9,2.8,Medium
STU_12527,Humanities & Social Sciences,Laptop,11,21.6,0.485,9,71.1,0.657,12,13,59.8,2.93,Medium
STU_12528,Computer Science,Laptop,13,32.6,0.867,10,70.7,0.735,19,9,36.6,3.68,High
STU_12529,Humanities & Social Sciences,Laptop,6,17.5,0.423,7,52.9,0.439,6,17,22.2,,Low
STU_12530,Business & Management,Desktop,10,29.8,0.468,9,62.4,0.636,12,11,48.6,2.54,Medium
STU_12531,Engineering,Laptop,8,22.8,0.365,6,37.1,0.456,7,17,17.7,2.61,Low
STU_12532,Computer Science,Desktop,16,40.8,0.845,12,77.2,0.735,15,8,49.5,3.18,High
STU_12533,Computer Science,Mobile,7,14.3,0.48,8,56.7,0.65,9,12,56.4,2.04,Medium
STU_12534,Business & Management,Laptop,11,14.3,0.526,11,71.3,0.673,8,14,57.4,2.39,Medium
STU_12535,Engineering,Laptop,14,37.7,0.835,13,82.8,0.643,17,4,64.5,3.42,High
STU_12536,Business & Management,Laptop,10,33.4,0.685,12,56.8,0.665,14,8,52.2,2.91,Medium
STU_12537,Computer Science,Mobile,8,28.8,0.537,11,63.3,0.64,17,11,40.2,3.08,Medium
STU_12538,Engineering,Desktop,11,28.2,0.329,5,66.7,0.578,8,16,35.8,2.21,Medium
STU_12539,Engineering,Desktop,13,27.7,0.848,10,58.3,0.564,13,10,41.9,3.18,Medium
STU_12540,Business & Management,Laptop,10,18.5,0.552,10,75.6,0.663,9,21,57.6,2.1,Medium
STU_12541,Engineering,Desktop,15,28.3,0.779,9,68.5,0.561,12,12,51.4,3.27,Medium
STU_12542,Engineering,Mobile,13,32.8,0.825,14,78.9,0.713,16,10,54.0,3.64,High
STU_12543,Business & Management,Mobile,9,33.6,0.788,10,65.5,0.549,15,11,51.0,2.64,Medium
STU_12544,Computer Science,Desktop,17,40.3,0.885,16,77.0,0.772,17,1,56.7,3.31,High
STU_12545,Data Science,Laptop,14,27.3,0.75,11,63.3,0.59,21,10,59.1,2.69,High
STU_12546,Computer Science,Laptop,10,31.0,0.558,12,78.7,0.503,12,13,42.2,2.92,Medium
STU_12547,Data Science,Laptop,21,36.0,0.976,14,87.6,0.919,20,7,100.6,3.57,High
STU_12548,Data Science,Laptop,1,7.8,0.385,7,39.1,0.355,17,17,19.2,1.88,Low
STU_12549,Computer Science,Laptop,13,19.1,0.429,11,69.2,0.769,11,12,52.4,2.65,Medium
STU_12550,Data Science,Laptop,14,31.4,0.903,9,76.9,0.626,12,8,71.3,3.35,High
STU_12551,Computer Science,Laptop,14,33.5,0.765,11,80.5,0.602,15,8,18.5,3.28,High
STU_12552,Engineering,Tablet,1,16.0,0.262,3,46.2,0.249,6,21,14.2,2.19,Low
STU_12553,Humanities & Social Sciences,Desktop,12,26.7,0.519,8,61.5,0.515,8,11,57.4,3.05,Medium
STU_12554,Computer Science,Mobile,10,37.2,0.725,13,61.0,0.692,12,13,23.3,3.6,Medium
STU_12555,Humanities & Social Sciences,Desktop,11,32.2,0.509,10,80.9,0.615,12,8,64.0,3.08,Medium
STU_12556,Data Science,Laptop,15,34.1,0.901,13,82.6,0.634,15,10,62.9,3.41,High
STU_12557,Computer Science,Desktop,11,25.5,0.424,10,71.1,0.654,14,13,60.2,2.71,Medium
STU_12558,Computer Science,Laptop,18,43.1,0.899,15,62.8,0.928,16,5,59.1,3.48,High
STU_12559,Data Science,Desktop,12,28.2,0.584,9,71.2,0.524,12,16,45.3,2.6,Medium
STU_12560,Engineering,Laptop,17,34.4,0.776,12,75.0,0.885,18,10,42.7,2.75,High
STU_12561,Business & Management,Tablet,9,22.5,0.614,11,64.8,0.442,10,18,33.1,2.86,Medium
STU_12562,Computer Science,Laptop,19,40.7,0.904,14,73.1,0.968,18,0,58.3,3.79,High
STU_12563,Computer Science,Laptop,8,22.1,0.549,9,80.0,0.487,12,17,36.4,2.87,Medium
STU_12564,Data Science,Tablet,14,34.7,0.963,13,72.1,1.0,21,12,62.3,3.4,High
STU_12565,Computer Science,Laptop,14,28.4,0.796,8,76.2,0.436,11,12,36.6,2.72,Medium
STU_12566,Computer Science,Desktop,19,37.8,0.907,13,79.8,0.723,17,3,38.2,3.86,High
STU_12567,Computer Science,Desktop,9,17.0,0.367,8,71.8,0.682,10,14,36.2,2.18,Medium
STU_12568,Engineering,Mobile,13,38.5,0.748,10,75.9,0.543,15,8,57.4,3.62,High
STU_12569,Humanities & Social Sciences,Tablet,20,39.7,0.887,13,100.0,0.828,19,2,75.6,3.73,High
STU_12570,Data Science,Tablet,9,27.5,0.573,10,66.6,0.578,18,11,,3.07,Medium
STU_12571,Humanities & Social Sciences,Laptop,15,32.1,0.768,12,59.8,0.671,15,9,37.8,3.18,High
STU_12572,Data Science,Mobile,9,26.2,0.569,11,65.1,0.589,10,10,60.2,3.11,Medium
STU_12573,Data Science,Desktop,9,9.9,0.398,6,46.4,0.333,4,19,20.1,2.11,Low
STU_12574,Computer Science,Desktop,1,15.8,0.385,2,43.1,0.443,4,20,13.6,2.54,Low
STU_12575,Business & Management,Laptop,19,39.3,0.829,12,86.6,0.888,15,6,75.0,3.16,High
STU_12576,Humanities & Social Sciences,Desktop,9,30.1,0.529,9,50.7,0.512,10,13,62.8,2.96,Medium
STU_12577,Business & Management,Tablet,7,19.6,0.28,8,73.8,0.303,7,19,5.0,2.12,Low
STU_12578,Data Science,Mobile,20,46.9,1.0,18,87.2,0.866,24,0,62.5,3.56,High
STU_12579,Business & Management,Laptop,4,11.2,0.383,4,37.7,0.419,4,17,24.7,2.88,Low
STU_12580,Computer Science,Laptop,9,24.6,0.552,10,64.0,0.552,10,15,42.9,3.14,Medium
STU_12581,Engineering,Laptop,1,6.6,0.182,3,45.1,0.387,4,26,27.0,2.62,Low
STU_12582,Data Science,Mobile,5,14.2,0.63,7,51.3,0.615,8,20,60.5,2.8,Medium
STU_12583,Data Science,Desktop,18,41.2,0.867,15,76.5,0.862,19,3,52.5,3.33,High
STU_12584,Business & Management,Desktop,8,21.9,0.521,8,73.7,0.516,10,12,43.1,2.63,Medium
STU_12585,Business & Management,Laptop,13,37.4,0.774,13,79.9,0.668,19,7,39.4,3.56,High
STU_12586,Computer Science,Laptop,11,30.8,0.761,13,70.6,0.721,15,8,59.7,3.58,High
STU_12587,Business & Management,Desktop,7,22.4,0.544,10,61.6,0.587,10,23,56.5,3.06,Medium
STU_12588,Computer Science,Mobile,9,16.3,0.333,4,42.5,0.323,9,20,5.0,2.4,Low
STU_12589,Business & Management,Desktop,8,23.2,0.578,10,71.6,0.629,9,19,25.1,2.8,Medium
STU_12590,Engineering,Laptop,12,41.6,0.815,12,91.0,0.592,19,12,63.0,3.52,High
STU_12591,Engineering,Desktop,14,32.6,0.94,15,80.6,0.677,15,3,61.5,2.64,High
STU_12592,Business & Management,Laptop,17,39.3,0.831,15,79.1,0.725,20,3,59.1,3.57,High
STU_12593,Data Science,Tablet,24,44.4,0.794,16,76.3,0.823,19,4,78.8,3.54,High
STU_12594,Computer Science,Laptop,14,35.3,0.797,11,74.3,0.865,18,10,70.7,3.13,High
STU_12595,Engineering,Desktop,11,26.8,0.578,9,47.7,0.587,9,14,48.3,3.2,Medium
STU_12596,Computer Science,Laptop,10,18.6,0.575,10,64.5,0.464,8,12,52.0,2.77,Medium
STU_12597,Data Science,Desktop,19,38.6,0.735,14,87.8,0.862,20,0,69.1,3.54,High
STU_12598,Computer Science,Desktop,10,17.9,0.583,9,57.8,0.57,11,15,34.9,2.23,Medium
STU_12599,Computer Science,Desktop,13,31.3,0.705,11,69.5,0.732,13,9,57.0,2.82,High
STU_12600,Business & Management,Laptop,20,34.1,0.734,10,73.8,0.76,14,13,66.9,3.49,High
STU_12601,Computer Science,Laptop,8,15.5,0.525,7,70.7,0.384,10,17,15.7,2.68,Medium
STU_12602,Business & Management,Laptop,12,29.3,0.611,13,66.6,0.526,13,13,54.6,3.46,Medium
STU_12603,Data Science,Desktop,8,26.5,0.41,7,50.2,0.617,9,17,38.7,2.54,Medium
STU_12604,Computer Science,Laptop,4,28.0,0.562,6,51.2,0.374,7,16,30.5,2.67,Low
STU_12605,Data Science,Desktop,10,22.4,0.343,9,64.8,0.51,8,20,20.5,2.52,Medium
STU_12606,Computer Science,Mobile,6,35.8,0.446,14,59.8,0.748,13,10,26.5,3.29,Medium
STU_12607,Computer Science,Mobile,8,24.1,0.362,8,67.7,0.383,11,16,29.0,3.23,Medium
STU_12608,Business & Management,Laptop,8,25.2,0.427,9,56.9,0.446,8,16,30.3,2.5,Medium
STU_12609,Computer Science,Desktop,14,20.7,0.42,9,42.8,0.5,12,13,49.1,2.07,Medium
STU_12610,Engineering,Laptop,6,26.4,0.563,9,69.8,0.485,14,10,56.3,2.98,Medium
STU_12611,Computer Science,Desktop,15,40.5,0.742,14,78.8,0.738,18,2,54.3,3.61,High
STU_12612,Computer Science,Mobile,8,20.5,0.531,9,61.5,0.451,7,13,26.4,2.11,Medium
STU_12613,Business & Management,Laptop,10,26.7,0.475,11,58.2,0.507,15,13,36.9,2.56,Medium
STU_12614,Data Science,Laptop,15,43.3,0.963,15,90.4,0.849,16,8,75.6,3.28,High
STU_12615,Computer Science,Mobile,8,23.4,0.341,9,62.5,0.517,9,12,29.2,3.01,Medium
STU_12616,Data Science,Mobile,4,17.8,0.359,5,74.5,0.315,7,18,56.5,2.23,Low
STU_12617,Computer Science,Laptop,11,25.3,0.748,8,68.8,0.736,13,13,43.3,2.72,Medium
STU_12618,Engineering,Desktop,7,33.0,0.673,11,67.1,0.63,13,14,55.4,2.46,Medium
STU_12619,Data Science,Laptop,9,24.5,0.633,18,50.9,0.505,9,14,31.8,2.82,Medium
STU_12620,Engineering,Laptop,12,26.9,0.826,13,58.3,0.633,17,15,71.7,2.75,Medium
STU_12621,Engineering,Mobile,16,29.3,0.726,10,70.6,0.693,19,12,58.3,3.79,High
STU_12622,Data Science,Mobile,17,35.1,0.686,8,67.7,0.558,13,10,43.4,2.77,High
STU_12623,Humanities & Social Sciences,Mobile,3,9.4,0.245,3,59.4,0.186,3,20,5.3,2.47,Low
STU_12624,Data Science,Laptop,14,24.3,0.698,12,59.6,0.543,13,16,51.2,3.0,Medium
STU_12625,Humanities & Social Sciences,Mobile,16,40.1,0.916,14,89.3,0.955,20,5,55.5,3.19,High
STU_12626,Computer Science,Laptop,9,27.0,0.727,10,64.7,0.665,11,13,43.6,3.26,Medium
STU_12627,Business & Management,Laptop,12,21.6,0.385,6,73.0,0.595,8,15,22.9,1.97,Medium
STU_12628,Data Science,Desktop,7,9.3,0.523,7,35.6,0.328,4,18,15.5,2.34,Low
STU_12629,Data Science,Laptop,10,24.5,0.485,9,73.7,0.47,11,11,33.5,2.99,Medium
STU_12630,Business & Management,Mobile,12,26.1,0.775,10,57.8,0.511,13,18,41.0,2.73,Medium
STU_12631,Business & Management,Desktop,8,19.0,0.564,5,61.9,0.495,6,17,17.4,2.16,Medium
STU_12632,Computer Science,Laptop,9,23.2,0.708,9,,0.622,8,16,35.1,3.17,Medium
STU_12633,Computer Science,Laptop,7,27.5,0.773,8,59.5,0.54,10,16,33.6,2.78,Medium
STU_12634,Business & Management,Laptop,9,22.2,0.533,9,51.8,0.413,12,19,39.5,2.61,Medium
STU_12635,Business & Management,Laptop,14,27.9,0.669,12,58.9,0.762,14,9,61.5,2.73,High
STU_12636,Humanities & Social Sciences,Desktop,5,23.9,0.347,5,42.4,0.502,5,13,29.6,2.39,Low
STU_12637,Engineering,Mobile,8,12.5,0.494,4,27.8,0.436,4,20,19.3,,Low
STU_12638,Humanities & Social Sciences,Laptop,13,28.2,0.661,11,64.5,0.765,13,14,46.3,2.87,Medium
STU_12639,Business & Management,Laptop,13,41.4,0.754,13,83.3,0.583,16,6,67.1,3.84,High
STU_12640,Computer Science,Desktop,12,45.6,0.846,12,80.3,0.69,17,9,69.1,3.86,High
STU_12641,Computer Science,Mobile,10,24.9,0.436,11,61.2,0.596,12,13,47.0,2.96,Medium
STU_12642,Engineering,Laptop,9,21.6,0.412,8,54.9,0.465,11,13,64.0,3.03,Medium
STU_12643,Business & Management,Laptop,13,24.4,0.608,12,61.9,0.72,13,16,36.8,2.53,Medium
STU_12644,Computer Science,Desktop,12,40.3,0.764,10,74.7,0.583,17,9,59.9,3.19,High
STU_12645,Data Science,Laptop,9,21.0,0.518,12,69.8,0.698,13,19,41.1,2.89,Medium
STU_12646,Humanities & Social Sciences,Laptop,20,43.1,1.0,18,69.0,0.76,17,5,78.2,3.46,High
STU_12647,Data Science,Desktop,11,21.6,0.668,8,,0.708,11,11,42.4,2.69,Medium
STU_12648,Data Science,Desktop,3,7.3,0.445,5,51.4,0.293,5,14,50.8,2.09,Low
STU_12649,Data Science,Desktop,12,27.6,0.629,8,57.9,0.384,11,16,47.8,2.96,Medium
STU_12650,Computer Science,Desktop,17,31.2,0.669,12,78.2,0.729,15,12,63.7,3.54,High
STU_12651,Data Science,Desktop,14,30.5,0.635,15,79.9,0.758,14,13,50.3,3.53,High
STU_12652,Data Science,Laptop,10,30.1,0.458,6,53.9,0.413,11,19,41.9,2.68,Medium
STU_12653,Computer Science,Laptop,15,44.9,0.9,15,74.7,1.0,17,11,58.6,3.85,High
STU_12654,Engineering,Laptop,18,41.7,0.963,10,96.0,0.899,15,1,64.1,3.04,High
STU_12655,Data Science,Laptop,13,20.9,0.379,7,61.2,0.428,6,13,8.2,2.67,Medium
STU_12656,Engineering,Desktop,4,14.0,0.397,4,52.1,0.428,7,19,21.1,2.34,Low
STU_12657,Engineering,Mobile,7,22.7,0.648,9,55.5,0.554,13,17,32.6,2.57,Medium
STU_12658,Computer Science,Tablet,4,10.5,0.324,3,38.1,0.386,4,23,43.9,2.83,Low
STU_12659,Business & Management,Desktop,19,43.2,1.0,18,86.9,0.919,19,7,56.3,3.36,High
STU_12660,Data Science,Laptop,11,25.9,0.792,10,58.4,0.445,10,11,40.1,2.82,Medium
STU_12661,Engineering,Laptop,3,14.2,0.26,6,41.9,0.553,5,17,17.5,2.21,Low
STU_12662,Computer Science,Mobile,12,27.9,0.822,12,67.4,0.769,13,11,54.3,3.13,High
STU_12663,Business & Management,Desktop,9,17.9,0.417,7,60.9,0.357,6,17,29.1,2.95,Low
STU_12664,Business & Management,Desktop,13,33.6,0.827,12,89.2,0.861,16,8,49.5,2.85,High
STU_12665,Computer Science,Mobile,15,29.9,0.664,10,75.4,0.907,14,11,80.6,3.34,High
STU_12666,Computer Science,Desktop,16,22.4,0.708,13,62.3,0.495,14,11,52.5,3.18,Medium
STU_12667,Business & Management,Mobile,13,28.5,0.516,11,67.8,0.742,13,12,59.4,2.61,Medium
STU_12668,Business & Management,Laptop,14,41.5,0.585,14,84.3,0.798,24,9,59.0,3.58,High
STU_12669,Data Science,Desktop,12,23.8,0.646,11,73.1,0.599,9,16,,2.88,Medium
STU_12670,Business & Management,Mobile,15,45.4,0.827,14,92.6,0.947,17,2,57.7,3.71,High
STU_12671,Data Science,Laptop,12,27.2,0.686,12,83.2,0.747,21,5,42.4,2.6,High
STU_12672,Business & Management,Desktop,11,25.5,0.69,10,84.5,0.681,11,11,33.0,3.42,Medium
STU_12673,Computer Science,Laptop,14,32.4,1.0,14,78.3,0.571,17,10,59.2,3.93,High
STU_12674,Engineering,Tablet,13,35.7,0.785,13,81.8,0.675,15,8,58.2,3.22,High
STU_12675,Computer Science,Laptop,12,27.1,0.293,6,46.5,0.57,8,24,30.0,2.28,Low
STU_12676,Data Science,Desktop,12,19.0,0.618,9,55.6,0.369,7,15,35.7,1.75,Medium
STU_12677,Computer Science,Laptop,5,22.5,0.284,5,54.4,0.411,7,18,27.3,2.04,Low
STU_12678,Computer Science,Desktop,7,17.1,0.356,8,61.7,0.341,6,12,47.4,2.78,Low
STU_12679,Data Science,Laptop,12,37.1,0.669,14,64.0,0.598,15,15,,3.05,Medium
STU_12680,Computer Science,Laptop,22,55.2,1.0,16,72.5,0.936,20,3,82.6,3.22,High
STU_12681,Engineering,Desktop,14,26.4,0.711,11,59.1,0.576,11,6,53.2,3.33,Medium
STU_12682,Computer Science,Mobile,7,25.9,0.569,9,75.1,0.426,11,12,14.9,2.72,Medium
STU_12683,Data Science,Laptop,15,28.5,0.592,13,70.1,0.622,22,2,35.3,2.71,High
STU_12684,Data Science,Laptop,10,32.2,0.831,10,75.9,0.832,16,14,32.3,3.15,High
STU_12685,Computer Science,Mobile,14,23.5,0.587,7,54.8,0.639,9,12,42.8,2.88,Medium
STU_12686,Computer Science,Desktop,10,31.5,0.602,8,69.7,0.538,11,15,26.4,2.33,Medium
STU_12687,Data Science,Mobile,10,24.7,0.618,13,66.7,0.671,12,10,60.7,2.91,Medium
STU_12688,Data Science,Laptop,8,22.2,0.582,6,57.7,0.449,12,15,24.5,3.14,Medium
STU_12689,Data Science,Desktop,9,16.6,0.647,9,72.9,0.682,8,17,42.3,2.35,Medium
STU_12690,Data Science,Laptop,11,23.2,0.561,8,76.3,0.533,10,13,29.3,2.9,Medium
STU_12691,Business & Management,Laptop,18,39.9,0.949,15,89.6,0.651,16,9,66.8,3.25,High
STU_12692,Computer Science,Desktop,7,27.0,0.71,10,59.3,0.391,12,6,37.8,2.96,Medium
STU_12693,Data Science,Desktop,13,23.4,0.563,8,52.5,0.325,8,12,31.0,2.33,Medium
STU_12694,Humanities & Social Sciences,Mobile,17,33.0,0.741,14,61.1,0.581,12,11,41.9,3.13,Medium
STU_12695,Data Science,Laptop,10,32.8,0.713,11,54.9,0.811,14,9,35.7,2.73,Medium
STU_12696,Business & Management,Laptop,13,32.8,0.789,13,62.3,0.947,12,14,56.1,2.5,High
STU_12697,Data Science,Laptop,14,19.4,0.455,9,53.0,0.645,9,17,31.6,2.32,Medium
STU_12698,Engineering,Tablet,10,9.6,0.495,7,41.9,0.262,8,22,59.7,2.41,Low
STU_12699,Engineering,Laptop,8,20.2,0.71,6,45.7,0.409,12,16,57.3,2.77,Medium
STU_12700,Data Science,Laptop,15,31.0,0.713,10,57.8,0.552,14,9,47.2,3.42,Medium
STU_12701,Humanities & Social Sciences,Laptop,20,37.4,0.644,14,69.9,0.647,14,12,46.5,3.2,High
STU_12702,Computer Science,Desktop,8,19.0,0.634,6,60.0,0.391,7,14,31.9,3.05,Medium
STU_12703,Computer Science,Laptop,8,23.3,0.621,11,64.3,0.609,12,14,,2.7,Medium
STU_12704,Engineering,Mobile,7,18.0,0.41,10,48.0,0.399,5,20,55.5,2.62,Low
STU_12705,Engineering,Laptop,8,16.8,0.519,7,51.1,0.537,7,16,8.5,2.22,Medium
STU_12706,Computer Science,Mobile,13,38.7,0.801,11,77.1,0.783,14,16,71.6,3.31,High
STU_12707,Computer Science,Laptop,17,47.3,0.663,13,80.0,0.916,18,9,57.4,3.26,High
STU_12708,Computer Science,Desktop,7,34.0,0.477,9,67.6,0.492,10,11,32.2,2.67,Medium
STU_12709,Computer Science,Mobile,10,28.7,0.619,11,57.3,0.708,15,15,59.5,2.95,Medium
STU_12710,Engineering,Laptop,16,36.9,0.671,10,89.5,0.649,14,14,56.7,2.8,High
STU_12711,Data Science,Tablet,1,17.0,0.372,6,52.0,0.333,6,17,39.0,2.33,Low
STU_12712,Data Science,Desktop,17,36.3,0.934,12,82.1,0.662,16,12,68.9,3.49,High
STU_12713,Data Science,Tablet,6,31.3,0.748,10,56.6,0.652,11,9,50.4,2.73,Medium
STU_12714,Computer Science,Desktop,9,28.6,0.93,9,61.5,0.82,15,10,72.0,3.18,High
STU_12715,Computer Science,Laptop,8,23.0,0.477,9,55.1,0.666,12,15,38.8,3.14,Medium
STU_12716,Business & Management,Laptop,17,44.2,0.838,16,85.1,0.824,17,5,48.0,3.61,High
STU_12717,Humanities & Social Sciences,Laptop,9,11.6,0.398,5,40.1,0.383,5,17,50.6,2.34,Low
STU_12718,Engineering,Laptop,13,32.0,0.774,15,74.6,0.676,17,8,48.9,3.22,High
STU_12719,Computer Science,Laptop,16,34.5,0.932,14,92.9,0.96,17,5,64.9,3.88,High
STU_12720,Engineering,Laptop,8,25.1,0.388,4,47.0,0.354,18,15,24.3,2.56,Medium
STU_12721,Engineering,Laptop,2,15.4,0.264,4,37.5,0.379,5,25,23.3,2.5,Low
STU_12722,Engineering,Mobile,16,39.8,0.751,12,71.2,0.892,17,3,64.2,3.6,High
STU_12723,Data Science,Laptop,12,38.5,0.706,18,73.5,0.739,14,14,43.7,3.29,Medium
STU_12724,Data Science,Laptop,10,25.4,0.687,10,69.4,0.635,10,14,27.0,3.14,Medium
STU_12725,Data Science,Desktop,11,33.2,0.613,10,74.3,0.824,11,7,34.6,2.6,Medium
STU_12726,Computer Science,Laptop,11,29.5,0.758,12,76.8,0.655,13,13,49.0,3.19,Medium
STU_12727,Computer Science,Laptop,15,40.3,0.683,13,58.5,0.729,15,7,63.4,3.13,High
STU_12728,Computer Science,Laptop,13,35.3,0.805,12,67.2,0.676,12,8,65.2,3.31,High
STU_12729,Data Science,Mobile,10,23.1,0.405,9,46.7,0.504,6,17,62.0,2.52,Low
STU_12730,Business & Management,Mobile,3,8.6,0.209,9,57.7,0.581,6,15,34.1,2.79,Low
STU_12731,Data Science,Laptop,15,36.5,0.747,13,85.8,0.904,15,11,54.8,3.59,High
STU_12732,Computer Science,Desktop,4,9.6,0.313,5,45.2,0.418,7,17,5.0,2.22,Low
STU_12733,Humanities & Social Sciences,Desktop,16,36.3,0.614,14,91.4,0.53,16,5,59.0,3.39,High
STU_12734,Humanities & Social Sciences,Desktop,11,14.0,0.538,9,50.9,0.371,13,14,35.8,2.82,Medium
STU_12735,Engineering,Desktop,5,1.2,0.335,7,49.7,0.416,3,19,16.6,2.12,Low
STU_12736,Humanities & Social Sciences,Desktop,12,42.2,0.771,14,91.0,0.631,16,13,45.2,3.4,High
STU_12737,Data Science,Laptop,14,31.1,0.637,9,74.6,0.722,12,13,39.0,2.91,Medium
STU_12738,Humanities & Social Sciences,Laptop,7,28.6,0.602,12,71.0,0.692,12,8,49.8,2.69,Medium
STU_12739,Computer Science,Desktop,4,23.3,0.612,7,57.2,0.493,9,13,45.2,,Medium
STU_12740,Data Science,Mobile,14,44.5,0.775,17,88.8,0.773,20,4,66.6,3.69,High
STU_12741,Computer Science,Desktop,11,31.5,0.475,13,60.1,0.584,10,7,54.5,2.01,Medium
STU_12742,Computer Science,Mobile,12,22.7,0.556,10,72.7,0.585,9,11,57.5,3.53,Medium
STU_12743,Computer Science,Tablet,2,23.5,0.375,9,53.2,0.387,8,16,37.5,3.56,Low
STU_12744,Business & Management,Laptop,10,18.2,0.42,8,51.5,0.534,6,23,46.1,2.24,Low
STU_12745,Engineering,Desktop,13,28.3,0.777,11,62.9,0.747,14,5,40.2,3.28,High
STU_12746,Business & Management,Desktop,5,28.5,0.593,10,57.3,0.554,10,23,43.0,2.41,Medium
STU_12747,Computer Science,Tablet,3,5.2,0.213,3,38.1,0.3,3,24,13.0,1.58,Low
STU_12748,Engineering,Tablet,11,23.8,0.545,7,38.2,0.621,7,13,40.5,2.45,Medium
STU_12749,Business & Management,Desktop,17,38.1,0.875,15,76.6,0.685,17,13,32.7,2.89,High
STU_12750,Data Science,Laptop,17,41.2,0.78,11,68.6,0.676,13,11,,3.35,High
STU_12751,Business & Management,Mobile,4,15.3,0.386,10,44.3,0.482,6,19,33.8,2.84,Low
STU_12752,Computer Science,Laptop,14,32.6,0.621,14,69.4,0.689,17,11,62.8,3.81,Medium
STU_12753,Data Science,Mobile,14,35.9,0.819,12,81.7,0.775,18,10,51.7,3.4,High
STU_12754,Humanities & Social Sciences,Mobile,21,42.5,0.878,14,65.1,0.667,18,2,84.3,3.74,High
STU_12755,Computer Science,Laptop,17,44.3,0.762,19,75.3,0.727,15,10,63.2,3.44,High
STU_12756,Data Science,Desktop,17,31.6,0.466,10,72.8,0.553,14,14,37.5,2.9,Medium
STU_12757,Engineering,Laptop,12,23.1,0.551,14,66.5,0.601,16,12,26.3,2.79,Medium
STU_12758,Business & Management,Laptop,10,31.5,0.782,11,81.5,0.776,13,10,44.8,2.95,High
STU_12759,Computer Science,Laptop,16,27.3,0.807,14,88.8,0.841,25,5,34.1,3.3,High
STU_12760,Computer Science,Mobile,16,34.0,0.807,12,72.0,0.641,12,10,51.0,3.21,High
STU_12761,Computer Science,Tablet,5,19.5,0.419,6,50.9,0.346,6,21,35.5,1.77,Low
STU_12762,Business & Management,Tablet,5,10.6,0.297,4,46.4,0.185,8,21,31.1,2.54,Low
STU_12763,Data Science,Laptop,15,36.5,0.742,14,79.1,0.667,15,7,46.3,3.17,High
STU_12764,Computer Science,Mobile,10,25.0,0.41,8,79.9,0.563,10,13,33.7,2.59,Medium
STU_12765,Humanities & Social Sciences,Desktop,10,25.9,0.611,15,71.3,0.617,11,16,46.0,3.07,Medium
STU_12766,Data Science,Laptop,6,18.2,0.454,5,66.2,0.354,6,20,23.7,2.45,Low
STU_12767,Computer Science,Laptop,4,9.8,0.456,6,35.9,0.506,3,23,5.0,,Low
STU_12768,Data Science,Laptop,13,36.9,0.763,14,66.4,0.797,14,11,45.1,3.52,High
STU_12769,Business & Management,Mobile,19,39.9,0.966,12,79.5,0.757,16,10,67.0,2.88,High
STU_12770,Computer Science,Desktop,15,24.2,0.515,8,77.3,0.661,10,10,39.7,2.49,Medium
STU_12771,Computer Science,Desktop,11,26.7,0.72,12,54.8,0.813,14,13,49.3,2.95,Medium
STU_12772,Engineering,Laptop,9,18.1,0.561,8,90.0,0.605,11,14,36.2,3.24,Medium
STU_12773,Data Science,Desktop,13,41.9,0.855,14,75.2,0.726,17,6,85.3,3.5,High
STU_12774,Data Science,Laptop,15,33.6,0.899,13,84.4,0.542,17,9,57.0,3.18,High
STU_12775,Data Science,Laptop,13,38.1,0.932,10,75.2,0.738,15,8,60.1,3.45,High
STU_12776,Computer Science,Desktop,13,36.9,0.782,10,60.2,0.56,12,13,41.2,3.24,Medium
STU_12777,Computer Science,Laptop,11,18.2,0.503,10,72.6,0.432,9,19,41.3,2.78,Medium
STU_12778,Data Science,Mobile,4,24.2,0.66,11,62.4,0.556,10,10,45.1,3.19,Medium
STU_12779,Computer Science,Laptop,15,34.1,0.767,11,66.4,0.689,15,15,33.6,3.24,High
STU_12780,Computer Science,Desktop,11,29.7,0.613,10,70.8,0.595,12,7,65.8,3.13,Medium
STU_12781,Engineering,Laptop,10,29.1,0.645,8,63.7,0.374,9,14,35.7,2.81,Medium
STU_12782,Humanities & Social Sciences,Desktop,11,39.2,0.622,11,74.0,0.51,13,16,58.7,2.99,Medium
STU_12783,Engineering,Laptop,12,24.5,0.56,8,62.6,0.597,8,11,30.0,2.64,Medium
STU_12784,Engineering,Laptop,12,29.1,0.501,9,63.8,0.705,9,13,44.8,2.88,Medium
STU_12785,Computer Science,Mobile,16,35.0,0.777,12,85.3,0.739,14,7,64.0,2.94,High
STU_12786,Humanities & Social Sciences,Laptop,17,39.6,0.888,14,77.6,0.66,21,0,41.9,3.12,High
STU_12787,Computer Science,Mobile,5,16.5,0.663,4,48.3,0.547,11,17,38.2,2.43,Medium
STU_12788,Humanities & Social Sciences,Tablet,12,28.6,0.716,12,78.4,0.904,15,11,52.0,,High
STU_12789,Humanities & Social Sciences,Laptop,10,26.0,0.591,7,35.8,0.624,12,17,24.3,2.64,Medium
STU_12790,Business & Management,Laptop,8,27.5,0.599,7,68.0,0.701,12,12,62.2,2.81,Medium
STU_12791,Humanities & Social Sciences,Desktop,8,11.0,0.376,8,60.1,0.225,3,15,11.6,2.28,Low
STU_12792,Business & Management,Tablet,16,41.0,0.89,14,86.9,0.754,18,4,65.8,3.37,High
STU_12793,Computer Science,Mobile,18,35.3,0.818,13,66.0,0.935,17,4,48.5,3.25,High
STU_12794,Data Science,Desktop,22,38.7,0.736,14,94.7,0.714,19,6,51.9,3.51,High
STU_12795,Business & Management,Mobile,12,36.8,0.657,10,68.9,0.668,14,7,68.3,3.41,Medium
STU_12796,Computer Science,Laptop,9,19.5,0.531,7,60.2,0.527,11,17,32.9,2.92,Medium
STU_12797,Business & Management,Tablet,13,26.1,0.628,10,76.0,0.646,12,7,61.6,2.28,Medium
STU_12798,Humanities & Social Sciences,Tablet,9,16.5,0.433,7,,0.408,5,20,25.9,2.18,Low
STU_12799,Computer Science,Laptop,14,34.8,0.881,14,77.4,0.757,19,10,52.9,3.58,High
STU_12800,Engineering,Laptop,11,25.8,0.693,10,55.7,0.651,15,9,38.8,2.9,Medium
STU_12801,Humanities & Social Sciences,Laptop,11,22.2,0.624,8,64.6,0.595,14,10,40.6,2.4,Medium
STU_12802,Humanities & Social Sciences,Laptop,17,32.5,0.72,9,60.8,0.637,15,9,59.9,3.49,High
STU_12803,Humanities & Social Sciences,Mobile,8,23.9,0.502,9,,0.494,10,19,38.0,2.96,Medium
STU_12804,Data Science,Laptop,9,15.2,0.377,8,45.5,0.456,8,15,33.6,2.31,Low
STU_12805,Humanities & Social Sciences,Laptop,7,19.2,0.395,6,55.1,0.562,7,18,42.4,2.22,Low
STU_12806,Engineering,Laptop,12,26.9,0.515,7,58.0,0.604,10,14,49.3,3.73,Medium
STU_12807,Computer Science,Tablet,10,19.7,0.497,8,54.3,0.533,9,18,36.5,2.47,Medium
STU_12808,Data Science,Desktop,7,29.2,0.47,10,70.4,0.514,9,15,57.9,3.1,Medium
STU_12809,Business & Management,Laptop,11,31.8,0.673,10,,0.795,14,6,34.3,3.6,Medium
STU_12810,Computer Science,Laptop,11,39.1,0.901,17,73.4,0.749,16,6,65.8,2.94,High
STU_12811,Business & Management,Tablet,13,36.8,0.951,12,77.8,0.827,15,11,56.8,3.02,High
STU_12812,Business & Management,Mobile,16,28.9,0.804,16,80.2,0.85,16,10,62.3,,High
STU_12813,Computer Science,Laptop,14,29.6,0.782,11,46.6,0.62,9,10,43.7,,Medium
STU_12814,Business & Management,Laptop,15,28.4,0.574,14,68.6,0.512,12,16,54.4,2.77,Medium
STU_12815,Engineering,Laptop,10,20.2,0.57,7,64.7,0.459,8,14,15.0,2.59,Medium
STU_12816,Data Science,Laptop,16,43.8,0.866,16,95.5,0.732,17,9,66.3,3.42,High
STU_12817,Computer Science,Desktop,12,31.7,0.686,10,63.4,0.454,16,18,55.3,3.16,Medium
STU_12818,Computer Science,Mobile,16,34.8,0.775,14,65.3,0.889,17,10,53.2,3.53,High
STU_12819,Data Science,Desktop,17,29.9,0.755,9,69.5,0.702,13,8,62.5,3.13,High
STU_12820,Humanities & Social Sciences,Mobile,10,31.7,0.583,8,59.2,0.323,10,17,,2.8,Medium
STU_12821,Computer Science,Laptop,16,33.7,0.708,10,72.9,0.667,13,12,43.7,2.76,High
STU_12822,Business & Management,Desktop,18,43.4,0.871,13,96.2,0.739,18,3,55.8,3.79,High
STU_12823,Computer Science,Desktop,10,17.0,0.426,8,47.4,0.594,14,16,24.3,2.69,Medium
STU_12824,Data Science,Laptop,5,23.4,0.458,10,72.0,0.494,10,11,42.4,2.99,Medium
STU_12825,Engineering,Laptop,9,15.9,0.447,6,61.0,0.462,8,20,22.9,2.53,Medium
STU_12826,Business & Management,Desktop,16,36.2,0.916,12,84.3,0.819,16,9,54.5,3.42,High
STU_12827,Computer Science,Laptop,7,13.7,0.469,8,59.5,0.408,9,20,27.3,2.65,Low
STU_12828,Data Science,Laptop,13,40.5,0.911,13,100.0,0.734,17,5,69.0,3.5,High
STU_12829,Computer Science,Desktop,17,47.0,0.903,16,92.2,1.0,17,3,48.5,3.42,High
STU_12830,Data Science,Tablet,8,19.5,0.48,6,50.6,0.511,8,13,41.1,2.39,Medium
STU_12831,Business & Management,Desktop,5,26.0,0.574,7,57.7,0.497,7,18,41.8,2.78,Medium
STU_12832,Computer Science,Mobile,11,38.5,0.886,12,66.7,0.882,17,11,64.9,3.65,High
STU_12833,Computer Science,Laptop,13,26.0,0.622,8,79.3,0.801,16,14,35.4,3.04,High
STU_12834,Data Science,Mobile,5,12.6,0.214,5,43.2,0.439,2,20,21.2,2.58,Low
STU_12835,Humanities & Social Sciences,Desktop,11,27.1,0.664,10,46.3,0.443,10,12,59.0,2.71,Medium
STU_12836,Humanities & Social Sciences,Mobile,14,31.3,0.878,11,42.8,0.602,10,11,30.4,3.54,Medium
STU_12837,Computer Science,Laptop,14,31.3,0.696,16,68.9,0.697,15,5,57.9,3.35,High
STU_12838,Engineering,Desktop,7,21.2,0.413,6,45.8,0.627,7,20,17.7,1.65,Low
STU_12839,Data Science,Desktop,16,50.5,0.991,19,81.8,0.963,19,3,66.7,4.0,High
STU_12840,Data Science,Laptop,10,37.1,0.85,13,72.5,0.602,16,13,55.9,2.95,Medium
STU_12841,Engineering,Laptop,23,42.8,0.984,15,97.2,0.704,20,1,62.1,3.7,High
STU_12842,Humanities & Social Sciences,Laptop,16,31.9,0.739,9,82.9,0.833,12,10,42.1,3.24,High
STU_12843,Humanities & Social Sciences,Laptop,1,10.2,0.232,6,63.2,0.292,4,19,21.8,2.13,Low
STU_12844,Business & Management,Mobile,11,27.4,0.602,9,79.2,0.58,14,12,31.5,2.82,Medium
STU_12845,Data Science,Laptop,12,33.0,0.805,12,74.1,0.614,11,14,55.4,2.83,Medium
STU_12846,Engineering,Laptop,4,16.6,0.373,6,35.8,0.285,5,20,46.0,2.15,Low
STU_12847,Computer Science,Desktop,4,9.7,0.369,6,55.3,0.367,5,18,9.4,2.65,Low
STU_12848,Business & Management,Laptop,15,30.1,0.621,11,58.8,0.793,16,5,38.6,2.88,High
STU_12849,Data Science,Desktop,8,14.7,0.271,4,54.0,0.401,5,18,10.0,2.41,Low
STU_12850,Business & Management,Laptop,16,35.1,0.838,14,61.5,0.844,17,9,51.2,3.47,High
STU_12851,Computer Science,Tablet,11,30.9,0.609,9,82.8,0.673,12,15,55.7,2.59,Medium
STU_12852,Computer Science,Mobile,14,31.6,0.782,17,77.8,0.822,15,7,67.6,3.38,High
STU_12853,Humanities & Social Sciences,Mobile,14,32.8,0.612,11,64.5,0.637,13,10,51.7,3.26,Medium
STU_12854,Computer Science,Laptop,14,38.6,0.587,12,67.2,0.671,18,17,54.9,3.23,Medium
STU_12855,Data Science,Mobile,7,15.9,0.462,9,51.8,0.305,8,19,44.9,2.78,Low
STU_12856,Computer Science,Laptop,14,36.4,0.949,14,68.1,0.834,19,12,50.7,3.24,High
STU_12857,Computer Science,Laptop,19,42.7,0.819,16,82.3,0.909,19,0,76.0,3.38,High
STU_12858,Computer Science,Laptop,12,31.7,0.71,14,54.1,0.674,13,11,77.4,3.11,Medium
STU_12859,Computer Science,Desktop,7,10.7,0.457,4,39.9,0.251,5,23,39.6,1.88,Low
STU_12860,Engineering,Desktop,5,26.0,0.569,10,46.5,0.614,7,17,21.9,3.32,Medium
STU_12861,Computer Science,Desktop,14,37.3,0.909,12,80.9,0.756,17,3,51.5,3.3,High
STU_12862,Humanities & Social Sciences,Laptop,16,29.8,0.858,11,73.7,0.907,14,7,79.5,2.64,High
STU_12863,Business & Management,Laptop,13,40.5,0.771,12,86.1,0.579,17,8,54.0,3.18,High
STU_12864,Data Science,Desktop,4,23.0,0.674,9,52.6,0.51,9,12,53.8,2.53,Medium
STU_12865,Business & Management,Laptop,7,16.8,0.47,8,54.2,0.299,7,26,25.7,2.09,Low
STU_12866,Data Science,Desktop,3,24.9,0.448,7,37.3,0.396,7,21,31.4,2.18,Low
STU_12867,Engineering,Laptop,6,26.7,0.8,8,68.9,0.512,13,10,28.8,2.64,Medium
STU_12868,Computer Science,Mobile,12,20.6,0.513,10,73.4,0.62,12,15,32.4,2.95,Medium
STU_12869,Data Science,Desktop,16,39.4,0.939,13,86.5,0.847,18,6,61.5,3.75,High
STU_12870,Engineering,Laptop,14,28.2,0.622,9,56.9,0.542,12,16,47.0,3.23,Medium
STU_12871,Humanities & Social Sciences,Laptop,9,24.0,0.592,9,73.5,0.582,12,4,44.4,2.85,Medium
STU_12872,Engineering,Desktop,16,41.1,0.789,12,80.2,0.619,16,8,69.7,2.59,High
STU_12873,Data Science,Mobile,13,23.9,0.549,8,51.2,0.593,12,8,44.9,3.57,Medium
STU_12874,Engineering,Laptop,9,34.2,0.794,10,79.1,0.566,14,13,23.7,2.94,Medium
STU_12875,Data Science,Laptop,8,17.1,0.349,8,39.8,0.501,5,17,23.9,2.21,Low
STU_12876,Data Science,Mobile,12,29.8,0.497,11,70.5,0.564,12,17,39.7,3.28,Medium
STU_12877,Computer Science,Desktop,13,39.0,0.966,12,81.0,0.782,17,7,81.8,3.37,High
STU_12878,Business & Management,Laptop,11,27.2,0.452,8,76.1,0.606,13,8,54.5,3.01,Medium
STU_12879,Computer Science,Desktop,9,17.6,0.403,9,48.6,0.615,7,9,46.5,2.66,Medium
STU_12880,Data Science,Laptop,8,18.9,0.393,9,55.5,0.665,10,17,47.4,2.35,Medium
STU_12881,Engineering,Desktop,9,30.7,0.925,13,76.2,0.91,15,9,56.3,2.76,High
STU_12882,Computer Science,Laptop,13,34.4,0.583,11,64.2,0.523,14,13,,3.0,Medium
STU_12883,Computer Science,Tablet,18,30.3,0.672,12,80.7,0.657,14,10,59.6,3.0,High
STU_12884,Computer Science,Desktop,12,37.8,0.594,11,63.2,0.659,13,14,57.9,2.89,Medium
STU_12885,Humanities & Social Sciences,Desktop,20,42.1,0.833,12,83.1,0.597,17,10,54.0,3.17,High
STU_12886,Data Science,Desktop,8,26.4,0.551,8,60.8,0.425,8,16,23.0,2.73,Medium
STU_12887,Data Science,Mobile,16,33.2,0.855,13,72.6,0.88,16,4,38.5,3.17,High
STU_12888,Engineering,Mobile,15,31.0,0.918,13,82.0,0.725,15,9,41.0,3.35,High
STU_12889,Engineering,Desktop,12,24.6,0.57,11,57.0,0.673,16,12,38.0,3.05,Medium
STU_12890,Data Science,Desktop,10,25.8,0.628,8,68.8,0.63,11,10,42.6,2.7,Medium
STU_12891,Business & Management,Desktop,8,12.8,0.538,7,29.3,0.246,7,21,27.7,2.6,Low
STU_12892,Engineering,Desktop,21,39.8,0.863,13,83.3,0.705,18,5,84.3,3.85,High
STU_12893,Business & Management,Laptop,9,25.5,0.593,15,69.1,0.45,22,15,43.4,2.7,Medium
STU_12894,Computer Science,Desktop,9,27.7,0.465,8,61.7,0.656,12,12,33.7,2.4,Medium
STU_12895,Engineering,Laptop,19,52.8,0.93,16,90.5,0.944,21,3,89.8,4.0,High
STU_12896,Data Science,Mobile,17,20.6,0.68,7,79.8,0.683,10,14,41.6,3.38,High
STU_12897,Computer Science,Laptop,11,27.5,0.373,9,74.2,0.791,11,11,51.4,3.26,Medium
STU_12898,Data Science,Tablet,5,20.8,0.496,7,33.2,0.276,6,17,36.5,2.67,Low
STU_12899,Computer Science,Desktop,4,22.3,0.55,10,47.7,0.414,9,17,30.6,2.6,Low
STU_12900,Computer Science,Desktop,1,3.9,0.341,4,43.1,0.317,3,20,38.7,2.25,Low
STU_12901,Engineering,Desktop,5,7.6,0.261,9,47.3,0.23,3,22,13.4,2.19,Low
STU_12902,Computer Science,Laptop,15,37.5,0.801,10,70.9,0.735,19,2,54.3,2.78,High
STU_12903,Data Science,Laptop,8,21.8,0.635,9,54.8,0.808,11,20,27.6,2.36,Medium
STU_12904,Data Science,Laptop,3,3.0,0.316,3,36.5,0.18,4,26,21.3,1.8,Low
STU_12905,Computer Science,Desktop,14,37.1,0.957,12,69.6,0.905,17,6,70.9,2.93,High
STU_12906,Humanities & Social Sciences,Laptop,16,36.2,0.737,12,69.8,0.69,16,9,62.7,3.03,High
STU_12907,Computer Science,Mobile,11,17.6,0.366,9,69.1,0.371,9,10,41.7,2.77,Medium
STU_12908,Data Science,Laptop,14,39.1,0.82,13,68.2,0.716,18,2,58.1,2.69,High
STU_12909,Data Science,Laptop,19,41.2,0.992,12,69.0,0.785,16,2,63.0,3.02,High
STU_12910,Computer Science,Laptop,10,24.2,0.699,8,53.8,0.667,11,13,54.8,2.9,Medium
STU_12911,Computer Science,Mobile,8,18.2,0.414,6,57.0,0.618,8,18,16.7,2.26,Medium
STU_12912,Business & Management,Desktop,13,29.7,0.723,7,72.4,0.61,10,15,40.1,2.75,Medium
STU_12913,Humanities & Social Sciences,Laptop,9,23.1,0.441,9,70.6,0.533,10,18,34.8,2.81,Medium
STU_12914,Computer Science,Desktop,7,13.1,0.409,9,52.7,0.56,9,10,42.3,2.87,Medium
STU_12915,Business & Management,Laptop,9,33.4,0.62,10,69.3,0.693,14,7,65.4,2.85,Medium
STU_12916,Business & Management,Tablet,18,35.3,0.74,13,74.1,0.722,24,7,60.8,3.13,High
STU_12917,Engineering,Desktop,11,28.4,0.726,11,63.0,0.606,12,14,48.8,2.3,Medium
STU_12918,Data Science,Laptop,7,11.6,0.499,7,52.8,0.451,5,20,17.5,2.53,Low
STU_12919,Data Science,Desktop,8,17.4,0.448,6,63.6,0.49,6,26,53.4,2.22,Low
STU_12920,Data Science,Laptop,16,45.4,0.939,15,91.6,0.82,18,2,55.0,3.64,High
STU_12921,Business & Management,Tablet,4,20.0,0.203,2,44.5,0.478,6,23,7.1,2.12,Low
STU_12922,Engineering,Laptop,14,28.2,0.488,11,60.5,0.689,16,16,54.0,3.58,Medium
STU_12923,Computer Science,Desktop,6,28.4,0.69,7,48.9,0.616,15,20,32.0,3.24,Medium
STU_12924,Data Science,Laptop,18,32.0,0.678,12,52.7,0.556,13,11,58.2,3.21,Medium
STU_12925,Humanities & Social Sciences,Desktop,12,34.5,0.652,10,78.1,0.663,15,5,72.0,3.32,High
STU_12926,Engineering,Mobile,10,32.7,0.796,12,70.1,0.824,14,13,48.0,3.16,High
STU_12927,Humanities & Social Sciences,Desktop,15,32.7,0.87,13,76.3,0.86,16,9,63.9,3.16,High
STU_12928,Engineering,Desktop,18,33.1,0.681,11,91.9,0.527,12,13,45.5,2.84,High
STU_12929,Data Science,Mobile,7,22.1,0.659,12,82.1,0.673,11,16,49.3,2.72,Medium
STU_12930,Business & Management,Laptop,13,30.1,0.704,10,72.1,0.79,14,9,51.5,2.95,High
STU_12931,Business & Management,Laptop,17,39.3,0.8,14,79.5,0.675,15,4,71.7,3.48,High
STU_12932,Computer Science,Laptop,11,32.5,0.632,12,55.2,0.704,14,15,38.7,2.84,Medium
STU_12933,Data Science,Tablet,16,44.3,0.824,13,83.2,0.778,18,8,51.7,2.73,High
STU_12934,Business & Management,Laptop,13,36.5,0.761,13,78.1,0.906,16,7,,4.0,High
STU_12935,Computer Science,Desktop,5,17.1,0.394,8,44.8,0.416,5,15,38.2,2.41,Low
STU_12936,Engineering,Desktop,7,22.1,0.356,6,56.8,0.31,8,19,22.9,3.17,Low
STU_12937,Business & Management,Laptop,10,27.4,0.781,13,80.2,0.734,14,13,37.7,2.99,High
STU_12938,Humanities & Social Sciences,Laptop,16,42.1,0.938,18,98.1,0.69,17,2,76.5,3.35,High
STU_12939,Computer Science,Laptop,8,18.1,0.376,7,44.6,0.448,9,16,10.2,2.93,Low
STU_12940,Computer Science,Laptop,10,27.5,0.522,10,55.4,0.428,14,14,30.2,2.84,Medium
STU_12941,Business & Management,Laptop,14,31.1,0.82,11,70.1,0.603,15,16,78.2,3.24,High
STU_12942,Computer Science,Laptop,1,10.6,0.329,3,46.3,0.444,3,22,5.0,2.05,Low
STU_12943,Business & Management,Mobile,12,34.0,0.782,10,85.0,0.682,13,16,45.5,2.93,Medium
STU_12944,Engineering,Tablet,14,23.6,0.545,7,67.7,0.46,8,19,27.2,3.06,Medium
STU_12945,Computer Science,Laptop,9,29.8,0.808,9,47.4,0.527,16,15,18.7,2.58,Medium
STU_12946,Data Science,Laptop,8,12.2,0.311,6,43.4,0.372,6,18,11.6,2.11,Low
STU_12947,Data Science,Laptop,8,26.4,0.431,6,41.8,0.445,6,25,36.8,3.11,Low
STU_12948,Data Science,Desktop,11,24.1,0.711,8,56.2,0.88,14,12,57.6,2.91,Medium
STU_12949,Humanities & Social Sciences,Mobile,7,32.8,0.68,8,68.7,0.58,10,14,56.3,2.4,Medium
STU_12950,Engineering,Laptop,9,20.4,0.607,7,59.7,0.554,9,16,32.7,2.85,Medium
STU_12951,Business & Management,Laptop,14,29.4,0.661,14,79.5,0.53,13,17,22.2,2.87,Medium
STU_12952,Business & Management,Mobile,12,31.4,0.749,12,58.1,0.68,14,16,52.6,3.24,Medium
STU_12953,Data Science,Desktop,11,25.8,0.686,8,66.0,0.664,12,14,63.0,2.96,Medium
STU_12954,Humanities & Social Sciences,Laptop,9,18.8,0.463,7,48.3,0.342,6,17,49.1,2.14,Low
STU_12955,Business & Management,Desktop,7,18.6,0.463,7,64.6,0.456,5,24,39.3,2.45,Low
STU_12956,Business & Management,Laptop,10,37.7,0.723,15,66.2,0.742,17,5,39.7,3.61,High
STU_12957,Engineering,Laptop,12,27.4,0.688,11,69.2,0.405,14,10,45.4,2.83,Medium
STU_12958,Computer Science,Mobile,16,46.0,0.62,11,57.0,0.746,15,7,53.2,2.8,High
STU_12959,Engineering,Mobile,9,28.3,0.592,8,73.6,0.587,9,14,44.4,2.69,Medium
STU_12960,Computer Science,Laptop,1,22.4,0.435,4,71.7,0.486,9,20,11.9,2.48,Low
STU_12961,Data Science,Tablet,9,17.8,0.67,5,49.5,0.407,6,16,58.6,2.47,Medium
STU_12962,Data Science,Laptop,14,32.7,0.716,12,66.1,0.966,14,9,71.0,3.58,High
STU_12963,Humanities & Social Sciences,Mobile,2,16.5,0.385,6,56.4,0.387,7,19,31.8,2.58,Low
STU_12964,Engineering,Desktop,8,35.2,0.685,12,61.4,0.354,13,11,51.1,3.53,Medium
STU_12965,Business & Management,Mobile,14,25.3,0.706,8,77.3,0.679,11,9,41.4,3.04,High
STU_12966,Business & Management,Mobile,4,10.0,0.383,7,54.4,0.381,4,14,42.2,2.48,Low
STU_12967,Business & Management,Laptop,8,26.6,0.427,10,73.0,0.408,11,18,27.0,3.43,Medium
STU_12968,Humanities & Social Sciences,Tablet,14,35.9,0.712,12,63.2,0.686,14,8,55.9,3.29,High
STU_12969,Data Science,Mobile,9,23.5,0.633,11,51.5,0.578,10,11,33.7,2.78,Medium
STU_12970,Data Science,Mobile,5,7.4,0.179,5,50.8,0.28,4,16,23.8,1.99,Low
STU_12971,Computer Science,Laptop,16,46.8,0.818,11,95.2,0.821,17,6,77.1,3.18,High
STU_12972,Engineering,Mobile,7,26.2,0.631,7,53.5,0.593,10,16,33.6,2.66,Medium
STU_12973,Business & Management,Mobile,2,1.5,0.05,4,46.3,0.276,6,22,19.8,2.0,Low
STU_12974,Data Science,Laptop,16,31.8,0.822,15,69.6,0.655,15,9,56.1,2.66,High
STU_12975,Computer Science,Tablet,9,19.6,0.491,9,67.4,0.547,19,10,27.6,2.64,Medium
STU_12976,Engineering,Laptop,10,28.2,0.462,9,54.6,0.403,9,15,,1.99,Medium
STU_12977,Computer Science,Laptop,15,28.5,0.549,10,65.9,0.619,10,12,35.8,3.23,Medium
STU_12978,Business & Management,Desktop,15,37.7,0.677,10,81.4,0.719,15,6,30.9,2.56,High
STU_12979,Humanities & Social Sciences,Desktop,18,34.4,0.912,14,67.2,0.778,18,2,60.2,3.47,High
STU_12980,Data Science,Desktop,8,22.0,0.517,8,63.3,0.449,8,14,37.3,2.69,Medium
STU_12981,Computer Science,Laptop,9,27.9,0.432,9,55.9,0.395,8,12,19.7,3.09,Medium
STU_12982,Business & Management,Tablet,6,23.1,0.347,9,61.8,0.395,9,19,26.5,2.55,Low
STU_12983,Engineering,Laptop,20,45.6,0.92,16,86.8,0.777,24,6,64.5,3.54,High
STU_12984,Data Science,Laptop,12,40.7,0.588,10,65.5,0.558,21,12,59.8,3.15,Medium
STU_12985,Humanities & Social Sciences,Laptop,10,25.8,0.462,8,59.5,0.415,10,16,60.2,2.58,Medium
STU_12986,Computer Science,Desktop,9,25.9,0.451,7,42.0,0.641,10,11,42.0,2.51,Medium
STU_12987,Data Science,Tablet,7,17.4,0.315,7,61.4,0.516,9,20,14.7,2.55,Low
STU_12988,Business & Management,Desktop,24,39.4,1.0,19,98.8,1.0,20,8,53.9,3.41,High
STU_12989,Engineering,Mobile,9,22.9,0.54,12,58.9,0.607,20,14,44.4,3.05,Medium
STU_12990,Computer Science,Laptop,7,21.8,0.258,9,57.5,0.572,10,16,31.0,2.38,Medium
STU_12991,Engineering,Desktop,17,37.7,0.728,10,91.4,0.764,17,5,59.2,3.63,High
STU_12992,Business & Management,Desktop,8,15.5,0.509,5,43.4,0.675,9,16,48.4,2.84,Medium
STU_12993,Data Science,Desktop,11,26.5,0.735,14,72.9,0.642,13,10,,3.03,Medium
STU_12994,Computer Science,Laptop,5,16.9,0.37,10,69.7,0.552,10,20,61.9,2.06,Medium
STU_12995,Engineering,Desktop,11,26.6,0.658,8,55.1,0.56,9,16,21.0,3.0,Medium
STU_12996,Computer Science,Desktop,12,26.2,0.657,9,58.8,0.765,10,13,49.9,3.44,Medium
STU_12997,Data Science,Mobile,10,26.0,0.505,9,75.6,0.533,10,13,23.3,2.71,Medium
STU_12998,Computer Science,Desktop,10,15.8,0.294,8,46.5,0.594,13,16,24.4,2.85,Medium
STU_12999,Engineering,Laptop,11,38.2,0.757,10,84.5,0.753,18,7,69.2,3.29,High
